geometry,proposer,invalid_query_index,at_risk,escapes,h_t,q_invalid,baseline_epsilon,baseline_q_invalid
structured,random,1,10000,479,0.0479,0.047900000000000054,0.0497185364,0.04971853640000001
structured,random,2,9521,526,0.05524629765780906,0.10050000000000003,0.0497185364,0.09696513993824185
structured,random,3,8995,466,0.05180655919955531,0.14710000000000012,0.0497185364,0.14186271149869134
structured,random,4,8529,401,0.047016062844413176,0.18720000000000014,0.0497185364,0.18452804151324098
structured,random,5,8128,416,0.051181102362204724,0.22880000000000011,0.0497185364,0.22507211376444425
structured,random,6,7712,399,0.051737551867219914,0.26870000000000016,0.0497185364,0.2636003940836218
structured,random,7,7313,388,0.053056201285382194,0.3075000000000002,0.0497185364,0.3002131046953208
structured,random,8,6925,349,0.0503971119133574,0.34240000000000015,0.0497185364,0.3350054849217695
structured,random,9,6576,332,0.05048661800486618,0.37560000000000016,0.0497185364,0.3680680389254869
structured,random,10,6244,328,0.05253042921204356,0.4084000000000001,0.0497185364,0.3994867711344935
structured,random,11,5916,312,0.05273833671399594,0.4396000000000001,0.0497185364,0.42934340996252474
structured,random,12,5604,265,0.0472876516773733,0.46610000000000007,0.0497185364,0.45771562040620284
structured,random,13,5339,289,0.05412998688893051,0.4950000000000001,0.0497185364,0.48467720607218845
structured,random,14,5050,260,0.05148514851485148,0.5210000000000001,0.0497185364,0.5102983011598381
structured,random,15,4790,246,0.05135699373695198,0.5456000000000001,0.0497185364,0.5346455528987645
structured,random,16,4544,219,0.048195422535211266,0.5675000000000001,0.0497185364,0.5577822949158691
structured,random,17,4325,220,0.05086705202312139,0.5895000000000001,0.0497185364,0.579768711982819
structured,random,18,4105,219,0.053349573690621196,0.6114,0.0497185364,0.6006619965725201
structured,random,19,3886,193,0.049665465774575396,0.6307,0.0497185364,0.6205164976318326
structured,random,20,3693,223,0.060384511237476304,0.653,0.0497185364,0.6393838619575238
structured,random,21,3470,169,0.048703170028818445,0.6698999999999999,0.0497185364,0.6573131685432161
structured,random,22,3301,181,0.054831869130566493,0.688,0.0497185364,0.6743510562468009
structured,random,23,3120,138,0.04423076923076923,0.7018,0.0497185364,0.6905418451104158
structured,random,24,2982,162,0.05432595573440644,0.718,0.0497185364,0.7059276516485704
structured,random,25,2820,144,0.05106382978723404,0.7323999999999999,0.0497185364,0.7205484984043145
structured,random,26,2676,145,0.054185351270553066,0.7468999999999999,0.0497185364,0.7344424180584342
structured,random,27,2531,130,0.05136309758988542,0.7599,0.0497185364,0.747645552362492
structured,random,28,2401,120,0.04997917534360683,0.7719,0.0497185364,0.7601922461530592
structured,random,29,2281,113,0.049539675580885574,0.7832,0.0497185364,0.7721151366917007
structured,random,30,2168,124,0.05719557195571956,0.7956,0.0497185364,0.7834452385631034
structured,random,31,2044,100,0.04892367906066536,0.8056,0.0497185364,0.7942120243521971
structured,random,32,1944,86,0.044238683127572016,0.8142,0.0497185364,0.8044435013101247
structured,random,33,1858,97,0.052206673842841764,0.8239,0.0497185364,0.8141662842084938
structured,random,34,1761,92,0.05224304372515616,0.8331,0.0497185364,0.8234056645714211
structured,random,35,1669,66,0.039544637507489516,0.8397,0.0497185364,0.8321856764654607
structured,random,36,1603,106,0.066126013724267,0.8503,0.0497185364,0.840529159018554
structured,random,37,1497,64,0.04275217100868404,0.8567,0.0497185364,0.8484578158306286
structured,random,38,1433,73,0.050942079553384506,0.864,0.0497185364,0.855992271430389
structured,random,39,1360,62,0.045588235294117645,0.8702,0.0497185364,0.8631521249251586
structured,random,40,1298,56,0.04314329738058552,0.8757999999999999,0.0497185364,0.8699560009833297
structured,random,41,1242,79,0.06360708534621579,0.8836999999999999,0.0497185364,0.8764215982820416
structured,random,42,1163,58,0.04987102321582115,0.8895,0.0497185364,0.8825657355461097
structured,random,43,1105,53,0.04796380090497738,0.8947999999999999,0.0497185364,0.8884043952979678
structured,random,44,1052,58,0.055133079847908745,0.9006,0.0497185364,0.8939527654324257
structured,random,45,994,61,0.0613682092555332,0.9067,0.0497185364,0.8992252787243931
structured,random,46,933,46,0.04930332261521972,0.9113,0.0497185364,0.9042356503723341
structured,random,47,887,38,0.04284103720405862,0.9151,0.0497185364,0.9089969136751196
structured,random,48,849,46,0.05418138987043581,0.9197,0.0497185364,0.9135214539350754
structured,random,49,803,42,0.052303860523038606,0.9238999999999999,0.0497185364,0.9178210406754235
structured,random,50,761,37,0.04862023653088042,0.9276,0.0497185364,0.9219068582559166
structured,random,51,724,35,0.04834254143646409,0.9311,0.0497185364,0.9257895349663101
structured,random,52,689,40,0.05805515239477504,0.9351,0.0497185364,0.9294791706733486
structured,random,53,649,38,0.05855161787365177,0.9389,0.0497185364,0.9329853630931839
structured,random,54,611,30,0.049099836333878884,0.9419,0.0497185364,0.9363172327575682
structured,random,55,581,31,0.05335628227194492,0.945,0.0497185364,0.9394834467387638
structured,random,56,550,28,0.05090909090909091,0.9478,0.0497185364,0.9424922411948851
structured,random,57,522,24,0.04597701149425287,0.9501999999999999,0.0497185364,0.9453514427943196
structured,random,58,498,32,0.0642570281124498,0.9534,0.0497185364,0.9480684890749578
structured,random,59,466,30,0.06437768240343347,0.9564,0.0497185364,0.9506504477911915
structured,random,60,436,19,0.04357798165137615,0.9582999999999999,0.0497185364,0.9531040352990088
structured,random,61,417,25,0.05995203836930456,0.9608,0.0497185364,0.9554356340270082
structured,random,62,392,20,0.05102040816326531,0.9628,0.0497185364,0.9576513090787793
structured,random,63,372,22,0.05913978494623656,0.965,0.0497185364,0.9597568240098383
structured,random,64,350,22,0.06285714285714286,0.9672,0.0497185364,0.9617576558201568
structured,random,65,328,12,0.036585365853658534,0.9684,0.0497185364,0.9636590092012837
structured,random,66,316,17,0.05379746835443038,0.9701,0.0497185364,0.9654658300751217
structured,random,67,299,17,0.056856187290969896,0.9718,0.0497185364,0.9671828184595755
structured,random,68,282,16,0.05673758865248227,0.9734,0.0497185364,0.9688144406945386
structured,random,69,266,19,0.07142857142857142,0.9753,0.0497185364,0.9703649410600215
structured,random,70,247,13,0.05263157894736842,0.9766,0.0497185364,0.971838352816645
structured,random,71,234,9,0.038461538461538464,0.9775,0.0497185364,0.9732385086972145
structured,random,72,225,7,0.03111111111111111,0.9782,0.0497185364,0.9745690508766703
structured,random,73,218,14,0.06422018348623854,0.9796,0.0497185364,0.9758334404463452
structured,random,74,204,13,0.06372549019607843,0.9809,0.0497185364,0.9770349664171764
structured,random,75,191,9,0.04712041884816754,0.9818,0.0497185364,0.9781767542752912
structured,random,76,182,7,0.038461538461538464,0.9825,0.0497185364,0.9792617741122213
structured,random,77,175,11,0.06285714285714286,0.9836,0.0497185364,0.9802928483508943
structured,random,78,164,8,0.04878048780487805,0.9843999999999999,0.0497185364,0.9812726590875006
structured,random,79,156,7,0.04487179487179487,0.9851,0.0497185364,0.9822037550683339
structured,random,80,149,7,0.04697986577181208,0.9858,0.0497185364,0.9830885583197523
structured,random,81,142,9,0.06338028169014084,0.9867,0.0497185364,0.9839293704485081
structured,random,82,133,4,0.03007518796992481,0.9871,0.0497185364,0.9847283786288349
structured,random,83,129,10,0.07751937984496124,0.9881,0.0497185364,0.9854876612918642
structured,random,84,119,9,0.07563025210084033,0.989,0.0497185364,0.9862091935321737
structured,random,85,110,2,0.01818181818181818,0.9892,0.0497185364,0.9868948522455298
structured,random,86,108,4,0.037037037037037035,0.9896,0.0497185364,0.9875464210111877
structured,random,87,104,3,0.028846153846153848,0.9899,0.0497185364,0.9881655947314533
structured,random,88,101,5,0.04950495049504951,0.9904,0.0497185364,0.9887539840405699
structured,random,89,96,3,0.03125,0.9907,0.0497185364,0.9893131194944038
structured,random,90,93,5,0.053763440860215055,0.9912,0.0497185364,0.9898444555518238
structured,random,91,88,3,0.03409090909090909,0.9915,0.0497185364,0.9903493743581322
structured,random,92,85,3,0.03529411764705882,0.9918,0.0497185364,0.9908291893403902
structured,random,93,82,3,0.036585365853658534,0.9921,0.0497185364,0.9912851486239875
structured,random,94,79,3,0.0379746835443038,0.9924,0.0497185364,0.9917184382793464
structured,random,95,76,5,0.06578947368421052,0.9929,0.0497185364,0.9921301854072035
structured,random,96,71,4,0.056338028169014086,0.9933,0.0497185364,0.9925214610704968
structured,random,97,67,6,0.08955223880597014,0.9939,0.0497185364,0.9928932830804821
structured,random,98,61,8,0.13114754098360656,0.9947,0.0497185364,0.9932466186443296
structured,random,99,53,1,0.018867924528301886,0.9948,0.0497185364,0.9935823868810846
structured,random,100,52,3,0.057692307692307696,0.9951,0.0497185364,0.9939014612125385
structured,random,101,49,2,0.04081632653061224,0.9953,0.0497185364,0.9942046716352297
structured,random,102,47,2,0.0425531914893617,0.9955,0.0497185364,0.9944928068794835
structured,random,103,45,2,0.044444444444444446,0.9957,0.0497185364,0.9947666164611078
structured,random,104,43,2,0.046511627906976744,0.9959,0.0497185364,0.9950268126310813
structured,random,105,41,1,0.024390243902439025,0.996,0.0497185364,0.9952740722283069
structured,random,106,40,1,0.025,0.9961,0.0497185364,0.9955090384402476
structured,random,107,39,3,0.07692307692307693,0.9964,0.0497185364,0.9957323224760272
structured,random,108,36,1,0.027777777777777776,0.9964999999999999,0.0497185364,0.9959445051563462
structured,random,109,35,3,0.08571428571428572,0.9968,0.0497185364,0.9961461384243505
structured,random,110,32,0,0.0,0.9968,0.0497185364,0.99633774678138
structured,random,111,32,4,0.125,0.9972,0.0497185364,0.9965198286513359
structured,random,112,27,1,0.037037037037037035,0.9973037037037037,0.0497185364,0.9966928576772127
structured,random,113,26,1,0.038461538461538464,0.9974074074074074,0.0497185364,0.9968572839531682
structured,random,114,25,3,0.12,0.9977185185185186,0.0497185364,0.9970135351953375
structured,random,115,22,0,0.0,0.9977185185185186,0.0497185364,0.9971620178544354
structured,random,116,21,3,0.14285714285714285,0.9980444444444444,0.0497185364,0.9973031181730422
structured,random,117,18,1,0.05555555555555555,0.9981530864197531,0.0497185364,0.9974372031903224
structured,random,118,16,0,0.0,0.9981530864197531,0.0497185364,0.99756462169679
structured,random,119,16,1,0.0625,0.9982685185185185,0.0497185364,0.997685705141606
structured,random,120,14,1,0.07142857142857142,0.9983921957671957,0.0497185364,0.9978007684947634
structured,random,121,12,1,0.08333333333333333,0.9985261794532628,0.0497185364,0.9979101110664085
structured,random,122,10,0,0.0,0.9985261794532628,0.0497185364,0.9980140172854253
structured,random,123,10,0,0.0,0.9985261794532628,0.0497185364,0.9981127574393096
structured,random,124,10,1,0.1,0.9986735615079365,0.0497185364,0.998206588377259
structured,random,125,8,0,0.0,0.9986735615079365,0.0497185364,0.9982957541783044
structured,random,126,8,2,0.25,0.9990051711309523,0.0497185364,0.9983804867862249
structured,random,127,6,0,0.0,0.9990051711309523,0.0497185364,0.9984610066128943
structured,random,128,5,0,0.0,0.9990051711309523,0.0497185364,0.9985375231116305
structured,random,129,5,0,0.0,0.9990051711309523,0.0497185364,0.998610235322039
structured,random,130,3,0,0.0,0.9990051711309523,0.0497185364,0.9986793323877676
structured,random,131,3,1,0.3333333333333333,0.9993367807539683,0.0497185364,0.9987449940485187
structured,random,132,2,0,0.0,0.9993367807539683,0.0497185364,0.9988073911075996
structured,random,133,2,1,0.5,0.9996683903769841,0.0497185364,0.9988666858762274
structured,random,134,1,0,0.0,0.9996683903769841,0.0497185364,0.9989230325957428
structured,random,135,1,0,0.0,0.9996683903769841,0.0497185364,0.998976577838833
structured,nonadaptive,1,10000,0,0.0,0.0,0.0497185364,0.04971853640000001
structured,nonadaptive,2,10000,0,0.0,0.0,0.0497185364,0.09696513993824185
structured,nonadaptive,3,10000,0,0.0,0.0,0.0497185364,0.14186271149869134
structured,nonadaptive,4,10000,0,0.0,0.0,0.0497185364,0.18452804151324098
structured,nonadaptive,5,10000,0,0.0,0.0,0.0497185364,0.22507211376444425
structured,nonadaptive,6,10000,0,0.0,0.0,0.0497185364,0.2636003940836218
structured,nonadaptive,7,10000,0,0.0,0.0,0.0497185364,0.3002131046953208
structured,nonadaptive,8,10000,0,0.0,0.0,0.0497185364,0.3350054849217695
structured,nonadaptive,9,10000,0,0.0,0.0,0.0497185364,0.3680680389254869
structured,nonadaptive,10,10000,0,0.0,0.0,0.0497185364,0.3994867711344935
structured,nonadaptive,11,10000,0,0.0,0.0,0.0497185364,0.42934340996252474
structured,nonadaptive,12,10000,0,0.0,0.0,0.0497185364,0.45771562040620284
structured,nonadaptive,13,10000,0,0.0,0.0,0.0497185364,0.48467720607218845
structured,nonadaptive,14,10000,0,0.0,0.0,0.0497185364,0.5102983011598381
structured,nonadaptive,15,10000,0,0.0,0.0,0.0497185364,0.5346455528987645
structured,nonadaptive,16,10000,0,0.0,0.0,0.0497185364,0.5577822949158691
structured,nonadaptive,17,10000,0,0.0,0.0,0.0497185364,0.579768711982819
structured,nonadaptive,18,10000,0,0.0,0.0,0.0497185364,0.6006619965725201
structured,nonadaptive,19,10000,0,0.0,0.0,0.0497185364,0.6205164976318326
structured,nonadaptive,20,10000,0,0.0,0.0,0.0497185364,0.6393838619575238
structured,nonadaptive,21,10000,0,0.0,0.0,0.0497185364,0.6573131685432161
structured,nonadaptive,22,10000,0,0.0,0.0,0.0497185364,0.6743510562468009
structured,nonadaptive,23,10000,0,0.0,0.0,0.0497185364,0.6905418451104158
structured,nonadaptive,24,10000,0,0.0,0.0,0.0497185364,0.7059276516485704
structured,nonadaptive,25,10000,0,0.0,0.0,0.0497185364,0.7205484984043145
structured,nonadaptive,26,10000,0,0.0,0.0,0.0497185364,0.7344424180584342
structured,nonadaptive,27,10000,0,0.0,0.0,0.0497185364,0.747645552362492
structured,nonadaptive,28,10000,0,0.0,0.0,0.0497185364,0.7601922461530592
structured,nonadaptive,29,10000,0,0.0,0.0,0.0497185364,0.7721151366917007
structured,nonadaptive,30,10000,0,0.0,0.0,0.0497185364,0.7834452385631034
structured,nonadaptive,31,10000,0,0.0,0.0,0.0497185364,0.7942120243521971
structured,nonadaptive,32,10000,0,0.0,0.0,0.0497185364,0.8044435013101247
structured,nonadaptive,33,10000,0,0.0,0.0,0.0497185364,0.8141662842084938
structured,nonadaptive,34,10000,0,0.0,0.0,0.0497185364,0.8234056645714211
structured,nonadaptive,35,10000,0,0.0,0.0,0.0497185364,0.8321856764654607
structured,nonadaptive,36,10000,0,0.0,0.0,0.0497185364,0.840529159018554
structured,nonadaptive,37,10000,0,0.0,0.0,0.0497185364,0.8484578158306286
structured,nonadaptive,38,10000,0,0.0,0.0,0.0497185364,0.855992271430389
structured,nonadaptive,39,10000,0,0.0,0.0,0.0497185364,0.8631521249251586
structured,nonadaptive,40,10000,0,0.0,0.0,0.0497185364,0.8699560009833297
structured,nonadaptive,41,10000,0,0.0,0.0,0.0497185364,0.8764215982820416
structured,nonadaptive,42,10000,0,0.0,0.0,0.0497185364,0.8825657355461097
structured,nonadaptive,43,10000,0,0.0,0.0,0.0497185364,0.8884043952979678
structured,nonadaptive,44,10000,0,0.0,0.0,0.0497185364,0.8939527654324257
structured,nonadaptive,45,10000,0,0.0,0.0,0.0497185364,0.8992252787243931
structured,nonadaptive,46,10000,0,0.0,0.0,0.0497185364,0.9042356503723341
structured,nonadaptive,47,10000,0,0.0,0.0,0.0497185364,0.9089969136751196
structured,nonadaptive,48,10000,0,0.0,0.0,0.0497185364,0.9135214539350754
structured,nonadaptive,49,10000,0,0.0,0.0,0.0497185364,0.9178210406754235
structured,nonadaptive,50,10000,0,0.0,0.0,0.0497185364,0.9219068582559166
structured,nonadaptive,51,10000,0,0.0,0.0,0.0497185364,0.9257895349663101
structured,nonadaptive,52,10000,0,0.0,0.0,0.0497185364,0.9294791706733486
structured,nonadaptive,53,10000,0,0.0,0.0,0.0497185364,0.9329853630931839
structured,nonadaptive,54,10000,0,0.0,0.0,0.0497185364,0.9363172327575682
structured,nonadaptive,55,10000,0,0.0,0.0,0.0497185364,0.9394834467387638
structured,nonadaptive,56,10000,0,0.0,0.0,0.0497185364,0.9424922411948851
structured,nonadaptive,57,10000,0,0.0,0.0,0.0497185364,0.9453514427943196
structured,nonadaptive,58,10000,0,0.0,0.0,0.0497185364,0.9480684890749578
structured,nonadaptive,59,10000,0,0.0,0.0,0.0497185364,0.9506504477911915
structured,nonadaptive,60,10000,0,0.0,0.0,0.0497185364,0.9531040352990088
structured,nonadaptive,61,10000,0,0.0,0.0,0.0497185364,0.9554356340270082
structured,nonadaptive,62,10000,1,0.0001,9.999999999998899e-05,0.0497185364,0.9576513090787793
structured,nonadaptive,63,9999,1,0.00010001000100010001,0.00019999999999997797,0.0497185364,0.9597568240098383
structured,nonadaptive,64,9998,1,0.00010002000400080016,0.00029999999999996696,0.0497185364,0.9617576558201568
structured,nonadaptive,65,9997,0,0.0,0.00029999999999996696,0.0497185364,0.9636590092012837
structured,nonadaptive,66,9997,2,0.00020006001800540162,0.0004999999999999449,0.0497185364,0.9654658300751217
structured,nonadaptive,67,9995,8,0.0008004002001000501,0.0012999999999999678,0.0497185364,0.9671828184595755
structured,nonadaptive,68,9987,11,0.0011014318614198458,0.0023999999999999577,0.0497185364,0.9688144406945386
structured,nonadaptive,69,9976,10,0.0010024057738572574,0.0033999999999999586,0.0497185364,0.9703649410600215
structured,nonadaptive,70,9966,10,0.0010034115994380895,0.0043999999999999595,0.0497185364,0.971838352816645
structured,nonadaptive,71,9956,29,0.0029128163921253516,0.007299999999999973,0.0497185364,0.9732385086972145
structured,nonadaptive,72,9927,28,0.0028205903092575805,0.010099999999999998,0.0497185364,0.9745690508766703
structured,nonadaptive,73,9899,32,0.003232649762602283,0.013299999999999979,0.0497185364,0.9758334404463452
structured,nonadaptive,74,9867,55,0.005574136008918618,0.01880000000000004,0.0497185364,0.9770349664171764
structured,nonadaptive,75,9812,55,0.005605381165919282,0.02429999999999999,0.0497185364,0.9781767542752912
structured,nonadaptive,76,9757,63,0.006456902736496874,0.03060000000000007,0.0497185364,0.9792617741122213
structured,nonadaptive,77,9694,95,0.009799876212089952,0.040100000000000136,0.0497185364,0.9802928483508943
structured,nonadaptive,78,9599,109,0.011355349515574539,0.051000000000000045,0.0497185364,0.9812726590875006
structured,nonadaptive,79,9490,156,0.01643835616438356,0.0666000000000001,0.0497185364,0.9822037550683339
structured,nonadaptive,80,9334,152,0.016284551103492608,0.0818000000000001,0.0497185364,0.9830885583197523
structured,nonadaptive,81,9182,190,0.020692659551296014,0.10080000000000011,0.0497185364,0.9839293704485081
structured,nonadaptive,82,8992,217,0.02413256227758007,0.12250000000000016,0.0497185364,0.9847283786288349
structured,nonadaptive,83,8775,245,0.02792022792022792,0.14700000000000024,0.0497185364,0.9854876612918642
structured,nonadaptive,84,8530,280,0.032825322391559206,0.17500000000000027,0.0497185364,0.9862091935321737
structured,nonadaptive,85,8250,293,0.035515151515151513,0.20430000000000026,0.0497185364,0.9868948522455298
structured,nonadaptive,86,7957,348,0.043735076033681035,0.2391000000000002,0.0497185364,0.9875464210111877
structured,nonadaptive,87,7609,334,0.04389538704166119,0.2725000000000002,0.0497185364,0.9881655947314533
structured,nonadaptive,88,7275,377,0.051821305841924396,0.31020000000000014,0.0497185364,0.9887539840405699
structured,nonadaptive,89,6898,354,0.05131922296317773,0.34560000000000013,0.0497185364,0.9893131194944038
structured,nonadaptive,90,6544,408,0.06234718826405868,0.3864000000000002,0.0497185364,0.9898444555518238
structured,nonadaptive,91,6136,410,0.06681877444589308,0.4274000000000002,0.0497185364,0.9903493743581322
structured,nonadaptive,92,5726,385,0.06723716381418093,0.4659000000000002,0.0497185364,0.9908291893403902
structured,nonadaptive,93,5341,392,0.07339449541284404,0.5051000000000002,0.0497185364,0.9912851486239875
structured,nonadaptive,94,4949,411,0.0830470802182259,0.5462000000000002,0.0497185364,0.9917184382793464
structured,nonadaptive,95,4538,359,0.07910973997355664,0.5821000000000002,0.0497185364,0.9921301854072035
structured,nonadaptive,96,4179,374,0.08949509452022014,0.6195000000000002,0.0497185364,0.9925214610704968
structured,nonadaptive,97,3805,326,0.08567674113009198,0.6521000000000001,0.0497185364,0.9928932830804821
structured,nonadaptive,98,3479,314,0.0902558206381144,0.6835000000000001,0.0497185364,0.9932466186443296
structured,nonadaptive,99,3165,294,0.09289099526066351,0.7129000000000001,0.0497185364,0.9935823868810846
structured,nonadaptive,100,2871,288,0.10031347962382445,0.7417,0.0497185364,0.9939014612125385
structured,nonadaptive,101,2583,246,0.09523809523809523,0.7663000000000001,0.0497185364,0.9942046716352297
structured,nonadaptive,102,2337,276,0.11810012836970475,0.7939,0.0497185364,0.9944928068794835
structured,nonadaptive,103,2061,232,0.11256671518680253,0.8171,0.0497185364,0.9947666164611078
structured,nonadaptive,104,1829,198,0.1082558775287042,0.8369000000000001,0.0497185364,0.9950268126310813
structured,nonadaptive,105,1631,184,0.11281422440220723,0.8553000000000001,0.0497185364,0.9952740722283069
structured,nonadaptive,106,1447,189,0.13061506565307532,0.8742000000000001,0.0497185364,0.9955090384402476
structured,nonadaptive,107,1258,145,0.11526232114467408,0.8887,0.0497185364,0.9957323224760272
structured,nonadaptive,108,1113,140,0.12578616352201258,0.9027000000000001,0.0497185364,0.9959445051563462
structured,nonadaptive,109,973,124,0.12744090441932168,0.9151,0.0497185364,0.9961461384243505
structured,nonadaptive,110,849,126,0.14840989399293286,0.9277,0.0497185364,0.99633774678138
structured,nonadaptive,111,723,107,0.1479944674965422,0.9384,0.0497185364,0.9965198286513359
structured,nonadaptive,112,616,86,0.1396103896103896,0.9470000000000001,0.0497185364,0.9966928576772127
structured,nonadaptive,113,530,75,0.14150943396226415,0.9545,0.0497185364,0.9968572839531682
structured,nonadaptive,114,455,51,0.11208791208791209,0.9596,0.0497185364,0.9970135351953375
structured,nonadaptive,115,403,47,0.11662531017369727,0.9643116625310174,0.0497185364,0.9971620178544354
structured,nonadaptive,116,356,56,0.15730337078651685,0.9699255583126551,0.0497185364,0.9973031181730422
structured,nonadaptive,117,300,40,0.13333333333333333,0.9739354838709677,0.0497185364,0.9974372031903224
structured,nonadaptive,118,260,35,0.1346153846153846,0.9774441687344914,0.0497185364,0.99756462169679
structured,nonadaptive,119,224,33,0.14732142857142858,0.9807671260191422,0.0497185364,0.997685705141606
structured,nonadaptive,120,190,32,0.16842105263157894,0.9840063469001288,0.0497185364,0.9978007684947634
structured,nonadaptive,121,158,29,0.18354430379746836,0.9869418908235228,0.0497185364,0.9979101110664085
structured,nonadaptive,122,128,11,0.0859375,0.9880640720808763,0.0497185364,0.9980140172854253
structured,nonadaptive,123,115,21,0.1826086956521739,0.9902436763095859,0.0497185364,0.9981127574393096
structured,nonadaptive,124,93,16,0.17204301075268819,0.9919221836111625,0.0497185364,0.998206588377259
structured,nonadaptive,125,77,16,0.2077922077922078,0.9936006909127392,0.0497185364,0.9982957541783044
structured,nonadaptive,126,60,15,0.25,0.9952005181845544,0.0497185364,0.9983804867862249
structured,nonadaptive,127,44,11,0.25,0.9964003886384157,0.0497185364,0.9984610066128943
structured,nonadaptive,128,33,4,0.12121212121212122,0.9968367051670927,0.0497185364,0.9985375231116305
structured,nonadaptive,129,28,7,0.25,0.9976275288753195,0.0497185364,0.998610235322039
structured,nonadaptive,130,19,3,0.15789473684210525,0.9980021295792164,0.0497185364,0.9986793323877676
structured,nonadaptive,131,16,2,0.125,0.9982518633818144,0.0497185364,0.9987449940485187
structured,nonadaptive,132,14,3,0.21428571428571427,0.9986264640857113,0.0497185364,0.9988073911075996
structured,nonadaptive,133,11,3,0.2727272727272727,0.9990010647896082,0.0497185364,0.9988666858762274
structured,nonadaptive,134,8,2,0.25,0.9992507985922061,0.0497185364,0.9989230325957428
structured,nonadaptive,135,6,0,0.0,0.9992507985922061,0.0497185364,0.998976577838833
structured,nonadaptive,136,5,0,0.0,0.9992507985922061,0.0497185364,0.9990274608908055
structured,nonadaptive,137,4,1,0.25,0.9994380989441546,0.0497185364,0.9990758141119065
structured,nonadaptive,138,3,0,0.0,0.9994380989441546,0.0497185364,0.999121763281624
structured,nonadaptive,139,2,0,0.0,0.9994380989441546,0.0497185364,0.9991654279258744
structured,nonadaptive,140,2,0,0.0,0.9994380989441546,0.0497185364,0.9992069216279202
structured,nonadaptive,141,2,0,0.0,0.9994380989441546,0.0497185364,0.9992463523238305
structured,nonadaptive,142,2,1,0.5,0.9997190494720773,0.0497185364,0.999283822583251
structured,nonadaptive,143,1,0,0.0,0.9997190494720773,0.0497185364,0.9993194298762145
structured,nonadaptive,144,1,0,0.0,0.9997190494720773,0.0497185364,0.9993532668266866
structured,nonadaptive,145,1,1,1.0,1.0,0.0497185364,0.9993854214535051
structured,binary,1,10000,1034,0.1034,0.10340000000000005,0.0497185364,0.04971853640000001
structured,binary,2,8966,983,0.10963640419362035,0.2017,0.0497185364,0.09696513993824185
structured,binary,3,7983,771,0.09658023299511462,0.27880000000000005,0.0497185364,0.14186271149869134
structured,binary,4,7212,538,0.07459789240155297,0.3326000000000001,0.0497185364,0.18452804151324098
structured,binary,5,6674,362,0.054240335630806116,0.3688000000000001,0.0497185364,0.22507211376444425
structured,binary,6,6312,258,0.0408745247148289,0.39460000000000006,0.0497185364,0.2636003940836218
structured,binary,7,6054,199,0.03287082920383218,0.4145000000000001,0.0497185364,0.3002131046953208
structured,binary,8,5855,175,0.029888983774551667,0.43200000000000005,0.0497185364,0.3350054849217695
structured,binary,9,5680,134,0.023591549295774648,0.4454,0.0497185364,0.3680680389254869
structured,binary,10,5546,89,0.016047601875225387,0.45430000000000004,0.0497185364,0.3994867711344935
structured,binary,11,5457,93,0.017042330951072018,0.4636,0.0497185364,0.42934340996252474
structured,binary,12,5364,90,0.016778523489932886,0.4726,0.0497185364,0.45771562040620284
structured,binary,13,5274,78,0.01478953356086462,0.48040000000000005,0.0497185364,0.48467720607218845
structured,binary,14,5196,87,0.01674364896073903,0.4891,0.0497185364,0.5102983011598381
structured,binary,15,5109,82,0.01605010765316109,0.49729999999999996,0.0497185364,0.5346455528987645
structured,binary,16,5027,49,0.00974736423314104,0.5022,0.0497185364,0.5577822949158691
structured,binary,17,4978,69,0.013860988348734431,0.5090999999999999,0.0497185364,0.579768711982819
structured,binary,18,4909,69,0.014055815848441637,0.516,0.0497185364,0.6006619965725201
structured,binary,19,4840,50,0.010330578512396695,0.5209999999999999,0.0497185364,0.6205164976318326
structured,binary,20,4790,51,0.010647181628392484,0.5261,0.0497185364,0.6393838619575238
structured,binary,21,4739,38,0.008018569318421608,0.5298999999999999,0.0497185364,0.6573131685432161
structured,binary,22,4701,49,0.010423314188470539,0.5347999999999999,0.0497185364,0.6743510562468009
structured,binary,23,4652,37,0.007953568357695616,0.5385,0.0497185364,0.6905418451104158
structured,binary,24,4615,31,0.006717226435536294,0.5415999999999999,0.0497185364,0.7059276516485704
structured,binary,25,4584,34,0.007417102966841187,0.5449999999999999,0.0497185364,0.7205484984043145
structured,binary,26,4550,25,0.005494505494505495,0.5474999999999999,0.0497185364,0.7344424180584342
structured,binary,27,4525,37,0.008176795580110497,0.5511999999999999,0.0497185364,0.747645552362492
structured,binary,28,4488,37,0.008244206773618538,0.5549,0.0497185364,0.7601922461530592
structured,binary,29,4451,26,0.005841383958660975,0.5575,0.0497185364,0.7721151366917007
structured,binary,30,4425,38,0.008587570621468926,0.5613,0.0497185364,0.7834452385631034
structured,binary,31,4387,35,0.007978117164349213,0.5648,0.0497185364,0.7942120243521971
structured,binary,32,4352,34,0.0078125,0.5682,0.0497185364,0.8044435013101247
structured,binary,33,4318,27,0.006252894858730894,0.5709000000000001,0.0497185364,0.8141662842084938
structured,binary,34,4291,36,0.008389652761594034,0.5745,0.0497185364,0.8234056645714211
structured,binary,35,4255,26,0.006110458284371328,0.5771000000000001,0.0497185364,0.8321856764654607
structured,binary,36,4229,27,0.006384488058642705,0.5798000000000001,0.0497185364,0.840529159018554
structured,binary,37,4202,33,0.007853403141361256,0.5831000000000001,0.0497185364,0.8484578158306286
structured,binary,38,4169,30,0.007195970256656272,0.5861000000000001,0.0497185364,0.855992271430389
structured,binary,39,4139,33,0.007972940323749698,0.5894000000000001,0.0497185364,0.8631521249251586
structured,binary,40,4106,28,0.006819288845591817,0.5922000000000001,0.0497185364,0.8699560009833297
structured,binary,41,4078,36,0.008827856792545365,0.5958000000000001,0.0497185364,0.8764215982820416
structured,binary,42,4042,28,0.006927263730826323,0.5986,0.0497185364,0.8825657355461097
structured,binary,43,4014,16,0.003986048829098156,0.6002000000000001,0.0497185364,0.8884043952979678
structured,binary,44,3998,26,0.0065032516258129065,0.6028,0.0497185364,0.8939527654324257
structured,binary,45,3972,25,0.0062940584088620345,0.6053,0.0497185364,0.8992252787243931
structured,binary,46,3947,28,0.00709399543957436,0.6081,0.0497185364,0.9042356503723341
structured,binary,47,3919,26,0.006634345496300076,0.6107,0.0497185364,0.9089969136751196
structured,binary,48,3893,20,0.005137426149499101,0.6127,0.0497185364,0.9135214539350754
structured,binary,49,3873,20,0.005163955589981926,0.6147,0.0497185364,0.9178210406754235
structured,binary,50,3853,30,0.007786140669608098,0.6176999999999999,0.0497185364,0.9219068582559166
structured,binary,51,3823,22,0.005754642950562386,0.6198999999999999,0.0497185364,0.9257895349663101
structured,binary,52,3801,28,0.007366482504604052,0.6226999999999999,0.0497185364,0.9294791706733486
structured,binary,53,3773,13,0.0034455340577789558,0.6239999999999999,0.0497185364,0.9329853630931839
structured,binary,54,3760,22,0.005851063829787234,0.6261999999999999,0.0497185364,0.9363172327575682
structured,binary,55,3738,19,0.005082932049224184,0.6280999999999999,0.0497185364,0.9394834467387638
structured,binary,56,3719,15,0.004033342296316214,0.6295999999999999,0.0497185364,0.9424922411948851
structured,binary,57,3704,21,0.005669546436285098,0.6316999999999999,0.0497185364,0.9453514427943196
structured,binary,58,3683,16,0.004344284550638067,0.6333,0.0497185364,0.9480684890749578
structured,binary,59,3667,13,0.0035451322607035723,0.6345999999999998,0.0497185364,0.9506504477911915
structured,binary,60,3654,28,0.007662835249042145,0.6373999999999999,0.0497185364,0.9531040352990088
structured,binary,61,3626,34,0.009376723662437948,0.6407999999999998,0.0497185364,0.9554356340270082
structured,binary,62,3592,19,0.005289532293986637,0.6426999999999998,0.0497185364,0.9576513090787793
structured,binary,63,3573,28,0.00783655191715645,0.6455,0.0497185364,0.9597568240098383
structured,binary,64,3545,22,0.006205923836389281,0.6476999999999999,0.0497185364,0.9617576558201568
structured,binary,65,3523,19,0.005393130854385467,0.6495999999999998,0.0497185364,0.9636590092012837
structured,binary,66,3504,25,0.007134703196347032,0.6520999999999999,0.0497185364,0.9654658300751217
structured,binary,67,3479,19,0.0054613394653636104,0.6539999999999999,0.0497185364,0.9671828184595755
structured,binary,68,3460,14,0.004046242774566474,0.6553999999999999,0.0497185364,0.9688144406945386
structured,binary,69,3446,20,0.005803830528148578,0.6573999999999999,0.0497185364,0.9703649410600215
structured,binary,70,3426,15,0.0043782837127845885,0.6588999999999998,0.0497185364,0.971838352816645
structured,binary,71,3411,13,0.0038111990618586926,0.6601999999999999,0.0497185364,0.9732385086972145
structured,binary,72,3398,24,0.007062978222483814,0.6625999999999999,0.0497185364,0.9745690508766703
structured,binary,73,3374,9,0.0026674570243034974,0.6634999999999999,0.0497185364,0.9758334404463452
structured,binary,74,3365,14,0.004160475482912333,0.6648999999999998,0.0497185364,0.9770349664171764
structured,binary,75,3351,19,0.005669949268874963,0.6667999999999998,0.0497185364,0.9781767542752912
structured,binary,76,3332,17,0.00510204081632653,0.6684999999999999,0.0497185364,0.9792617741122213
structured,binary,77,3315,23,0.0069381598793363496,0.6707999999999998,0.0497185364,0.9802928483508943
structured,binary,78,3292,22,0.006682867557715674,0.6729999999999998,0.0497185364,0.9812726590875006
structured,binary,79,3270,15,0.0045871559633027525,0.6744999999999999,0.0497185364,0.9822037550683339
structured,binary,80,3255,28,0.008602150537634409,0.6772999999999998,0.0497185364,0.9830885583197523
structured,binary,81,3227,18,0.005577936163619461,0.6790999999999998,0.0497185364,0.9839293704485081
structured,binary,82,3209,22,0.006855718292302898,0.6812999999999998,0.0497185364,0.9847283786288349
structured,binary,83,3187,23,0.0072168183244430495,0.6835999999999998,0.0497185364,0.9854876612918642
structured,binary,84,3164,14,0.004424778761061947,0.6849999999999998,0.0497185364,0.9862091935321737
structured,binary,85,3150,23,0.007301587301587302,0.6872999999999998,0.0497185364,0.9868948522455298
structured,binary,86,3127,20,0.0063959066197633516,0.6892999999999998,0.0497185364,0.9875464210111877
structured,binary,87,3107,23,0.007402639201802382,0.6915999999999998,0.0497185364,0.9881655947314533
structured,binary,88,3084,18,0.005836575875486381,0.6933999999999998,0.0497185364,0.9887539840405699
structured,binary,89,3066,12,0.003913894324853229,0.6945999999999998,0.0497185364,0.9893131194944038
structured,binary,90,3054,15,0.004911591355599214,0.6960999999999997,0.0497185364,0.9898444555518238
structured,binary,91,3039,13,0.0042777229351760445,0.6973999999999998,0.0497185364,0.9903493743581322
structured,binary,92,3026,12,0.0039656311962987445,0.6985999999999999,0.0497185364,0.9908291893403902
structured,binary,93,3014,21,0.006967485069674851,0.7006999999999999,0.0497185364,0.9912851486239875
structured,binary,94,2993,11,0.0036752422318743734,0.7017999999999998,0.0497185364,0.9917184382793464
structured,binary,95,2982,10,0.00335345405767941,0.7027999999999999,0.0497185364,0.9921301854072035
structured,binary,96,2972,18,0.006056527590847914,0.7045999999999999,0.0497185364,0.9925214610704968
structured,binary,97,2954,31,0.01049424509140149,0.7076999999999998,0.0497185364,0.9928932830804821
structured,binary,98,2923,24,0.008210742387957578,0.7100999999999998,0.0497185364,0.9932466186443296
structured,binary,99,2899,12,0.004139358399448086,0.7112999999999998,0.0497185364,0.9935823868810846
structured,binary,100,2887,11,0.0038101835815725666,0.7123999999999999,0.0497185364,0.9939014612125385
structured,binary,101,2876,17,0.005910987482614743,0.7140999999999998,0.0497185364,0.9942046716352297
structured,binary,102,2859,17,0.005946135012242042,0.7157999999999998,0.0497185364,0.9944928068794835
structured,binary,103,2842,10,0.003518648838845883,0.7167999999999999,0.0497185364,0.9947666164611078
structured,binary,104,2832,14,0.0049435028248587575,0.7181999999999998,0.0497185364,0.9950268126310813
structured,binary,105,2818,13,0.0046132008516678496,0.7194999999999998,0.0497185364,0.9952740722283069
structured,binary,106,2805,12,0.0042780748663101605,0.7206999999999999,0.0497185364,0.9955090384402476
structured,binary,107,2793,9,0.00322234156820623,0.7215999999999998,0.0497185364,0.9957323224760272
structured,binary,108,2784,15,0.005387931034482759,0.7230999999999999,0.0497185364,0.9959445051563462
structured,binary,109,2769,17,0.0061394005055976884,0.7247999999999999,0.0497185364,0.9961461384243505
structured,binary,110,2752,9,0.0032703488372093025,0.7256999999999998,0.0497185364,0.99633774678138
structured,binary,111,2742,10,0.0036469730123997084,0.7267003646973011,0.0497185364,0.9965198286513359
structured,binary,112,2732,12,0.004392386530014641,0.7279008023340625,0.0497185364,0.9966928576772127
structured,binary,113,2720,21,0.007720588235294118,0.7300015681983951,0.0497185364,0.9968572839531682
structured,binary,114,2699,17,0.006298629121896999,0.7317021881838073,0.0497185364,0.9970135351953375
structured,binary,115,2681,15,0.005594927265945543,0.7332032949265312,0.0497185364,0.9971620178544354
structured,binary,116,2664,12,0.0045045045045045045,0.7344050818863217,0.0497185364,0.9973031181730422
structured,binary,117,2651,14,0.005281026027913994,0.7358076955617616,0.0497185364,0.9974372031903224
structured,binary,118,2636,8,0.0030349013657056147,0.7366094931473102,0.0497185364,0.99756462169679
structured,binary,119,2628,16,0.0060882800608828,0.7382130883184073,0.0497185364,0.997685705141606
structured,binary,120,2612,10,0.0038284839203675345,0.7392153353003429,0.0497185364,0.9978007684947634
structured,binary,121,2601,9,0.0034602076124567475,0.7401177043823486,0.0497185364,0.9979101110664085
structured,binary,122,2585,17,0.0065764023210831725,0.741826794914457,0.0497185364,0.9980140172854253
structured,binary,123,2566,13,0.005066250974279034,0.7431347651662543,0.0497185364,0.9981127574393096
structured,binary,124,2544,12,0.0047169811320754715,0.7443463936324513,0.0497185364,0.998206588377259
structured,binary,125,2524,13,0.005150554675118859,0.7456631515099386,0.0497185364,0.9982957541783044
structured,binary,126,2503,14,0.005593288054334798,0.7470857307663752,0.0497185364,0.9983804867862249
structured,binary,127,2480,13,0.005241935483870968,0.7484114910486483,0.0497185364,0.9984610066128943
structured,binary,128,2458,18,0.007323026851098454,0.7502538804551269,0.0497185364,0.9985375231116305
structured,binary,129,2426,11,0.004534212695795548,0.7513862824810928,0.0497185364,0.998610235322039
structured,binary,130,2402,16,0.006661115736885929,0.7530423272272638,0.0497185364,0.9986793323877676
structured,binary,131,2362,11,0.0046570702794242165,0.7541924264654095,0.0497185364,0.9987449940485187
structured,binary,132,2328,15,0.006443298969072165,0.7557762381505551,0.0497185364,0.9988073911075996
structured,binary,133,2296,10,0.004355400696864111,0.7568399304931048,0.0497185364,0.9988666858762274
structured,binary,134,2268,14,0.006172839506172839,0.7583409185764808,0.0497185364,0.9989230325957428
structured,binary,135,2234,15,0.006714413607878245,0.7599635176012582,0.0497185364,0.998976577838833
structured,binary,136,2188,12,0.005484460694698354,0.7612799882542678,0.0497185364,0.9990274608908055
structured,binary,137,2158,13,0.006024096385542169,0.7627180606141818,0.0497185364,0.9990758141119065
structured,binary,138,2127,15,0.007052186177715092,0.7643914170273399,0.0497185364,0.999121763281624
structured,binary,139,2088,8,0.0038314176245210726,0.7652941319046298,0.0497185364,0.9991654279258744
structured,binary,140,2062,15,0.0072744907856450046,0.7670014975794264,0.0497185364,0.9992069216279202
structured,binary,141,2033,16,0.007870142646335464,0.7688352290298588,0.0497185364,0.9992463523238305
structured,binary,142,1998,8,0.004004004004004004,0.769760813698408,0.0497185364,0.999283822583251
structured,binary,143,1962,8,0.004077471967380225,0.7706996075263451,0.0497185364,0.9993194298762145
structured,binary,144,1926,12,0.006230529595015576,0.772128270407801,0.0497185364,0.9993532668266866
structured,binary,145,1893,14,0.007395668251452721,0.7738135341237495,0.0497185364,0.9993854214535051
structured,binary,146,1853,6,0.0032379924446842958,0.7745459241913467,0.0497185364,0.9994159773993396
structured,binary,147,1817,3,0.001651073197578426,0.7749181653731991,0.0497185364,0.999445014148269
structured,binary,148,1789,6,0.003353828954723309,0.7756730513473528,0.0497185364,0.9994726072325398
structured,binary,149,1756,5,0.0028473804100227792,0.7763117955063865,0.0497185364,0.9994988284290458
structured,binary,150,1727,9,0.0052113491603937466,0.7774775128430643,0.0497185364,0.999523745946039
structured,binary,151,1685,6,0.0035608308605341245,0.7782698777824956,0.0497185364,0.9995474246005565
structured,binary,152,1649,5,0.0030321406913280777,0.7789421947085644,0.0497185364,0.9995699259870274
structured,binary,153,1596,10,0.006265664160401002,0.7803272686765559,0.0497185364,0.9995913086374961
structured,binary,154,1528,8,0.005235602094240838,0.7814773876887204,0.0497185364,0.9996116281738792
structured,binary,155,1470,8,0.005442176870748299,0.7826666263951764,0.0497185364,0.9996309374526529
structured,binary,156,1394,6,0.00430416068866571,0.7836020641581813,0.0497185364,0.999649286702347
structured,binary,157,1321,8,0.006056018168054504,0.7849125739891689,0.0497185364,0.9996667236542024
structured,binary,158,1253,10,0.007980845969672785,0.7866291536061747,0.0497185364,0.9996832936663321
structured,binary,159,1168,5,0.004280821917808219,0.7875425562020387,0.0497185364,0.9996990398417107
structured,binary,160,1092,5,0.004578754578754579,0.7885153466956192,0.0497185364,0.9997140031402956
structured,binary,161,1009,4,0.003964321110009911,0.7893537397711567,0.0497185364,0.999728222485575
structured,binary,162,930,4,0.004301075268817204,0.7902597451914959,0.0497185364,0.9997417348658187
structured,binary,163,841,4,0.0047562425683709865,0.7912573207197171,0.0497185364,0.9997545754302933
structured,binary,164,750,7,0.009333333333333334,0.793205585726333,0.0497185364,0.9997667775806958
structured,binary,165,670,5,0.007462686567164179,0.7947488276238978,0.0497185364,0.9997783730580393
structured,binary,166,584,3,0.005136986301369863,0.7958032000847339,0.0497185364,0.9997893920252203
structured,binary,167,504,2,0.003968253968253968,0.7966135048463024,0.0497185364,0.9997998631454805
structured,binary,168,440,3,0.006818181818181818,0.798000230949623,0.0497185364,0.999809813656967
structured,binary,169,388,0,0.0,0.798000230949623,0.0497185364,0.9998192694435858
structured,binary,170,319,3,0.009404388714733543,0.7998999152980593,0.0497185364,0.9998282551023335
structured,binary,171,255,1,0.00392156862745098,0.8006846215125767,0.0497185364,0.9998367940072797
structured,binary,172,204,2,0.00980392156862745,0.8026386938506886,0.0497185364,0.9998449083703694
structured,binary,173,162,0,0.0,0.8026386938506886,0.0497185364,0.9998526192992025
structured,binary,174,123,0,0.0,0.8026386938506886,0.0497185364,0.9998599468519398
structured,binary,175,92,0,0.0,0.8026386938506886,0.0497185364,0.9998669100894796
structured,binary,176,71,0,0.0,0.8026386938506886,0.0497185364,0.9998735271250403
structured,binary,177,52,0,0.0,0.8026386938506886,0.0497185364,0.9998798151712776
structured,binary,178,35,0,0.0,0.8026386938506886,0.0497185364,0.9998857905850591
structured,binary,179,28,0,0.0,0.8026386938506886,0.0497185364,0.999891468910013
structured,binary,180,23,0,0.0,0.8026386938506886,0.0497185364,0.9998968649169612
structured,binary,181,17,0,0.0,0.8026386938506886,0.0497185364,0.9999019926423413
structured,binary,182,12,0,0.0,0.8026386938506886,0.0497185364,0.9999068654247205
structured,binary,183,10,0,0.0,0.8026386938506886,0.0497185364,0.9999114959394917
structured,binary,184,6,0,0.0,0.8026386938506886,0.0497185364,0.9999158962318456
structured,binary,185,5,0,0.0,0.8026386938506886,0.0497185364,0.999920077748104
structured,binary,186,5,0,0.0,0.8026386938506886,0.0497185364,0.999924051365494
structured,binary,187,4,0,0.0,0.8026386938506886,0.0497185364,0.9999278274204433
structured,binary,188,4,0,0.0,0.8026386938506886,0.0497185364,0.999931415735467
structured,binary,189,2,0,0.0,0.8026386938506886,0.0497185364,0.9999348256447197
structured,score,1,10000,1075,0.1075,0.10750000000000004,0.0497185364,0.04971853640000001
structured,score,2,8925,1023,0.1146218487394958,0.2098,0.0497185364,0.09696513993824185
structured,score,3,7902,721,0.09124272336117438,0.28189999999999993,0.0497185364,0.14186271149869134
structured,score,4,7181,570,0.0793761314580142,0.33889999999999987,0.0497185364,0.18452804151324098
structured,score,5,6611,333,0.0503705944637725,0.37219999999999986,0.0497185364,0.22507211376444425
structured,score,6,6278,260,0.04141446320484231,0.3981999999999999,0.0497185364,0.2636003940836218
structured,score,7,6018,187,0.031073446327683617,0.41689999999999994,0.0497185364,0.3002131046953208
structured,score,8,5831,137,0.023495112330646543,0.43059999999999987,0.0497185364,0.3350054849217695
structured,score,9,5694,106,0.018616087109237796,0.4411999999999999,0.0497185364,0.3680680389254869
structured,score,10,5588,99,0.017716535433070866,0.45109999999999995,0.0497185364,0.3994867711344935
structured,score,11,5489,78,0.014210238659136456,0.4589,0.0497185364,0.42934340996252474
structured,score,12,5411,65,0.012012566993162077,0.46540000000000004,0.0497185364,0.45771562040620284
structured,score,13,5346,61,0.011410400299289188,0.47150000000000003,0.0497185364,0.48467720607218845
structured,score,14,5285,43,0.008136234626300852,0.4758,0.0497185364,0.5102983011598381
structured,score,15,5242,52,0.009919877909194963,0.481,0.0497185364,0.5346455528987645
structured,score,16,5190,50,0.009633911368015413,0.486,0.0497185364,0.5577822949158691
structured,score,17,5140,40,0.007782101167315175,0.49,0.0497185364,0.579768711982819
structured,score,18,5100,48,0.009411764705882352,0.4948,0.0497185364,0.6006619965725201
structured,score,19,5052,34,0.006730007917656373,0.4982,0.0497185364,0.6205164976318326
structured,score,20,5018,40,0.007971303308090873,0.5022,0.0497185364,0.6393838619575238
structured,score,21,4978,23,0.004620329449578144,0.5045,0.0497185364,0.6573131685432161
structured,score,22,4955,33,0.006659939455095863,0.5078,0.0497185364,0.6743510562468009
structured,score,23,4922,27,0.005485574969524584,0.5105,0.0497185364,0.6905418451104158
structured,score,24,4895,31,0.006332992849846782,0.5136000000000001,0.0497185364,0.7059276516485704
structured,score,25,4864,35,0.007195723684210526,0.5171,0.0497185364,0.7205484984043145
structured,score,26,4829,20,0.0041416442327604054,0.5191,0.0497185364,0.7344424180584342
structured,score,27,4809,34,0.007070076939072572,0.5225,0.0497185364,0.747645552362492
structured,score,28,4775,27,0.005654450261780105,0.5252000000000001,0.0497185364,0.7601922461530592
structured,score,29,4748,31,0.006529064869418702,0.5283,0.0497185364,0.7721151366917007
structured,score,30,4717,32,0.0067839728641085435,0.5315000000000001,0.0497185364,0.7834452385631034
structured,score,31,4685,27,0.00576307363927428,0.5342000000000001,0.0497185364,0.7942120243521971
structured,score,32,4658,25,0.0053671103477887505,0.5367000000000002,0.0497185364,0.8044435013101247
structured,score,33,4633,18,0.0038851715950787825,0.5385000000000001,0.0497185364,0.8141662842084938
structured,score,34,4615,25,0.005417118093174431,0.5410000000000001,0.0497185364,0.8234056645714211
structured,score,35,4590,25,0.0054466230936819175,0.5435000000000001,0.0497185364,0.8321856764654607
structured,score,36,4565,23,0.005038335158817087,0.5458000000000001,0.0497185364,0.840529159018554
structured,score,37,4542,30,0.0066050198150594455,0.5488000000000002,0.0497185364,0.8484578158306286
structured,score,38,4512,15,0.003324468085106383,0.5503000000000001,0.0497185364,0.855992271430389
structured,score,39,4497,27,0.00600400266844563,0.5530000000000002,0.0497185364,0.8631521249251586
structured,score,40,4470,24,0.005369127516778523,0.5554000000000001,0.0497185364,0.8699560009833297
structured,score,41,4446,21,0.004723346828609987,0.5575000000000001,0.0497185364,0.8764215982820416
structured,score,42,4425,27,0.006101694915254237,0.5602,0.0497185364,0.8825657355461097
structured,score,43,4398,19,0.004320145520691224,0.5621,0.0497185364,0.8884043952979678
structured,score,44,4379,21,0.004795615437314455,0.5642,0.0497185364,0.8939527654324257
structured,score,45,4358,16,0.0036714089031665903,0.5658000000000001,0.0497185364,0.8992252787243931
structured,score,46,4342,13,0.0029940119760479044,0.5671000000000002,0.0497185364,0.9042356503723341
structured,score,47,4329,25,0.005775005775005775,0.5696000000000001,0.0497185364,0.9089969136751196
structured,score,48,4304,22,0.005111524163568773,0.5718000000000001,0.0497185364,0.9135214539350754
structured,score,49,4282,10,0.002335357309668379,0.5728000000000001,0.0497185364,0.9178210406754235
structured,score,50,4272,27,0.006320224719101123,0.5755000000000001,0.0497185364,0.9219068582559166
structured,score,51,4245,15,0.0035335689045936395,0.5770000000000001,0.0497185364,0.9257895349663101
structured,score,52,4230,16,0.0037825059101654845,0.5786,0.0497185364,0.9294791706733486
structured,score,53,4214,18,0.004271476032273375,0.5804,0.0497185364,0.9329853630931839
structured,score,54,4196,21,0.005004766444232603,0.5825,0.0497185364,0.9363172327575682
structured,score,55,4175,32,0.007664670658682635,0.5857000000000001,0.0497185364,0.9394834467387638
structured,score,56,4143,11,0.0026550808592807145,0.5868,0.0497185364,0.9424922411948851
structured,score,57,4132,17,0.004114230396902226,0.5885,0.0497185364,0.9453514427943196
structured,score,58,4115,15,0.0036452004860267314,0.5900000000000001,0.0497185364,0.9480684890749578
structured,score,59,4100,19,0.004634146341463414,0.5919000000000001,0.0497185364,0.9506504477911915
structured,score,60,4081,19,0.004655721636853712,0.5938000000000001,0.0497185364,0.9531040352990088
structured,score,61,4062,21,0.0051698670605613,0.5959000000000001,0.0497185364,0.9554356340270082
structured,score,62,4041,20,0.004949269982677555,0.5979000000000001,0.0497185364,0.9576513090787793
structured,score,63,4021,12,0.0029843322556577967,0.5991,0.0497185364,0.9597568240098383
structured,score,64,4009,20,0.004988775255674732,0.6011,0.0497185364,0.9617576558201568
structured,score,65,3989,26,0.006517924291802457,0.6037,0.0497185364,0.9636590092012837
structured,score,66,3963,21,0.005299015897047691,0.6058,0.0497185364,0.9654658300751217
structured,score,67,3942,22,0.005580923389142567,0.6080000000000001,0.0497185364,0.9671828184595755
structured,score,68,3920,21,0.005357142857142857,0.6101000000000001,0.0497185364,0.9688144406945386
structured,score,69,3899,20,0.005129520389843549,0.6121000000000001,0.0497185364,0.9703649410600215
structured,score,70,3879,17,0.004382572828048466,0.6138,0.0497185364,0.971838352816645
structured,score,71,3862,14,0.0036250647332988087,0.6152,0.0497185364,0.9732385086972145
structured,score,72,3848,20,0.005197505197505198,0.6172,0.0497185364,0.9745690508766703
structured,score,73,3828,20,0.00522466039707419,0.6192,0.0497185364,0.9758334404463452
structured,score,74,3808,21,0.0055147058823529415,0.6213,0.0497185364,0.9770349664171764
structured,score,75,3787,10,0.0026406126221283337,0.6223000000000001,0.0497185364,0.9781767542752912
structured,score,76,3777,20,0.0052952078369075985,0.6243000000000001,0.0497185364,0.9792617741122213
structured,score,77,3757,15,0.003992547245142401,0.6258,0.0497185364,0.9802928483508943
structured,score,78,3742,23,0.006146445750935329,0.6281000000000001,0.0497185364,0.9812726590875006
structured,score,79,3719,13,0.0034955633234740524,0.6294,0.0497185364,0.9822037550683339
structured,score,80,3706,12,0.0032379924446842958,0.6306,0.0497185364,0.9830885583197523
structured,score,81,3694,19,0.005143475906876015,0.6325000000000001,0.0497185364,0.9839293704485081
structured,score,82,3675,16,0.004353741496598639,0.6341,0.0497185364,0.9847283786288349
structured,score,83,3659,17,0.004646078163432632,0.6358,0.0497185364,0.9854876612918642
structured,score,84,3642,15,0.004118616144975288,0.6373,0.0497185364,0.9862091935321737
structured,score,85,3627,16,0.0044113592500689275,0.6389,0.0497185364,0.9868948522455298
structured,score,86,3611,14,0.003877042370534478,0.6403,0.0497185364,0.9875464210111877
structured,score,87,3597,16,0.004448151237142063,0.6418999999999999,0.0497185364,0.9881655947314533
structured,score,88,3581,19,0.005305780508237923,0.6437999999999999,0.0497185364,0.9887539840405699
structured,score,89,3562,12,0.003368893879842785,0.645,0.0497185364,0.9893131194944038
structured,score,90,3550,21,0.005915492957746479,0.6471,0.0497185364,0.9898444555518238
structured,score,91,3529,10,0.0028336639274582033,0.6480999999999999,0.0497185364,0.9903493743581322
structured,score,92,3519,14,0.003978402955385053,0.6495,0.0497185364,0.9908291893403902
structured,score,93,3505,17,0.0048502139800285305,0.6512,0.0497185364,0.9912851486239875
structured,score,94,3488,9,0.0025802752293577983,0.6520999999999999,0.0497185364,0.9917184382793464
structured,score,95,3479,14,0.004024144869215292,0.6535,0.0497185364,0.9921301854072035
structured,score,96,3465,16,0.004617604617604618,0.6551,0.0497185364,0.9925214610704968
structured,score,97,3449,9,0.002609452015076834,0.6559999999999999,0.0497185364,0.9928932830804821
structured,score,98,3440,15,0.00436046511627907,0.6575,0.0497185364,0.9932466186443296
structured,score,99,3425,20,0.00583941605839416,0.6595,0.0497185364,0.9935823868810846
structured,score,100,3405,22,0.0064610866372980915,0.6617,0.0497185364,0.9939014612125385
structured,score,101,3383,11,0.00325155187703222,0.6627999999999998,0.0497185364,0.9942046716352297
structured,score,102,3372,15,0.004448398576512456,0.6642999999999999,0.0497185364,0.9944928068794835
structured,score,103,3357,9,0.002680965147453083,0.6651999999999999,0.0497185364,0.9947666164611078
structured,score,104,3348,9,0.002688172043010753,0.6660999999999999,0.0497185364,0.9950268126310813
structured,score,105,3339,13,0.003893381251871818,0.6673999999999999,0.0497185364,0.9952740722283069
structured,score,106,3326,12,0.0036079374624173183,0.6685999999999999,0.0497185364,0.9955090384402476
structured,score,107,3314,16,0.004828002414001207,0.6701999999999999,0.0497185364,0.9957323224760272
structured,score,108,3298,19,0.005761067313523348,0.6720999999999999,0.0497185364,0.9959445051563462
structured,score,109,3279,13,0.003964623360780726,0.6733999999999999,0.0497185364,0.9961461384243505
structured,score,110,3266,13,0.003980404164115126,0.6746999999999999,0.0497185364,0.99633774678138
structured,score,111,3253,13,0.003996311097448509,0.6759999999999999,0.0497185364,0.9965198286513359
structured,score,112,3240,13,0.004012345679012346,0.6772999999999998,0.0497185364,0.9966928576772127
structured,score,113,3227,11,0.003408738766656337,0.6783999999999999,0.0497185364,0.9968572839531682
structured,score,114,3216,14,0.004353233830845771,0.6797999999999998,0.0497185364,0.9970135351953375
structured,score,115,3202,19,0.005933791380387258,0.6816999999999999,0.0497185364,0.9971620178544354
structured,score,116,3183,14,0.004398366321080742,0.6830999999999998,0.0497185364,0.9973031181730422
structured,score,117,3169,17,0.005364468286525718,0.6847999999999999,0.0497185364,0.9974372031903224
structured,score,118,3152,13,0.004124365482233503,0.6860999999999999,0.0497185364,0.99756462169679
structured,score,119,3139,14,0.004460019114367633,0.6874999999999999,0.0497185364,0.997685705141606
structured,score,120,3125,14,0.00448,0.6888999999999998,0.0497185364,0.9978007684947634
structured,score,121,3111,10,0.0032144005143040825,0.6899,0.0497185364,0.9979101110664085
structured,score,122,3101,8,0.0025798129635601417,0.6906999999999999,0.0497185364,0.9980140172854253
structured,score,123,3093,12,0.0038797284190106693,0.6919,0.0497185364,0.9981127574393096
structured,score,124,3081,13,0.004219409282700422,0.6931999999999998,0.0497185364,0.998206588377259
structured,score,125,3068,19,0.006192959582790091,0.6950999999999998,0.0497185364,0.9982957541783044
structured,score,126,3049,10,0.0032797638570022957,0.6960999999999999,0.0497185364,0.9983804867862249
structured,score,127,3039,21,0.006910167818361303,0.6981999999999999,0.0497185364,0.9984610066128943
structured,score,128,3018,5,0.0016567263088137839,0.6986999999999999,0.0497185364,0.9985375231116305
structured,score,129,3013,11,0.0036508463325589115,0.6997999999999999,0.0497185364,0.998610235322039
structured,score,130,3002,6,0.001998667554963358,0.7003999999999999,0.0497185364,0.9986793323877676
structured,score,131,2996,13,0.0043391188251001335,0.7016999999999999,0.0497185364,0.9987449940485187
structured,score,132,2983,9,0.0030170968823332216,0.7025999999999999,0.0497185364,0.9988073911075996
structured,score,133,2974,15,0.005043712172158709,0.7041,0.0497185364,0.9988666858762274
structured,score,134,2958,13,0.004394861392832995,0.7054004394861392,0.0497185364,0.9989230325957428
structured,score,135,2945,13,0.004414261460101867,0.7067008789722784,0.0497185364,0.998976577838833
structured,score,136,2931,7,0.002388263391334016,0.7074013545257394,0.0497185364,0.9990274608908055
structured,score,137,2924,11,0.003761969904240766,0.7085021018240352,0.0497185364,0.9990758141119065
structured,score,138,2910,15,0.005154639175257732,0.7100046683094783,0.0497185364,0.999121763281624
structured,score,139,2894,10,0.0034554250172771253,0.7110067254334953,0.0497185364,0.9991654279258744
structured,score,140,2883,10,0.00346860908775581,0.7120091301319571,0.0497185364,0.9992069216279202
structured,score,141,2871,15,0.00522466039707419,0.7135137846244756,0.0497185364,0.9992463523238305
structured,score,142,2855,8,0.0028021015761821367,0.7143165481001338,0.0497185364,0.999283822583251
structured,score,143,2845,10,0.0035149384885764497,0.715320707860766,0.0497185364,0.9993194298762145
structured,score,144,2833,17,0.006000705965407695,0.7170289845873339,0.0497185364,0.9993532668266866
structured,score,145,2812,8,0.002844950213371266,0.71783402303801,0.0497185364,0.9993854214535051
structured,score,146,2797,10,0.003575259206292456,0.718842839544846,0.0497185364,0.9994159773993396
structured,score,147,2782,14,0.0050323508267433505,0.7202577210137073,0.0497185364,0.999445014148269
structured,score,148,2765,11,0.003978300180831827,0.7213706197727847,0.0497185364,0.9994726072325398
structured,score,149,2746,10,0.003641660597232338,0.7223852934079895,0.0497185364,0.9994988284290458
structured,score,150,2730,12,0.004395604395604396,0.7236055778325697,0.0497185364,0.999523745946039
structured,score,151,2708,7,0.00258493353028065,0.7243200390420128,0.0497185364,0.9995474246005565
structured,score,152,2690,12,0.0044609665427509295,0.7255498381243534,0.0497185364,0.9995699259870274
structured,score,153,2668,9,0.003373313343328336,0.7264756445174871,0.0497185364,0.9995913086374961
structured,score,154,2649,12,0.004530011325028313,0.727714712945494,0.0497185364,0.9996116281738792
structured,score,155,2628,10,0.00380517503805175,0.7287508061230226,0.0497185364,0.9996309374526529
structured,score,156,2604,9,0.0034562211981566822,0.7296883033368831,0.0497185364,0.999649286702347
structured,score,157,2577,13,0.005044625533566162,0.7310519246238913,0.0497185364,0.9996667236542024
structured,score,158,2550,12,0.004705882352941176,0.7323175626256613,0.0497185364,0.9996832936663321
structured,score,159,2523,14,0.005548949663099485,0.7338029189963473,0.0497185364,0.9996990398417107
structured,score,160,2493,9,0.0036101083032490976,0.7347639192887793,0.0497185364,0.9997140031402956
structured,score,161,2474,8,0.0032336297493936943,0.7356215945699797,0.0497185364,0.999728222485575
structured,score,162,2448,4,0.0016339869281045752,0.7360535854285255,0.0497185364,0.9997417348658187
structured,score,163,2429,12,0.004940304652120214,0.7373575611283434,0.0497185364,0.9997545754302933
structured,score,164,2388,12,0.005025125628140704,0.7386773723789548,0.0497185364,0.9997667775806958
structured,score,165,2358,6,0.002544529262086514,0.7393423154517818,0.0497185364,0.9997783730580393
structured,score,166,2332,13,0.005574614065180103,0.7407953814462616,0.0497185364,0.9997893920252203
structured,score,167,2301,10,0.004345936549326379,0.7419218682717885,0.0497185364,0.9997998631454805
structured,score,168,2271,13,0.005724350506384853,0.7433991979558336,0.0497185364,0.999809813656967
structured,score,169,2235,6,0.0026845637583892616,0.744088059169375,0.0497185364,0.9998192694435858
structured,score,170,2193,8,0.00364797081623347,0.7450216184610509,0.0497185364,0.9998282551023335
structured,score,171,2145,10,0.004662004662004662,0.7462103288644959,0.0497185364,0.9998367940072797
structured,score,172,2104,10,0.004752851711026616,0.747416553537193,0.0497185364,0.9998449083703694
structured,score,173,2032,8,0.003937007874015748,0.7484109765547632,0.0497185364,0.9998526192992025
structured,score,174,1968,4,0.0020325203252032522,0.7489223363585137,0.0497185364,0.9998599468519398
structured,score,175,1904,7,0.003676470588235294,0.7498454160042545,0.0497185364,0.9998669100894796
structured,score,176,1804,1,0.0005543237250554324,0.7499840826250946,0.0497185364,0.9998735271250403
structured,score,177,1714,4,0.002333722287047841,0.7505675503435891,0.0497185364,0.9998798151712776
structured,score,178,1634,8,0.004895960832313341,0.7517887618474149,0.0497185364,0.9998857905850591
structured,score,179,1517,10,0.0065919578114700065,0.7534249598576496,0.0497185364,0.999891468910013
structured,score,180,1412,4,0.0028328611898017,0.7541234727192426,0.0497185364,0.9998968649169612
structured,score,181,1290,4,0.0031007751937984496,0.7548858805557721,0.0497185364,0.9999019926423413
structured,score,182,1160,0,0.0,0.7548858805557721,0.0497185364,0.9999068654247205
structured,score,183,1041,6,0.005763688760806916,0.7562986420511278,0.0497185364,0.9999114959394917
structured,score,184,908,7,0.007709251101321586,0.7581773970132888,0.0497185364,0.9999158962318456
structured,score,185,775,1,0.0012903225806451613,0.758489426178433,0.0497185364,0.999920077748104
structured,score,186,673,4,0.005943536404160475,0.7599248530659312,0.0497185364,0.999924051365494
structured,score,187,571,3,0.005253940455341506,0.7611861935927301,0.0497185364,0.9999278274204433
structured,score,188,475,2,0.004210526315789474,0.7621917254091818,0.0497185364,0.999931415735467
structured,score,189,389,1,0.002570694087403599,0.762803057734608,0.0497185364,0.9999348256447197
structured,score,190,312,0,0.0,0.762803057734608,0.0497185364,0.9999380660182751
structured,score,191,248,3,0.012096774193548387,0.7656723755845926,0.0497185364,0.9999411452851998
structured,score,192,199,0,0.0,0.7656723755845926,0.0497185364,0.9999440714554799
structured,score,193,146,0,0.0,0.7656723755845926,0.0497185364,0.9999468521408564
structured,score,194,108,1,0.009259259259259259,0.7678420758106612,0.0497185364,0.9999494945746258
structured,score,195,78,1,0.01282051282051282,0.7708184594541142,0.0497185364,0.9999520056304557
structured,score,196,51,0,0.0,0.7708184594541142,0.0497185364,0.9999543918402649
structured,score,197,42,0,0.0,0.7708184594541142,0.0497185364,0.9999566594112148
structured,score,198,32,0,0.0,0.7708184594541142,0.0497185364,0.999958814241856
structured,score,199,20,0,0.0,0.7708184594541142,0.0497185364,0.9999608619374714
structured,score,200,12,0,0.0,0.7708184594541142,0.0497185364,0.9999628078246579
structured,score,201,5,0,0.0,0.7708184594541142,0.0497185364,0.9999646569651813
structured,score,202,3,0,0.0,0.7708184594541142,0.0497185364,0.9999664141691444
structured,score,203,2,0,0.0,0.7708184594541142,0.0497185364,0.9999680840074984
structured,score,204,1,0,0.0,0.7708184594541142,0.0497185364,0.9999696708239333
structured,score,205,1,0,0.0,0.7708184594541142,0.0497185364,0.9999711787461776
structured,score,206,1,0,0.0,0.7708184594541142,0.0497185364,0.9999726116967349
unstructured,random,1,10000,502,0.0502,0.05020000000000002,0.0515279453,0.051527945300000044
unstructured,random,2,9498,518,0.054537797431038114,0.10200000000000009,0.0515279453,0.10040076145316024
unstructured,random,3,8980,422,0.046993318485523385,0.1442000000000001,0.0515279453,0.1467552618089235
unstructured,random,4,8558,441,0.051530731479317596,0.18830000000000013,0.0515279453,0.19072121000594622
unstructured,random,5,8117,423,0.05211284957496612,0.23060000000000014,0.0515279453,0.23242168322920997
unstructured,random,6,7694,371,0.04821939173381856,0.26770000000000005,0.0515279453,0.27197341674924136
unstructured,random,7,7323,381,0.05202785743547726,0.30579999999999996,0.0515279453,0.30948713070793243
unstructured,random,8,6942,330,0.04753673292999136,0.3388,0.0515279453,0.3450678400657602
unstructured,random,9,6612,321,0.048548094373865695,0.3709,0.0515279453,0.37881514857806253
unstructured,random,10,6291,295,0.04689238594817994,0.4004,0.0515279453,0.41082352762332075
unstructured,random,11,5996,336,0.056037358238825885,0.43399999999999994,0.0515279453,0.4411825806639933
unstructured,random,12,5660,270,0.04770318021201413,0.46099999999999997,0.0515279453,0.46997729408022626
unstructured,random,13,5390,259,0.048051948051948054,0.4869,0.0515279453,0.4972882750786184
unstructured,random,14,5131,270,0.052621321379847985,0.5139,0.0515279453,0.5231919773420359
unstructured,random,15,4861,242,0.04978399506274429,0.5381,0.0515279453,0.5477609150521567
unstructured,random,16,4619,227,0.049144836544706645,0.5608,0.0515279453,0.5710638658838713
unstructured,random,17,4392,202,0.04599271402550091,0.581,0.0515279453,0.5931660635398006
unstructured,random,18,4190,196,0.04677804295942721,0.6006,0.0515279453,0.6141293803639054
unstructured,random,19,3994,218,0.05458187280921382,0.6224000000000001,0.0515279453,0.6340125005453913
unstructured,random,20,3776,182,0.048199152542372885,0.6406000000000001,0.0515279453,0.6528710843977721
unstructured,random,21,3594,165,0.045909849749582635,0.6571,0.0515279453,0.6707579241729721
unstructured,random,22,3429,180,0.05249343832020997,0.6751,0.0515279453,0.6877230918466457
unstructured,random,23,3249,168,0.05170821791320406,0.6919,0.0515279453,0.7038140792884249
unstructured,random,24,3081,147,0.04771178188899708,0.7066,0.0515279453,0.719075931209481
unstructured,random,25,2934,162,0.05521472392638037,0.7228,0.0515279453,0.7335513712595723
unstructured,random,26,2772,140,0.050505050505050504,0.7368,0.0515279453,0.7472809216265691
unstructured,random,27,2632,141,0.05357142857142857,0.7509,0.0515279453,0.7603030164732617
unstructured,random,28,2491,123,0.04937775993576877,0.7632,0.0515279453,0.7726541095290025
unstructured,random,29,2368,122,0.05152027027027027,0.7754000000000001,0.0515279453,0.7843687761373719
unstructured,random,30,2246,109,0.04853072128227961,0.7863,0.0515279453,0.7954798100455374
unstructured,random,31,2137,107,0.0500701918577445,0.797,0.0515279453,0.8060183152062566
unstructured,random,32,2030,89,0.04384236453201971,0.8059000000000001,0.0515279453,0.8160137928495104
unstructured,random,33,1941,89,0.04585265327150953,0.8148,0.0515279453,0.8254942240675154
unstructured,random,34,1852,123,0.066414686825054,0.8271000000000001,0.0515279453,0.8344861481442984
unstructured,random,35,1729,90,0.05205320994794679,0.8361000000000001,0.0515279453,0.8430147368491113
unstructured,random,36,1639,81,0.04942037827943868,0.8442000000000001,0.0515279453,0.8511038649016565
unstructured,random,37,1558,83,0.05327342747111682,0.8525,0.0515279453,0.8587761768063853
unstructured,random,38,1475,71,0.04813559322033898,0.8596,0.0515279453,0.8660531502429628
unstructured,random,39,1404,75,0.053418803418803416,0.8671,0.0515279453,0.8729551561903507
unstructured,random,40,1329,63,0.04740406320541761,0.8734000000000001,0.0515279453,0.8795015159528213
unstructured,random,41,1266,57,0.045023696682464455,0.8791,0.0515279453,0.8857105552475373
unstructured,random,42,1209,62,0.05128205128205128,0.8853,0.0515279453,0.8915996555051096
unstructured,random,43,1147,57,0.04969485614646905,0.891,0.0515279453,0.8971853025267434
unstructured,random,44,1090,52,0.047706422018348627,0.8962,0.0515279453,0.9024831326341815
unstructured,random,45,1038,56,0.05394990366088632,0.9018,0.0515279453,0.9075079764416347
unstructured,random,46,982,56,0.05702647657841141,0.9074,0.0515279453,0.9122739003722365
unstructured,random,47,926,64,0.06911447084233262,0.9138000000000001,0.0515279453,0.9167942460352383
unstructured,random,48,862,36,0.04176334106728538,0.9174,0.0515279453,0.9210816675741798
unstructured,random,49,826,45,0.05447941888619855,0.9219,0.0515279453,0.9251481670905847
unstructured,random,50,781,48,0.06145966709346991,0.9267000000000001,0.0515279453,0.9290051282423457
unstructured,random,51,733,36,0.04911323328785812,0.9303,0.0515279453,0.9326633481108547
unstructured,random,52,697,43,0.06169296987087518,0.9346,0.0515279453,0.9361330674260837
unstructured,random,53,654,30,0.045871559633027525,0.9376,0.0515279453,0.9394239992342313
unstructured,random,54,624,26,0.041666666666666664,0.9402,0.0515279453,0.9425453560881826
unstructured,random,55,598,27,0.0451505016722408,0.9429,0.0515279453,0.9455058758369016
unstructured,random,56,571,33,0.05779334500875657,0.9462,0.0515279453,0.9483138460859492
unstructured,random,57,538,25,0.046468401486988845,0.9487,0.0515279453,0.9509771273975998
unstructured,random,58,513,32,0.06237816764132553,0.9519,0.0515279453,0.9535031752955051
unstructured,random,59,481,17,0.035343035343035345,0.9536,0.0515279453,0.955899061135502
unstructured,random,60,464,19,0.040948275862068964,0.9555,0.0515279453,0.9581714919009905
unstructured,random,61,445,27,0.060674157303370786,0.9582,0.0515279453,0.9603268289782969
unstructured,random,62,418,22,0.05263157894736842,0.9604,0.0515279453,0.9623711059645808
unstructured,random,63,396,19,0.047979797979797977,0.9623,0.0515279453,0.9643100455581374
unstructured,random,64,377,14,0.03713527851458886,0.9637,0.0515279453,0.9661490755783771
unstructured,random,65,363,24,0.06611570247933884,0.9661,0.0515279453,0.9678933441603289
unstructured,random,66,339,21,0.061946902654867256,0.9682,0.0515279453,0.9695477341662014
unstructured,random,67,318,7,0.0220125786163522,0.9689,0.0515279453,0.9711168768543464
unstructured,random,68,311,13,0.04180064308681672,0.9702,0.0515279453,0.9726051648438889
unstructured,random,69,298,8,0.026845637583892617,0.971,0.0515279453,0.9740167644113155
unstructured,random,70,290,11,0.03793103448275862,0.9721,0.0515279453,0.9753556271534463
unstructured,random,71,279,10,0.035842293906810034,0.9731,0.0515279453,0.9766255010494362
unstructured,random,72,269,18,0.06691449814126393,0.9749,0.0515279453,0.9778299409527759
unstructured,random,73,251,6,0.02390438247011952,0.9755,0.0515279453,0.978972318542659
unstructured,random,74,245,9,0.036734693877551024,0.9764,0.0515279453,0.9800558317625787
unstructured,random,75,236,10,0.0423728813559322,0.9774,0.0515279453,0.9810835137725705
unstructured,random,76,226,15,0.06637168141592921,0.9789,0.0515279453,0.9820582414401657
unstructured,random,77,211,8,0.037914691943127965,0.9797,0.0515279453,0.9829827433938226
unstructured,random,78,203,13,0.06403940886699508,0.981,0.0515279453,0.9838596076613818
unstructured,random,79,190,14,0.07368421052631578,0.9824,0.0515279453,0.9846912889149266
unstructured,random,80,176,10,0.056818181818181816,0.9834,0.0515279453,0.9854801153423318
unstructured,random,81,166,7,0.04216867469879518,0.9841,0.0515279453,0.9862282951647344
unstructured,random,82,159,9,0.05660377358490566,0.985,0.0515279453,0.9869379228181738
unstructured,random,83,150,6,0.04,0.9856,0.0515279453,0.9876109848167033
unstructured,random,84,144,5,0.034722222222222224,0.9861,0.0515279453,0.9882493653133891
unstructured,random,85,139,8,0.05755395683453238,0.9869,0.0515279453,0.988854851374761
unstructured,random,86,131,4,0.030534351145038167,0.9873,0.0515279453,0.9894291379834828
unstructured,random,87,127,7,0.05511811023622047,0.988,0.0515279453,0.9899738327832437
unstructured,random,88,120,7,0.058333333333333334,0.9887,0.0515279453,0.9904904605791574
unstructured,random,89,113,5,0.04424778761061947,0.9892,0.0515279453,0.9909804676062627
unstructured,random,90,108,6,0.05555555555555555,0.9898,0.0515279453,0.9914452255780788
unstructured,random,91,102,1,0.00980392156862745,0.9899,0.0515279453,0.9918860355265454
unstructured,random,92,101,6,0.0594059405940594,0.9905,0.0515279453,0.9923041314440997
unstructured,random,93,95,5,0.05263157894736842,0.991,0.0515279453,0.9927006837380842
unstructured,random,94,90,2,0.022222222222222223,0.9912,0.0515279453,0.9930768025071556
unstructured,random,95,88,3,0.03409090909090909,0.9915,0.0515279453,0.9934335406488679
unstructured,random,96,85,4,0.047058823529411764,0.9919,0.0515279453,0.9937718968071277
unstructured,random,97,81,3,0.037037037037037035,0.9922,0.0515279453,0.9940928181677728
unstructured,random,98,78,6,0.07692307692307693,0.9928,0.0515279453,0.9943972031101009
unstructured,random,99,72,2,0.027777777777777776,0.993,0.0515279453,0.9946859037217707
unstructured,random,100,70,2,0.02857142857142857,0.9932,0.0515279453,0.9949597281841143
unstructured,random,101,68,1,0.014705882352941176,0.9933,0.0515279453,0.9952194430345404
unstructured,random,102,67,4,0.05970149253731343,0.9937,0.0515279453,0.99546577531236
unstructured,random,103,63,2,0.031746031746031744,0.9939,0.0515279453,0.9956994145940427
unstructured,random,104,61,2,0.03278688524590164,0.9941,0.0515279453,0.9959210149235989
unstructured,random,105,59,2,0.03389830508474576,0.9943,0.0515279453,0.9961311966434951
unstructured,random,106,57,1,0.017543859649122806,0.9944,0.0515279453,0.9963305481312256
unstructured,random,107,56,4,0.07142857142857142,0.9948,0.0515279453,0.9965196274464008
unstructured,random,108,52,2,0.038461538461538464,0.995,0.0515279453,0.9966989638929663
unstructured,random,109,50,3,0.06,0.9953,0.0515279453,0.9968690595009229
unstructured,random,110,47,0,0.0,0.9953,0.0515279453,0.9970303904316968
unstructured,random,111,47,1,0.02127659574468085,0.9954,0.0515279453,0.9971834083110948
unstructured,random,112,46,1,0.021739130434782608,0.9955,0.0515279453,0.9973285414935731
unstructured,random,113,44,4,0.09090909090909091,0.9959090909090909,0.0515279453,0.9974661962613635
unstructured,random,114,39,6,0.15384615384615385,0.9965384615384615,0.0515279453,0.9975967579618088
unstructured,random,115,31,1,0.03225806451612903,0.996650124069479,0.0515279453,0.9977205920860954
unstructured,random,116,29,1,0.034482758620689655,0.9967656370326003,0.0515279453,0.9978380452923995
unstructured,random,117,27,1,0.037037037037037035,0.9968854282536151,0.0515279453,0.9979494463763138
unstructured,random,118,25,1,0.04,0.9970100111234705,0.0515279453,0.9980551071912698
unstructured,random,119,24,0,0.0,0.9970100111234705,0.0515279453,0.9981553235215325
unstructured,random,120,24,1,0.041666666666666664,0.9971345939933259,0.0515279453,0.9982503759102112
unstructured,random,121,23,0,0.0,0.9971345939933259,0.0515279453,0.9983405304446054
unstructured,random,122,22,0,0.0,0.9971345939933259,0.0515279453,0.9984260395010827
unstructured,random,123,21,0,0.0,0.9971345939933259,0.0515279453,0.9985071424515752
unstructured,random,124,20,2,0.1,0.9974211345939933,0.0515279453,0.9985840663336711
unstructured,random,125,17,1,0.058823529411764705,0.9975728325590525,0.0515279453,0.9986570264861782
unstructured,random,126,14,0,0.0,0.9975728325590525,0.0515279453,0.9987262271519378
unstructured,random,127,12,1,0.08333333333333333,0.9977750965124649,0.0515279453,0.9987918620495774
unstructured,random,128,10,0,0.0,0.9977750965124649,0.0515279453,0.9988541149158016
unstructured,random,129,9,0,0.0,0.9977750965124649,0.0515279453,0.9989131600197403
unstructured,random,130,7,3,0.42857142857142855,0.9987286265785513,0.0515279453,0.9989691626507929
unstructured,random,131,4,1,0.25,0.9990464699339136,0.0515279453,0.999022279581336
unstructured,random,132,3,1,0.3333333333333333,0.9993643132892757,0.0515279453,0.9990726595055877
unstructured,random,133,1,0,0.0,0.9993643132892757,0.0515279453,0.9991204434558583
unstructured,random,134,1,0,0.0,0.9993643132892757,0.0515279453,0.999165765197353
unstructured,random,135,1,0,0.0,0.9993643132892757,0.0515279453,0.9992087516026311
unstructured,random,136,1,0,0.0,0.9993643132892757,0.0515279453,0.9992495230067695
unstructured,random,137,1,0,0.0,0.9993643132892757,0.0515279453,0.9992881935442256
unstructured,random,138,1,0,0.0,0.9993643132892757,0.0515279453,0.9993248714683429
unstructured,random,139,1,0,0.0,0.9993643132892757,0.0515279453,0.9993596594543926
unstructured,nonadaptive,1,10000,496,0.0496,0.04959999999999998,0.0515279453,0.051527945300000044
unstructured,nonadaptive,2,9504,514,0.05408249158249158,0.10099999999999998,0.0515279453,0.10040076145316024
unstructured,nonadaptive,3,8990,501,0.05572858731924361,0.1510999999999999,0.0515279453,0.1467552618089235
unstructured,nonadaptive,4,8489,457,0.05383437389562964,0.19679999999999986,0.0515279453,0.19072121000594622
unstructured,nonadaptive,5,8032,393,0.048929282868525895,0.23609999999999987,0.0515279453,0.23242168322920997
unstructured,nonadaptive,6,7639,369,0.048304751930881004,0.2729999999999999,0.0515279453,0.27197341674924136
unstructured,nonadaptive,7,7270,384,0.05281980742778542,0.3113999999999999,0.0515279453,0.30948713070793243
unstructured,nonadaptive,8,6886,338,0.04908510020331107,0.34519999999999984,0.0515279453,0.3450678400657602
unstructured,nonadaptive,9,6548,308,0.047037263286499695,0.3759999999999999,0.0515279453,0.37881514857806253
unstructured,nonadaptive,10,6240,311,0.04983974358974359,0.4070999999999999,0.0515279453,0.41082352762332075
unstructured,nonadaptive,11,5929,282,0.047562826783606,0.4352999999999999,0.0515279453,0.4411825806639933
unstructured,nonadaptive,12,5647,256,0.04533380556047459,0.4609,0.0515279453,0.46997729408022626
unstructured,nonadaptive,13,5391,254,0.047115562975329255,0.48629999999999995,0.0515279453,0.4972882750786184
unstructured,nonadaptive,14,5137,241,0.0469145415612225,0.5104,0.0515279453,0.5231919773420359
unstructured,nonadaptive,15,4896,241,0.049223856209150325,0.5345,0.0515279453,0.5477609150521567
unstructured,nonadaptive,16,4655,222,0.047690655209452204,0.5567,0.0515279453,0.5710638658838713
unstructured,nonadaptive,17,4433,195,0.04398826979472141,0.5762,0.0515279453,0.5931660635398006
unstructured,nonadaptive,18,4238,196,0.04624823029731005,0.5958,0.0515279453,0.6141293803639054
unstructured,nonadaptive,19,4042,191,0.04725383473527957,0.6149,0.0515279453,0.6340125005453913
unstructured,nonadaptive,20,3851,186,0.04829914307971955,0.6335,0.0515279453,0.6528710843977721
unstructured,nonadaptive,21,3665,162,0.044201909959072305,0.6496999999999999,0.0515279453,0.6707579241729721
unstructured,nonadaptive,22,3503,134,0.03825292606337425,0.6631,0.0515279453,0.6877230918466457
unstructured,nonadaptive,23,3369,151,0.0448204214900564,0.6782,0.0515279453,0.7038140792884249
unstructured,nonadaptive,24,3218,158,0.049098819142324425,0.694,0.0515279453,0.719075931209481
unstructured,nonadaptive,25,3060,148,0.048366013071895426,0.7088000000000001,0.0515279453,0.7335513712595723
unstructured,nonadaptive,26,2912,152,0.0521978021978022,0.724,0.0515279453,0.7472809216265691
unstructured,nonadaptive,27,2760,143,0.05181159420289855,0.7383,0.0515279453,0.7603030164732617
unstructured,nonadaptive,28,2617,128,0.04891096675582728,0.7511,0.0515279453,0.7726541095290025
unstructured,nonadaptive,29,2489,128,0.05142627561269586,0.7639,0.0515279453,0.7843687761373719
unstructured,nonadaptive,30,2361,100,0.042354934349851756,0.7739,0.0515279453,0.7954798100455374
unstructured,nonadaptive,31,2261,94,0.04157452454666077,0.7833,0.0515279453,0.8060183152062566
unstructured,nonadaptive,32,2167,112,0.05168435625288417,0.7945,0.0515279453,0.8160137928495104
unstructured,nonadaptive,33,2055,109,0.053041362530413624,0.8054,0.0515279453,0.8254942240675154
unstructured,nonadaptive,34,1946,100,0.051387461459403906,0.8153999999999999,0.0515279453,0.8344861481442984
unstructured,nonadaptive,35,1846,95,0.051462621885157094,0.8249,0.0515279453,0.8430147368491113
unstructured,nonadaptive,36,1751,90,0.05139920045688178,0.8339,0.0515279453,0.8511038649016565
unstructured,nonadaptive,37,1661,104,0.06261288380493679,0.8442999999999999,0.0515279453,0.8587761768063853
unstructured,nonadaptive,38,1557,71,0.045600513808606295,0.8513999999999999,0.0515279453,0.8660531502429628
unstructured,nonadaptive,39,1486,89,0.059892328398384924,0.8603,0.0515279453,0.8729551561903507
unstructured,nonadaptive,40,1397,69,0.049391553328561204,0.8672,0.0515279453,0.8795015159528213
unstructured,nonadaptive,41,1328,55,0.04141566265060241,0.8726999999999999,0.0515279453,0.8857105552475373
unstructured,nonadaptive,42,1273,63,0.04948939512961508,0.8789999999999999,0.0515279453,0.8915996555051096
unstructured,nonadaptive,43,1210,61,0.050413223140495865,0.8850999999999999,0.0515279453,0.8971853025267434
unstructured,nonadaptive,44,1149,62,0.053959965187119235,0.8913,0.0515279453,0.9024831326341815
unstructured,nonadaptive,45,1087,63,0.05795768169273229,0.8976,0.0515279453,0.9075079764416347
unstructured,nonadaptive,46,1024,56,0.0546875,0.9031999999999999,0.0515279453,0.9122739003722365
unstructured,nonadaptive,47,968,50,0.05165289256198347,0.9081999999999999,0.0515279453,0.9167942460352383
unstructured,nonadaptive,48,918,47,0.05119825708061002,0.9128999999999999,0.0515279453,0.9210816675741798
unstructured,nonadaptive,49,871,39,0.04477611940298507,0.9168,0.0515279453,0.9251481670905847
unstructured,nonadaptive,50,832,37,0.04447115384615385,0.9205,0.0515279453,0.9290051282423457
unstructured,nonadaptive,51,795,51,0.06415094339622641,0.9256,0.0515279453,0.9326633481108547
unstructured,nonadaptive,52,744,45,0.06048387096774194,0.9300999999999999,0.0515279453,0.9361330674260837
unstructured,nonadaptive,53,699,41,0.058655221745350504,0.9341999999999999,0.0515279453,0.9394239992342313
unstructured,nonadaptive,54,658,39,0.05927051671732523,0.9380999999999999,0.0515279453,0.9425453560881826
unstructured,nonadaptive,55,619,29,0.046849757673667204,0.941,0.0515279453,0.9455058758369016
unstructured,nonadaptive,56,590,27,0.04576271186440678,0.9437,0.0515279453,0.9483138460859492
unstructured,nonadaptive,57,563,35,0.06216696269982238,0.9471999999999999,0.0515279453,0.9509771273975998
unstructured,nonadaptive,58,528,21,0.03977272727272727,0.9493,0.0515279453,0.9535031752955051
unstructured,nonadaptive,59,507,25,0.04930966469428008,0.9518,0.0515279453,0.955899061135502
unstructured,nonadaptive,60,482,21,0.043568464730290454,0.9539,0.0515279453,0.9581714919009905
unstructured,nonadaptive,61,461,20,0.04338394793926247,0.9559,0.0515279453,0.9603268289782969
unstructured,nonadaptive,62,441,17,0.03854875283446712,0.9576,0.0515279453,0.9623711059645808
unstructured,nonadaptive,63,424,18,0.04245283018867924,0.9594,0.0515279453,0.9643100455581374
unstructured,nonadaptive,64,406,15,0.03694581280788178,0.9609,0.0515279453,0.9661490755783771
unstructured,nonadaptive,65,391,18,0.04603580562659847,0.9627,0.0515279453,0.9678933441603289
unstructured,nonadaptive,66,373,16,0.04289544235924933,0.9642999999999999,0.0515279453,0.9695477341662014
unstructured,nonadaptive,67,357,12,0.03361344537815126,0.9655,0.0515279453,0.9711168768543464
unstructured,nonadaptive,68,345,11,0.03188405797101449,0.9666,0.0515279453,0.9726051648438889
unstructured,nonadaptive,69,334,24,0.0718562874251497,0.969,0.0515279453,0.9740167644113155
unstructured,nonadaptive,70,310,20,0.06451612903225806,0.971,0.0515279453,0.9753556271534463
unstructured,nonadaptive,71,290,14,0.04827586206896552,0.9723999999999999,0.0515279453,0.9766255010494362
unstructured,nonadaptive,72,276,8,0.028985507246376812,0.9732,0.0515279453,0.9778299409527759
unstructured,nonadaptive,73,268,7,0.026119402985074626,0.9739,0.0515279453,0.978972318542659
unstructured,nonadaptive,74,261,13,0.04980842911877394,0.9752,0.0515279453,0.9800558317625787
unstructured,nonadaptive,75,248,10,0.04032258064516129,0.9762,0.0515279453,0.9810835137725705
unstructured,nonadaptive,76,238,7,0.029411764705882353,0.9769,0.0515279453,0.9820582414401657
unstructured,nonadaptive,77,231,14,0.06060606060606061,0.9783,0.0515279453,0.9829827433938226
unstructured,nonadaptive,78,217,9,0.041474654377880185,0.9792,0.0515279453,0.9838596076613818
unstructured,nonadaptive,79,208,12,0.057692307692307696,0.9803999999999999,0.0515279453,0.9846912889149266
unstructured,nonadaptive,80,196,11,0.05612244897959184,0.9815,0.0515279453,0.9854801153423318
unstructured,nonadaptive,81,185,6,0.032432432432432434,0.9821,0.0515279453,0.9862282951647344
unstructured,nonadaptive,82,179,8,0.0446927374301676,0.9829,0.0515279453,0.9869379228181738
unstructured,nonadaptive,83,171,11,0.06432748538011696,0.984,0.0515279453,0.9876109848167033
unstructured,nonadaptive,84,160,9,0.05625,0.9849,0.0515279453,0.9882493653133891
unstructured,nonadaptive,85,151,9,0.059602649006622516,0.9858,0.0515279453,0.988854851374761
unstructured,nonadaptive,86,142,9,0.06338028169014084,0.9867,0.0515279453,0.9894291379834828
unstructured,nonadaptive,87,133,2,0.015037593984962405,0.9869,0.0515279453,0.9899738327832437
unstructured,nonadaptive,88,131,7,0.05343511450381679,0.9876,0.0515279453,0.9904904605791574
unstructured,nonadaptive,89,124,11,0.08870967741935484,0.9887,0.0515279453,0.9909804676062627
unstructured,nonadaptive,90,113,5,0.04424778761061947,0.9892,0.0515279453,0.9914452255780788
unstructured,nonadaptive,91,108,5,0.046296296296296294,0.9897,0.0515279453,0.9918860355265454
unstructured,nonadaptive,92,103,8,0.07766990291262135,0.9905,0.0515279453,0.9923041314440997
unstructured,nonadaptive,93,95,4,0.042105263157894736,0.9909,0.0515279453,0.9927006837380842
unstructured,nonadaptive,94,91,6,0.06593406593406594,0.9915,0.0515279453,0.9930768025071556
unstructured,nonadaptive,95,85,4,0.047058823529411764,0.9919,0.0515279453,0.9934335406488679
unstructured,nonadaptive,96,81,3,0.037037037037037035,0.9922,0.0515279453,0.9937718968071277
unstructured,nonadaptive,97,78,4,0.05128205128205128,0.9926,0.0515279453,0.9940928181677728
unstructured,nonadaptive,98,74,6,0.08108108108108109,0.9932,0.0515279453,0.9943972031101009
unstructured,nonadaptive,99,68,5,0.07352941176470588,0.9937,0.0515279453,0.9946859037217707
unstructured,nonadaptive,100,63,1,0.015873015873015872,0.9938,0.0515279453,0.9949597281841143
unstructured,nonadaptive,101,62,1,0.016129032258064516,0.9939,0.0515279453,0.9952194430345404
unstructured,nonadaptive,102,61,4,0.06557377049180328,0.9943,0.0515279453,0.99546577531236
unstructured,nonadaptive,103,57,3,0.05263157894736842,0.9946,0.0515279453,0.9956994145940427
unstructured,nonadaptive,104,54,1,0.018518518518518517,0.9947,0.0515279453,0.9959210149235989
unstructured,nonadaptive,105,53,1,0.018867924528301886,0.9948,0.0515279453,0.9961311966434951
unstructured,nonadaptive,106,52,3,0.057692307692307696,0.9951,0.0515279453,0.9963305481312256
unstructured,nonadaptive,107,49,4,0.08163265306122448,0.9955,0.0515279453,0.9965196274464008
unstructured,nonadaptive,108,45,3,0.06666666666666667,0.9958,0.0515279453,0.9966989638929663
unstructured,nonadaptive,109,42,6,0.14285714285714285,0.9964,0.0515279453,0.9968690595009229
unstructured,nonadaptive,110,36,4,0.1111111111111111,0.9968,0.0515279453,0.9970303904316968
unstructured,nonadaptive,111,32,0,0.0,0.9968,0.0515279453,0.9971834083110948
unstructured,nonadaptive,112,32,4,0.125,0.9972,0.0515279453,0.9973285414935731
unstructured,nonadaptive,113,27,5,0.18518518518518517,0.9977185185185186,0.0515279453,0.9974661962613635
unstructured,nonadaptive,114,21,1,0.047619047619047616,0.9978271604938271,0.0515279453,0.9975967579618088
unstructured,nonadaptive,115,20,2,0.1,0.9980444444444444,0.0515279453,0.9977205920860954
unstructured,nonadaptive,116,18,3,0.16666666666666666,0.9983703703703704,0.0515279453,0.9978380452923995
unstructured,nonadaptive,117,15,2,0.13333333333333333,0.9985876543209876,0.0515279453,0.9979494463763138
unstructured,nonadaptive,118,12,1,0.08333333333333333,0.9987053497942386,0.0515279453,0.9980551071912698
unstructured,nonadaptive,119,11,2,0.18181818181818182,0.9989407407407407,0.0515279453,0.9981553235215325
unstructured,nonadaptive,120,9,0,0.0,0.9989407407407407,0.0515279453,0.9982503759102112
unstructured,nonadaptive,121,9,1,0.1111111111111111,0.9990584362139918,0.0515279453,0.9983405304446054
unstructured,nonadaptive,122,8,0,0.0,0.9990584362139918,0.0515279453,0.9984260395010827
unstructured,nonadaptive,123,7,1,0.14285714285714285,0.9991929453262787,0.0515279453,0.9985071424515752
unstructured,nonadaptive,124,5,0,0.0,0.9991929453262787,0.0515279453,0.9985840663336711
unstructured,nonadaptive,125,5,0,0.0,0.9991929453262787,0.0515279453,0.9986570264861782
unstructured,nonadaptive,126,5,0,0.0,0.9991929453262787,0.0515279453,0.9987262271519378
unstructured,nonadaptive,127,4,0,0.0,0.9991929453262787,0.0515279453,0.9987918620495774
unstructured,nonadaptive,128,3,0,0.0,0.9991929453262787,0.0515279453,0.9988541149158016
unstructured,nonadaptive,129,3,1,0.3333333333333333,0.9994619635508525,0.0515279453,0.9989131600197403
unstructured,nonadaptive,130,2,0,0.0,0.9994619635508525,0.0515279453,0.9989691626507929
unstructured,nonadaptive,131,2,0,0.0,0.9994619635508525,0.0515279453,0.999022279581336
unstructured,nonadaptive,132,2,0,0.0,0.9994619635508525,0.0515279453,0.9990726595055877
unstructured,nonadaptive,133,2,0,0.0,0.9994619635508525,0.0515279453,0.9991204434558583
unstructured,nonadaptive,134,2,0,0.0,0.9994619635508525,0.0515279453,0.999165765197353
unstructured,nonadaptive,135,2,0,0.0,0.9994619635508525,0.0515279453,0.9992087516026311
unstructured,nonadaptive,136,2,0,0.0,0.9994619635508525,0.0515279453,0.9992495230067695
unstructured,nonadaptive,137,2,0,0.0,0.9994619635508525,0.0515279453,0.9992881935442256
unstructured,nonadaptive,138,2,0,0.0,0.9994619635508525,0.0515279453,0.9993248714683429
unstructured,nonadaptive,139,1,0,0.0,0.9994619635508525,0.0515279453,0.9993596594543926
unstructured,nonadaptive,140,1,0,0.0,0.9994619635508525,0.0515279453,0.999392654887
unstructured,nonadaptive,141,1,0,0.0,0.9994619635508525,0.0515279453,0.999423950132761
unstructured,nonadaptive,142,1,0,0.0,0.9994619635508525,0.0515279453,0.99945363279881
unstructured,nonadaptive,143,1,0,0.0,0.9994619635508525,0.0515279453,0.9994817859780667
unstructured,nonadaptive,144,1,0,0.0,0.9994619635508525,0.0515279453,0.9995084884818426
unstructured,binary,1,10000,522,0.0522,0.052200000000000024,0.0515279453,0.051527945300000044
unstructured,binary,2,9478,475,0.05011605824013505,0.09970000000000012,0.0515279453,0.10040076145316024
unstructured,binary,3,9003,504,0.055981339553482175,0.15010000000000012,0.0515279453,0.1467552618089235
unstructured,binary,4,8499,459,0.054006353688669254,0.19600000000000006,0.0515279453,0.19072121000594622
unstructured,binary,5,8040,407,0.05062189054726368,0.23670000000000013,0.0515279453,0.23242168322920997
unstructured,binary,6,7633,395,0.05174898467181973,0.2762000000000001,0.0515279453,0.27197341674924136
unstructured,binary,7,7238,387,0.05346780878695772,0.31490000000000007,0.0515279453,0.30948713070793243
unstructured,binary,8,6851,330,0.048168150634943806,0.3479000000000001,0.0515279453,0.3450678400657602
unstructured,binary,9,6521,377,0.05781321883146757,0.38560000000000016,0.0515279453,0.37881514857806253
unstructured,binary,10,6144,309,0.05029296875,0.4165000000000002,0.0515279453,0.41082352762332075
unstructured,binary,11,5835,331,0.05672664952870608,0.4496000000000002,0.0515279453,0.4411825806639933
unstructured,binary,12,5504,278,0.05050872093023256,0.47740000000000016,0.0515279453,0.46997729408022626
unstructured,binary,13,5226,290,0.05549177190968236,0.5064000000000002,0.0515279453,0.4972882750786184
unstructured,binary,14,4936,255,0.0516612641815235,0.5319,0.0515279453,0.5231919773420359
unstructured,binary,15,4681,264,0.05639820551164281,0.5583,0.0515279453,0.5477609150521567
unstructured,binary,16,4417,243,0.05501471587050034,0.5826,0.0515279453,0.5710638658838713
unstructured,binary,17,4174,222,0.05318639195016771,0.6048,0.0515279453,0.5931660635398006
unstructured,binary,18,3952,214,0.0541497975708502,0.6262000000000001,0.0515279453,0.6141293803639054
unstructured,binary,19,3738,209,0.05591225254146603,0.6471,0.0515279453,0.6340125005453913
unstructured,binary,20,3529,183,0.05185604987248512,0.6654,0.0515279453,0.6528710843977721
unstructured,binary,21,3346,174,0.052002390914524806,0.6828000000000001,0.0515279453,0.6707579241729721
unstructured,binary,22,3172,186,0.058638083228247165,0.7014,0.0515279453,0.6877230918466457
unstructured,binary,23,2986,171,0.05726724715338245,0.7185000000000001,0.0515279453,0.7038140792884249
unstructured,binary,24,2815,147,0.0522202486678508,0.7332000000000001,0.0515279453,0.719075931209481
unstructured,binary,25,2668,133,0.04985007496251874,0.7465,0.0515279453,0.7335513712595723
unstructured,binary,26,2535,136,0.053648915187376724,0.7601,0.0515279453,0.7472809216265691
unstructured,binary,27,2399,125,0.05210504376823676,0.7726000000000001,0.0515279453,0.7603030164732617
unstructured,binary,28,2274,120,0.052770448548812667,0.7846000000000001,0.0515279453,0.7726541095290025
unstructured,binary,29,2154,120,0.055710306406685235,0.7966000000000001,0.0515279453,0.7843687761373719
unstructured,binary,30,2034,108,0.05309734513274336,0.8074000000000001,0.0515279453,0.7954798100455374
unstructured,binary,31,1926,85,0.044132917964693666,0.8159000000000001,0.0515279453,0.8060183152062566
unstructured,binary,32,1841,109,0.059206952743074415,0.8268000000000001,0.0515279453,0.8160137928495104
unstructured,binary,33,1732,89,0.05138568129330254,0.8357000000000001,0.0515279453,0.8254942240675154
unstructured,binary,34,1643,87,0.05295191722458917,0.8444,0.0515279453,0.8344861481442984
unstructured,binary,35,1556,79,0.05077120822622108,0.8523000000000001,0.0515279453,0.8430147368491113
unstructured,binary,36,1477,79,0.05348679756262695,0.8602000000000001,0.0515279453,0.8511038649016565
unstructured,binary,37,1398,73,0.05221745350500715,0.8675,0.0515279453,0.8587761768063853
unstructured,binary,38,1325,72,0.05433962264150943,0.8747,0.0515279453,0.8660531502429628
unstructured,binary,39,1253,73,0.05826017557861133,0.882,0.0515279453,0.8729551561903507
unstructured,binary,40,1180,54,0.04576271186440678,0.8874,0.0515279453,0.8795015159528213
unstructured,binary,41,1126,53,0.04706927175843695,0.8927,0.0515279453,0.8857105552475373
unstructured,binary,42,1073,63,0.05871388630009319,0.899,0.0515279453,0.8915996555051096
unstructured,binary,43,1010,61,0.060396039603960394,0.9051,0.0515279453,0.8971853025267434
unstructured,binary,44,949,51,0.05374077976817703,0.9102,0.0515279453,0.9024831326341815
unstructured,binary,45,898,42,0.0467706013363029,0.9144,0.0515279453,0.9075079764416347
unstructured,binary,46,856,40,0.04672897196261682,0.9184,0.0515279453,0.9122739003722365
unstructured,binary,47,816,45,0.05514705882352941,0.9229,0.0515279453,0.9167942460352383
unstructured,binary,48,771,40,0.05188067444876784,0.9269000000000001,0.0515279453,0.9210816675741798
unstructured,binary,49,731,41,0.0560875512995896,0.931,0.0515279453,0.9251481670905847
unstructured,binary,50,690,45,0.06521739130434782,0.9355,0.0515279453,0.9290051282423457
unstructured,binary,51,645,41,0.06356589147286822,0.9396,0.0515279453,0.9326633481108547
unstructured,binary,52,604,36,0.059602649006622516,0.9432,0.0515279453,0.9361330674260837
unstructured,binary,53,568,39,0.06866197183098592,0.9471,0.0515279453,0.9394239992342313
unstructured,binary,54,529,19,0.035916824196597356,0.9490000000000001,0.0515279453,0.9425453560881826
unstructured,binary,55,510,29,0.056862745098039215,0.9519,0.0515279453,0.9455058758369016
unstructured,binary,56,481,29,0.060291060291060294,0.9548,0.0515279453,0.9483138460859492
unstructured,binary,57,452,24,0.05309734513274336,0.9572,0.0515279453,0.9509771273975998
unstructured,binary,58,428,32,0.07476635514018691,0.9604,0.0515279453,0.9535031752955051
unstructured,binary,59,396,19,0.047979797979797977,0.9623,0.0515279453,0.955899061135502
unstructured,binary,60,377,24,0.0636604774535809,0.9647,0.0515279453,0.9581714919009905
unstructured,binary,61,353,14,0.039660056657223795,0.9661,0.0515279453,0.9603268289782969
unstructured,binary,62,339,15,0.04424778761061947,0.9676,0.0515279453,0.9623711059645808
unstructured,binary,63,324,15,0.046296296296296294,0.9691,0.0515279453,0.9643100455581374
unstructured,binary,64,309,15,0.04854368932038835,0.9706,0.0515279453,0.9661490755783771
unstructured,binary,65,294,13,0.04421768707482993,0.9719,0.0515279453,0.9678933441603289
unstructured,binary,66,281,13,0.046263345195729534,0.9732,0.0515279453,0.9695477341662014
unstructured,binary,67,268,18,0.06716417910447761,0.975,0.0515279453,0.9711168768543464
unstructured,binary,68,250,14,0.056,0.9764,0.0515279453,0.9726051648438889
unstructured,binary,69,236,13,0.05508474576271186,0.9777,0.0515279453,0.9740167644113155
unstructured,binary,70,223,14,0.06278026905829596,0.9791,0.0515279453,0.9753556271534463
unstructured,binary,71,209,17,0.08133971291866028,0.9808,0.0515279453,0.9766255010494362
unstructured,binary,72,192,5,0.026041666666666668,0.9813000000000001,0.0515279453,0.9778299409527759
unstructured,binary,73,187,13,0.06951871657754011,0.9826,0.0515279453,0.978972318542659
unstructured,binary,74,174,11,0.06321839080459771,0.9837,0.0515279453,0.9800558317625787
unstructured,binary,75,163,10,0.06134969325153374,0.9847,0.0515279453,0.9810835137725705
unstructured,binary,76,153,2,0.013071895424836602,0.9849,0.0515279453,0.9820582414401657
unstructured,binary,77,151,8,0.052980132450331126,0.9857,0.0515279453,0.9829827433938226
unstructured,binary,78,143,6,0.04195804195804196,0.9863,0.0515279453,0.9838596076613818
unstructured,binary,79,137,4,0.029197080291970802,0.9867,0.0515279453,0.9846912889149266
unstructured,binary,80,133,3,0.022556390977443608,0.987,0.0515279453,0.9854801153423318
unstructured,binary,81,130,7,0.05384615384615385,0.9877,0.0515279453,0.9862282951647344
unstructured,binary,82,123,10,0.08130081300813008,0.9887,0.0515279453,0.9869379228181738
unstructured,binary,83,113,8,0.07079646017699115,0.9895,0.0515279453,0.9876109848167033
unstructured,binary,84,105,5,0.047619047619047616,0.99,0.0515279453,0.9882493653133891
unstructured,binary,85,100,3,0.03,0.9903,0.0515279453,0.988854851374761
unstructured,binary,86,97,4,0.041237113402061855,0.9907,0.0515279453,0.9894291379834828
unstructured,binary,87,93,3,0.03225806451612903,0.991,0.0515279453,0.9899738327832437
unstructured,binary,88,90,1,0.011111111111111112,0.9911,0.0515279453,0.9904904605791574
unstructured,binary,89,89,7,0.07865168539325842,0.9918,0.0515279453,0.9909804676062627
unstructured,binary,90,82,7,0.08536585365853659,0.9925,0.0515279453,0.9914452255780788
unstructured,binary,91,75,3,0.04,0.9928,0.0515279453,0.9918860355265454
unstructured,binary,92,72,6,0.08333333333333333,0.9934,0.0515279453,0.9923041314440997
unstructured,binary,93,66,2,0.030303030303030304,0.9936,0.0515279453,0.9927006837380842
unstructured,binary,94,64,7,0.109375,0.9943,0.0515279453,0.9930768025071556
unstructured,binary,95,57,1,0.017543859649122806,0.9944,0.0515279453,0.9934335406488679
unstructured,binary,96,56,1,0.017857142857142856,0.9945,0.0515279453,0.9937718968071277
unstructured,binary,97,55,5,0.09090909090909091,0.995,0.0515279453,0.9940928181677728
unstructured,binary,98,50,3,0.06,0.9953,0.0515279453,0.9943972031101009
unstructured,binary,99,47,3,0.06382978723404255,0.9956,0.0515279453,0.9946859037217707
unstructured,binary,100,44,3,0.06818181818181818,0.9959,0.0515279453,0.9949597281841143
unstructured,binary,101,41,1,0.024390243902439025,0.996,0.0515279453,0.9952194430345404
unstructured,binary,102,40,3,0.075,0.9963,0.0515279453,0.99546577531236
unstructured,binary,103,37,1,0.02702702702702703,0.9964,0.0515279453,0.9956994145940427
unstructured,binary,104,36,5,0.1388888888888889,0.9969,0.0515279453,0.9959210149235989
unstructured,binary,105,31,0,0.0,0.9969,0.0515279453,0.9961311966434951
unstructured,binary,106,31,1,0.03225806451612903,0.997,0.0515279453,0.9963305481312256
unstructured,binary,107,30,1,0.03333333333333333,0.9971,0.0515279453,0.9965196274464008
unstructured,binary,108,29,0,0.0,0.9971,0.0515279453,0.9966989638929663
unstructured,binary,109,29,4,0.13793103448275862,0.9975,0.0515279453,0.9968690595009229
unstructured,binary,110,25,0,0.0,0.9975,0.0515279453,0.9970303904316968
unstructured,binary,111,25,0,0.0,0.9975,0.0515279453,0.9971834083110948
unstructured,binary,112,25,2,0.08,0.9977,0.0515279453,0.9973285414935731
unstructured,binary,113,23,1,0.043478260869565216,0.9978,0.0515279453,0.9974661962613635
unstructured,binary,114,22,3,0.13636363636363635,0.9981,0.0515279453,0.9975967579618088
unstructured,binary,115,19,4,0.21052631578947367,0.9985,0.0515279453,0.9977205920860954
unstructured,binary,116,15,2,0.13333333333333333,0.9987,0.0515279453,0.9978380452923995
unstructured,binary,117,13,1,0.07692307692307693,0.9988,0.0515279453,0.9979494463763138
unstructured,binary,118,12,0,0.0,0.9988,0.0515279453,0.9980551071912698
unstructured,binary,119,12,0,0.0,0.9988,0.0515279453,0.9981553235215325
unstructured,binary,120,12,3,0.25,0.9991,0.0515279453,0.9982503759102112
unstructured,binary,121,9,0,0.0,0.9991,0.0515279453,0.9983405304446054
unstructured,binary,122,9,1,0.1111111111111111,0.9992,0.0515279453,0.9984260395010827
unstructured,binary,123,8,0,0.0,0.9992,0.0515279453,0.9985071424515752
unstructured,binary,124,8,0,0.0,0.9992,0.0515279453,0.9985840663336711
unstructured,binary,125,8,1,0.125,0.9993,0.0515279453,0.9986570264861782
unstructured,binary,126,7,0,0.0,0.9993,0.0515279453,0.9987262271519378
unstructured,binary,127,7,0,0.0,0.9993,0.0515279453,0.9987918620495774
unstructured,binary,128,7,0,0.0,0.9993,0.0515279453,0.9988541149158016
unstructured,binary,129,7,1,0.14285714285714285,0.9994,0.0515279453,0.9989131600197403
unstructured,binary,130,6,0,0.0,0.9994,0.0515279453,0.9989691626507929
unstructured,binary,131,6,0,0.0,0.9994,0.0515279453,0.999022279581336
unstructured,binary,132,6,0,0.0,0.9994,0.0515279453,0.9990726595055877
unstructured,binary,133,6,0,0.0,0.9994,0.0515279453,0.9991204434558583
unstructured,binary,134,6,0,0.0,0.9994,0.0515279453,0.999165765197353
unstructured,binary,135,6,0,0.0,0.9994,0.0515279453,0.9992087516026311
unstructured,binary,136,6,0,0.0,0.9994,0.0515279453,0.9992495230067695
unstructured,binary,137,6,0,0.0,0.9994,0.0515279453,0.9992881935442256
unstructured,binary,138,6,0,0.0,0.9994,0.0515279453,0.9993248714683429
unstructured,binary,139,6,0,0.0,0.9994,0.0515279453,0.9993596594543926
unstructured,binary,140,6,1,0.16666666666666666,0.9995,0.0515279453,0.999392654887
unstructured,binary,141,5,0,0.0,0.9995,0.0515279453,0.999423950132761
unstructured,binary,142,5,0,0.0,0.9995,0.0515279453,0.99945363279881
unstructured,binary,143,5,0,0.0,0.9995,0.0515279453,0.9994817859780667
unstructured,binary,144,4,0,0.0,0.9995,0.0515279453,0.9995084884818426
unstructured,binary,145,4,0,0.0,0.9995,0.0515279453,0.9995338150604646
unstructured,binary,146,4,0,0.0,0.9995,0.0515279453,0.9995578366125286
unstructured,binary,147,4,0,0.0,0.9995,0.0515279453,0.9995806203833719
unstructured,binary,148,4,0,0.0,0.9995,0.0515279453,0.9996022301533174
unstructured,binary,149,3,0,0.0,0.9995,0.0515279453,0.9996227264162193
unstructured,binary,150,3,0,0.0,0.9995,0.0515279453,0.9996421665488074
unstructured,binary,151,3,0,0.0,0.9995,0.0515279453,0.999660604971307
unstructured,binary,152,3,0,0.0,0.9995,0.0515279453,0.9996780932997806
unstructured,binary,153,3,0,0.0,0.9995,0.0515279453,0.9996946804906213
unstructured,binary,154,3,0,0.0,0.9995,0.0515279453,0.9997104129775995
unstructured,binary,155,3,0,0.0,0.9995,0.0515279453,0.9997253348018493
unstructured,binary,156,3,0,0.0,0.9995,0.0515279453,0.9997394877351555
unstructured,binary,157,3,0,0.0,0.9995,0.0515279453,0.9997529113968884
unstructured,binary,158,3,1,0.3333333333333333,0.9996666666666667,0.0515279453,0.9997656433649138
unstructured,binary,159,1,0,0.0,0.9996666666666667,0.0515279453,0.9997777192807872
unstructured,binary,160,1,0,0.0,0.9996666666666667,0.0515279453,0.999789172949528
unstructured,score,1,10000,516,0.0516,0.05159999999999998,0.0515279453,0.051527945300000044
unstructured,score,2,9484,463,0.04881906368620835,0.09789999999999999,0.0515279453,0.10040076145316024
unstructured,score,3,9021,450,0.04988360492184902,0.14290000000000003,0.0515279453,0.1467552618089235
unstructured,score,4,8571,458,0.053436005133590016,0.1887000000000001,0.0515279453,0.19072121000594622
unstructured,score,5,8113,413,0.05090595340811044,0.2300000000000001,0.0515279453,0.23242168322920997
unstructured,score,6,7700,370,0.048051948051948054,0.267,0.0515279453,0.27197341674924136
unstructured,score,7,7330,387,0.052796725784447475,0.3057000000000001,0.0515279453,0.30948713070793243
unstructured,score,8,6943,344,0.049546305631571363,0.34010000000000007,0.0515279453,0.3450678400657602
unstructured,score,9,6599,331,0.050159115017426883,0.3732000000000001,0.0515279453,0.37881514857806253
unstructured,score,10,6268,319,0.050893426930440334,0.4051,0.0515279453,0.41082352762332075
unstructured,score,11,5949,299,0.050260547991259036,0.43500000000000005,0.0515279453,0.4411825806639933
unstructured,score,12,5650,278,0.049203539823008846,0.4628000000000001,0.0515279453,0.46997729408022626
unstructured,score,13,5372,255,0.04746835443037975,0.48830000000000007,0.0515279453,0.4972882750786184
unstructured,score,14,5117,252,0.049247606019151846,0.5135000000000001,0.0515279453,0.5231919773420359
unstructured,score,15,4865,238,0.04892086330935252,0.5373,0.0515279453,0.5477609150521567
unstructured,score,16,4627,222,0.04797925221525827,0.5595,0.0515279453,0.5710638658838713
unstructured,score,17,4405,189,0.04290578887627696,0.5784,0.0515279453,0.5931660635398006
unstructured,score,18,4216,189,0.0448292220113852,0.5972999999999999,0.0515279453,0.6141293803639054
unstructured,score,19,4027,161,0.0399801340948597,0.6134,0.0515279453,0.6340125005453913
unstructured,score,20,3866,164,0.04242110708742887,0.6297999999999999,0.0515279453,0.6528710843977721
unstructured,score,21,3702,167,0.0451107509454349,0.6464999999999999,0.0515279453,0.6707579241729721
unstructured,score,22,3535,141,0.039886845827439885,0.6605999999999999,0.0515279453,0.6877230918466457
unstructured,score,23,3394,137,0.04036535061873895,0.6742999999999999,0.0515279453,0.7038140792884249
unstructured,score,24,3257,134,0.041142155357691126,0.6877,0.0515279453,0.719075931209481
unstructured,score,25,3123,135,0.043227665706051875,0.7011999999999999,0.0515279453,0.7335513712595723
unstructured,score,26,2988,114,0.03815261044176707,0.7125999999999999,0.0515279453,0.7472809216265691
unstructured,score,27,2874,101,0.03514265831593598,0.7226999999999999,0.0515279453,0.7603030164732617
unstructured,score,28,2773,105,0.03786512802019473,0.7332,0.0515279453,0.7726541095290025
unstructured,score,29,2668,111,0.041604197901049474,0.7443,0.0515279453,0.7843687761373719
unstructured,score,30,2557,99,0.038717246773562766,0.7542,0.0515279453,0.7954798100455374
unstructured,score,31,2458,95,0.038649308380797394,0.7637,0.0515279453,0.8060183152062566
unstructured,score,32,2363,108,0.045704612780363946,0.7745,0.0515279453,0.8160137928495104
unstructured,score,33,2255,109,0.048337028824833705,0.7854,0.0515279453,0.8254942240675154
unstructured,score,34,2146,69,0.03215284249767009,0.7923,0.0515279453,0.8344861481442984
unstructured,score,35,2077,78,0.03755416466056813,0.8001,0.0515279453,0.8430147368491113
unstructured,score,36,1999,75,0.03751875937968985,0.8076,0.0515279453,0.8511038649016565
unstructured,score,37,1924,75,0.03898128898128898,0.8150999999999999,0.0515279453,0.8587761768063853
unstructured,score,38,1849,55,0.029745808545159545,0.8206,0.0515279453,0.8660531502429628
unstructured,score,39,1794,78,0.043478260869565216,0.8284,0.0515279453,0.8729551561903507
unstructured,score,40,1716,70,0.04079254079254079,0.8354,0.0515279453,0.8795015159528213
unstructured,score,41,1646,70,0.0425273390036452,0.8424,0.0515279453,0.8857105552475373
unstructured,score,42,1576,55,0.03489847715736041,0.8479,0.0515279453,0.8915996555051096
unstructured,score,43,1521,49,0.032215647600262985,0.8528,0.0515279453,0.8971853025267434
unstructured,score,44,1472,54,0.036684782608695655,0.8582000000000001,0.0515279453,0.9024831326341815
unstructured,score,45,1418,46,0.03244005641748942,0.8628,0.0515279453,0.9075079764416347
unstructured,score,46,1372,51,0.03717201166180758,0.8679,0.0515279453,0.9122739003722365
unstructured,score,47,1321,47,0.03557910673732021,0.8726,0.0515279453,0.9167942460352383
unstructured,score,48,1274,46,0.03610675039246468,0.8772,0.0515279453,0.9210816675741798
unstructured,score,49,1228,42,0.03420195439739414,0.8814,0.0515279453,0.9251481670905847
unstructured,score,50,1186,38,0.03204047217537943,0.8852,0.0515279453,0.9290051282423457
unstructured,score,51,1148,40,0.03484320557491289,0.8892,0.0515279453,0.9326633481108547
unstructured,score,52,1108,34,0.030685920577617327,0.8926000000000001,0.0515279453,0.9361330674260837
unstructured,score,53,1074,41,0.038175046554934824,0.8967,0.0515279453,0.9394239992342313
unstructured,score,54,1033,29,0.028073572120038724,0.8996000000000001,0.0515279453,0.9425453560881826
unstructured,score,55,1004,34,0.03386454183266932,0.903,0.0515279453,0.9455058758369016
unstructured,score,56,970,43,0.0443298969072165,0.9073,0.0515279453,0.9483138460859492
unstructured,score,57,927,33,0.03559870550161812,0.9106000000000001,0.0515279453,0.9509771273975998
unstructured,score,58,894,18,0.020134228187919462,0.9124,0.0515279453,0.9535031752955051
unstructured,score,59,876,28,0.0319634703196347,0.9152,0.0515279453,0.955899061135502
unstructured,score,60,848,29,0.03419811320754717,0.9181,0.0515279453,0.9581714919009905
unstructured,score,61,819,31,0.03785103785103785,0.9212,0.0515279453,0.9603268289782969
unstructured,score,62,788,23,0.02918781725888325,0.9235,0.0515279453,0.9623711059645808
unstructured,score,63,765,28,0.036601307189542485,0.9263,0.0515279453,0.9643100455581374
unstructured,score,64,737,17,0.023066485753052916,0.928,0.0515279453,0.9661490755783771
unstructured,score,65,720,18,0.025,0.9298,0.0515279453,0.9678933441603289
unstructured,score,66,702,20,0.02849002849002849,0.9318,0.0515279453,0.9695477341662014
unstructured,score,67,682,19,0.02785923753665689,0.9337,0.0515279453,0.9711168768543464
unstructured,score,68,663,16,0.024132730015082957,0.9353,0.0515279453,0.9726051648438889
unstructured,score,69,647,25,0.03863987635239567,0.9378,0.0515279453,0.9740167644113155
unstructured,score,70,622,15,0.024115755627009645,0.9393,0.0515279453,0.9753556271534463
unstructured,score,71,607,11,0.018121911037891267,0.9404,0.0515279453,0.9766255010494362
unstructured,score,72,596,17,0.028523489932885907,0.9421,0.0515279453,0.9778299409527759
unstructured,score,73,579,12,0.02072538860103627,0.9433,0.0515279453,0.978972318542659
unstructured,score,74,567,18,0.031746031746031744,0.9451,0.0515279453,0.9800558317625787
unstructured,score,75,549,11,0.020036429872495445,0.9462,0.0515279453,0.9810835137725705
unstructured,score,76,538,13,0.024163568773234202,0.9475,0.0515279453,0.9820582414401657
unstructured,score,77,525,17,0.03238095238095238,0.9492,0.0515279453,0.9829827433938226
unstructured,score,78,508,15,0.02952755905511811,0.9507,0.0515279453,0.9838596076613818
unstructured,score,79,493,10,0.02028397565922921,0.9517,0.0515279453,0.9846912889149266
unstructured,score,80,483,7,0.014492753623188406,0.9524,0.0515279453,0.9854801153423318
unstructured,score,81,476,9,0.018907563025210083,0.9533,0.0515279453,0.9862282951647344
unstructured,score,82,467,14,0.029978586723768737,0.9547,0.0515279453,0.9869379228181738
unstructured,score,83,453,13,0.02869757174392936,0.956,0.0515279453,0.9876109848167033
unstructured,score,84,440,12,0.02727272727272727,0.9572,0.0515279453,0.9882493653133891
unstructured,score,85,428,8,0.018691588785046728,0.958,0.0515279453,0.988854851374761
unstructured,score,86,420,16,0.0380952380952381,0.9596,0.0515279453,0.9894291379834828
unstructured,score,87,404,9,0.022277227722772276,0.9605,0.0515279453,0.9899738327832437
unstructured,score,88,395,15,0.0379746835443038,0.962,0.0515279453,0.9904904605791574
unstructured,score,89,380,10,0.02631578947368421,0.963,0.0515279453,0.9909804676062627
unstructured,score,90,370,10,0.02702702702702703,0.964,0.0515279453,0.9914452255780788
unstructured,score,91,360,6,0.016666666666666666,0.9646,0.0515279453,0.9918860355265454
unstructured,score,92,354,5,0.014124293785310734,0.9651000000000001,0.0515279453,0.9923041314440997
unstructured,score,93,349,7,0.02005730659025788,0.9658,0.0515279453,0.9927006837380842
unstructured,score,94,342,11,0.03216374269005848,0.9669,0.0515279453,0.9930768025071556
unstructured,score,95,331,9,0.027190332326283987,0.9678,0.0515279453,0.9934335406488679
unstructured,score,96,322,10,0.031055900621118012,0.9688,0.0515279453,0.9937718968071277
unstructured,score,97,312,11,0.035256410256410256,0.9699,0.0515279453,0.9940928181677728
unstructured,score,98,301,4,0.013289036544850499,0.9703,0.0515279453,0.9943972031101009
unstructured,score,99,297,14,0.04713804713804714,0.9717,0.0515279453,0.9946859037217707
unstructured,score,100,283,10,0.0353356890459364,0.9727,0.0515279453,0.9949597281841143
unstructured,score,101,273,9,0.03296703296703297,0.9736,0.0515279453,0.9952194430345404
unstructured,score,102,264,9,0.03409090909090909,0.9745,0.0515279453,0.99546577531236
unstructured,score,103,255,9,0.03529411764705882,0.9754,0.0515279453,0.9956994145940427
unstructured,score,104,246,3,0.012195121951219513,0.9757,0.0515279453,0.9959210149235989
unstructured,score,105,243,10,0.0411522633744856,0.9767,0.0515279453,0.9961311966434951
unstructured,score,106,233,7,0.030042918454935622,0.9774,0.0515279453,0.9963305481312256
unstructured,score,107,226,2,0.008849557522123894,0.9776,0.0515279453,0.9965196274464008
unstructured,score,108,224,3,0.013392857142857142,0.9779,0.0515279453,0.9966989638929663
unstructured,score,109,221,5,0.02262443438914027,0.9784,0.0515279453,0.9968690595009229
unstructured,score,110,216,2,0.009259259259259259,0.9786,0.0515279453,0.9970303904316968
unstructured,score,111,214,4,0.018691588785046728,0.979,0.0515279453,0.9971834083110948
unstructured,score,112,210,3,0.014285714285714285,0.9793000000000001,0.0515279453,0.9973285414935731
unstructured,score,113,207,3,0.014492753623188406,0.9796,0.0515279453,0.9974661962613635
unstructured,score,114,204,3,0.014705882352941176,0.9799,0.0515279453,0.9975967579618088
unstructured,score,115,201,3,0.014925373134328358,0.9802,0.0515279453,0.9977205920860954
unstructured,score,116,198,6,0.030303030303030304,0.9808,0.0515279453,0.9978380452923995
unstructured,score,117,192,5,0.026041666666666668,0.9813000000000001,0.0515279453,0.9979494463763138
unstructured,score,118,187,7,0.0374331550802139,0.982,0.0515279453,0.9980551071912698
unstructured,score,119,180,3,0.016666666666666666,0.9823,0.0515279453,0.9981553235215325
unstructured,score,120,177,3,0.01694915254237288,0.9826,0.0515279453,0.9982503759102112
unstructured,score,121,174,5,0.028735632183908046,0.9831,0.0515279453,0.9983405304446054
unstructured,score,122,169,4,0.023668639053254437,0.9835,0.0515279453,0.9984260395010827
unstructured,score,123,165,2,0.012121212121212121,0.9837,0.0515279453,0.9985071424515752
unstructured,score,124,163,4,0.024539877300613498,0.9841,0.0515279453,0.9985840663336711
unstructured,score,125,159,5,0.031446540880503145,0.9846,0.0515279453,0.9986570264861782
unstructured,score,126,154,1,0.006493506493506494,0.9847,0.0515279453,0.9987262271519378
unstructured,score,127,153,0,0.0,0.9847,0.0515279453,0.9987918620495774
unstructured,score,128,153,4,0.026143790849673203,0.9851,0.0515279453,0.9988541149158016
unstructured,score,129,149,2,0.013422818791946308,0.9853,0.0515279453,0.9989131600197403
unstructured,score,130,147,6,0.04081632653061224,0.9859,0.0515279453,0.9989691626507929
unstructured,score,131,141,2,0.014184397163120567,0.9861,0.0515279453,0.999022279581336
unstructured,score,132,139,3,0.02158273381294964,0.9864,0.0515279453,0.9990726595055877
unstructured,score,133,136,4,0.029411764705882353,0.9868,0.0515279453,0.9991204434558583
unstructured,score,134,132,3,0.022727272727272728,0.9871,0.0515279453,0.999165765197353
unstructured,score,135,129,3,0.023255813953488372,0.9874,0.0515279453,0.9992087516026311
unstructured,score,136,126,2,0.015873015873015872,0.9876,0.0515279453,0.9992495230067695
unstructured,score,137,123,4,0.032520325203252036,0.9880032520325204,0.0515279453,0.9992881935442256
unstructured,score,138,119,1,0.008403361344537815,0.9881040650406504,0.0515279453,0.9993248714683429
unstructured,score,139,117,1,0.008547008547008548,0.9882057396984226,0.0515279453,0.9993596594543926
unstructured,score,140,116,0,0.0,0.9882057396984226,0.0515279453,0.999392654887
unstructured,score,141,116,1,0.008620689655172414,0.9883074143561948,0.0515279453,0.999423950132761
unstructured,score,142,115,1,0.008695652173913044,0.9884090890139671,0.0515279453,0.99945363279881
unstructured,score,143,113,2,0.017699115044247787,0.9886142378809765,0.0515279453,0.9994817859780667
unstructured,score,144,110,3,0.02727272727272727,0.9889247586660408,0.0515279453,0.9995084884818426
unstructured,score,145,105,2,0.01904761904761905,0.9891357156438305,0.0515279453,0.9995338150604646
unstructured,score,146,103,2,0.019417475728155338,0.9893466726216201,0.0515279453,0.9995578366125286
unstructured,score,147,100,0,0.0,0.9893466726216201,0.0515279453,0.9995806203833719
unstructured,score,148,98,1,0.01020408163265306,0.9894553800438486,0.0515279453,0.9996022301533174
unstructured,score,149,93,4,0.043010752688172046,0.9899089120849733,0.0515279453,0.9996227264162193
unstructured,score,150,89,1,0.011235955056179775,0.9900222950952545,0.0515279453,0.9996421665488074
unstructured,score,151,82,4,0.04878048780487805,0.9905090124076812,0.0515279453,0.999660604971307
unstructured,score,152,78,3,0.038461538461538464,0.990874050392001,0.0515279453,0.9996780932997806
unstructured,score,153,74,2,0.02702702702702703,0.9911206976787038,0.0515279453,0.9996946804906213
unstructured,score,154,72,1,0.013888888888888888,0.9912440213220551,0.0515279453,0.9997104129775995
unstructured,score,155,68,1,0.014705882352941176,0.9913727857143778,0.0515279453,0.9997253348018493
unstructured,score,156,66,2,0.030303030303030304,0.9916342164503058,0.0515279453,0.9997394877351555
unstructured,score,157,60,0,0.0,0.9916342164503058,0.0515279453,0.9997529113968884
unstructured,score,158,58,0,0.0,0.9916342164503058,0.0515279453,0.9997656433649138
unstructured,score,159,56,1,0.017857142857142856,0.9917836054422646,0.0515279453,0.9997777192807872
unstructured,score,160,53,1,0.018867924528301886,0.9919386317546747,0.0515279453,0.999789172949528
unstructured,score,161,50,0,0.0,0.9919386317546747,0.0515279453,0.9998000364342525
unstructured,score,162,49,0,0.0,0.9919386317546747,0.0515279453,0.9998103401459303
unstructured,score,163,48,1,0.020833333333333332,0.9921065769264523,0.0515279453,0.9998201129285165
unstructured,score,164,44,0,0.0,0.9921065769264523,0.0515279453,0.999829382139696
unstructured,score,165,43,0,0.0,0.9921065769264523,0.0515279453,0.999838173727469
unstructured,score,166,42,1,0.023809523809523808,0.9922945155710606,0.0515279453,0.9998465123027881
unstructured,score,167,40,0,0.0,0.9922945155710606,0.0515279453,0.9998544212084542
unstructured,score,168,40,2,0.05,0.9926797897925076,0.0515279453,0.9998619225844618
unstructured,score,169,38,0,0.0,0.9926797897925076,0.0515279453,0.9998690374299768
unstructured,score,170,38,1,0.02631578947368421,0.9928724269032311,0.0515279453,0.9998757856621213
unstructured,score,171,36,2,0.05555555555555555,0.9932684031863849,0.0515279453,0.999882186171729
unstructured,score,172,34,2,0.058823529411764705,0.9936643794695387,0.0515279453,0.9998882568762277
unstructured,score,173,31,0,0.0,0.9936643794695387,0.0515279453,0.9998940147697971
unstructured,score,174,30,1,0.03333333333333333,0.9938755668205541,0.0515279453,0.9998994759709416
unstructured,score,175,29,0,0.0,0.9938755668205541,0.0515279453,0.9999046557676123
unstructured,score,176,28,0,0.0,0.9938755668205541,0.0515279453,0.9999095686600035
unstructured,score,177,26,0,0.0,0.9938755668205541,0.0515279453,0.9999142284011442
unstructured,score,178,23,0,0.0,0.9938755668205541,0.0515279453,0.9999186480353983
unstructured,score,179,22,0,0.0,0.9938755668205541,0.0515279453,0.9999228399349803
unstructured,score,180,22,0,0.0,0.9938755668205541,0.0515279453,0.9999268158345901
unstructured,score,181,21,0,0.0,0.9938755668205541,0.0515279453,0.9999305868642621
unstructured,score,182,20,0,0.0,0.9938755668205541,0.0515279453,0.9999341635805236
unstructured,score,183,16,0,0.0,0.9938755668205541,0.0515279453,0.999937555995945
unstructured,score,184,14,0,0.0,0.9938755668205541,0.0515279453,0.9999407736071703
unstructured,score,185,14,0,0.0,0.9938755668205541,0.0515279453,0.9999438254215004
unstructured,score,186,11,0,0.0,0.9938755668205541,0.0515279453,0.9999467199821085
unstructured,score,187,9,0,0.0,0.9938755668205541,0.0515279453,0.9999494653919561
unstructured,score,188,9,0,0.0,0.9938755668205541,0.0515279453,0.9999520693364751
unstructured,score,189,9,0,0.0,0.9938755668205541,0.0515279453,0.9999545391050834
unstructured,score,190,8,0,0.0,0.9938755668205541,0.0515279453,0.9999568816115899
unstructured,score,191,4,0,0.0,0.9938755668205541,0.0515279453,0.9999591034135493
unstructured,score,192,4,1,0.25,0.9954066751154156,0.0515279453,0.9999612107306189
unstructured,score,193,3,0,0.0,0.9954066751154156,0.0515279453,0.9999632094619698
unstructured,score,194,2,0,0.0,0.9954066751154156,0.0515279453,0.999965105202801
unstructured,score,195,2,0,0.0,0.9954066751154156,0.0515279453,0.9999669032600024
unstructured,score,196,2,0,0.0,0.9954066751154156,0.0515279453,0.9999686086670105
unstructured,score,197,2,0,0.0,0.9954066751154156,0.0515279453,0.9999702261978997
unstructured,score,198,1,0,0.0,0.9954066751154156,0.0515279453,0.9999717603807458
unstructured,score,199,1,0,0.0,0.9954066751154156,0.0515279453,0.9999732155103019
