geometry,proposer,clock,index,at_risk,first_escapes,hazard
structured,random,interaction,1,10000,248,0.0248
structured,random,interaction,2,9752,246,0.025225594749794914
structured,random,interaction,3,9506,212,0.02230170418682937
structured,random,interaction,4,9294,254,0.02732945986658059
structured,random,interaction,5,9040,224,0.024778761061946902
structured,random,interaction,6,8816,228,0.02586206896551724
structured,random,interaction,7,8588,209,0.024336283185840708
structured,random,interaction,8,8379,218,0.026017424513665115
structured,random,interaction,9,8161,196,0.02401666462443328
structured,random,interaction,10,7965,214,0.026867545511613307
structured,random,interaction,11,7751,182,0.023480841181782997
structured,random,interaction,12,7569,176,0.02325274144536927
structured,random,interaction,13,7393,176,0.02380630325984039
structured,random,interaction,14,7217,174,0.0241097408895663
structured,random,interaction,15,7043,176,0.02498935112878035
structured,random,interaction,16,6867,193,0.028105431775156547
structured,random,interaction,17,6674,174,0.02607132154629907
structured,random,interaction,18,6500,149,0.022923076923076924
structured,random,interaction,19,6351,154,0.024248149897653913
structured,random,interaction,20,6197,152,0.024527997418105536
structured,random,interaction,21,6045,169,0.02795698924731183
structured,random,interaction,22,5876,142,0.024166099387338325
structured,random,interaction,23,5734,147,0.025636553889082665
structured,random,interaction,24,5587,146,0.02613209235725792
structured,random,interaction,25,5441,141,0.02591435397904797
structured,random,interaction,26,5300,136,0.025660377358490565
structured,random,interaction,27,5164,131,0.02536793183578621
structured,random,interaction,28,5033,122,0.02424001589509239
structured,random,interaction,29,4911,114,0.023213194868662187
structured,random,interaction,30,4797,140,0.02918490723368772
structured,random,interaction,31,4657,121,0.025982392097917115
structured,random,interaction,32,4536,115,0.025352733686067018
structured,random,interaction,33,4421,122,0.02759556661388826
structured,random,interaction,34,4299,111,0.025819958129797628
structured,random,interaction,35,4188,115,0.027459407831900668
structured,random,interaction,36,4073,101,0.024797446599558064
structured,random,interaction,37,3972,96,0.02416918429003021
structured,random,interaction,38,3876,103,0.026573787409700723
structured,random,interaction,39,3773,97,0.02570898489265836
structured,random,interaction,40,3676,88,0.023939064200217627
structured,random,interaction,41,3588,85,0.023690078037904124
structured,random,interaction,42,3503,64,0.018270054239223524
structured,random,interaction,43,3439,97,0.028205873800523407
structured,random,interaction,44,3342,77,0.023040095751047276
structured,random,interaction,45,3265,68,0.020826952526799388
structured,random,interaction,46,3197,99,0.030966531122927746
structured,random,interaction,47,3098,78,0.025177533892834086
structured,random,interaction,48,3020,76,0.025165562913907286
structured,random,interaction,49,2944,60,0.020380434782608696
structured,random,interaction,50,2884,71,0.024618585298196948
structured,random,interaction,51,2813,68,0.024173480270174193
structured,random,interaction,52,2745,70,0.025500910746812388
structured,random,interaction,53,2675,52,0.0194392523364486
structured,random,interaction,54,2623,50,0.019062142584826535
structured,random,interaction,55,2573,63,0.024485036921881073
structured,random,interaction,56,2510,64,0.02549800796812749
structured,random,interaction,57,2446,64,0.02616516762060507
structured,random,interaction,58,2382,49,0.020570948782535684
structured,random,interaction,59,2333,64,0.02743249035576511
structured,random,interaction,60,2269,63,0.027765535478184222
structured,random,interaction,61,2206,66,0.029918404351767906
structured,random,interaction,62,2140,57,0.02663551401869159
structured,random,interaction,63,2083,44,0.02112337974075852
structured,random,interaction,64,2039,59,0.02893575282000981
structured,random,interaction,65,1980,48,0.024242424242424242
structured,random,interaction,66,1932,47,0.024327122153209108
structured,random,interaction,67,1885,39,0.020689655172413793
structured,random,interaction,68,1846,36,0.01950162513542795
structured,random,interaction,69,1810,56,0.030939226519337018
structured,random,interaction,70,1754,49,0.027936145952109463
structured,random,interaction,71,1705,46,0.026979472140762465
structured,random,interaction,72,1659,37,0.02230259192284509
structured,random,interaction,73,1622,48,0.029593094944512947
structured,random,interaction,74,1574,40,0.025412960609911054
structured,random,interaction,75,1534,29,0.018904823989569754
structured,random,interaction,76,1505,33,0.021926910299003323
structured,random,interaction,77,1472,30,0.020380434782608696
structured,random,interaction,78,1442,39,0.027045769764216365
structured,random,interaction,79,1403,27,0.01924447612259444
structured,random,interaction,80,1376,50,0.036337209302325583
structured,random,interaction,81,1326,37,0.02790346907993967
structured,random,interaction,82,1289,29,0.022498060512024826
structured,random,interaction,83,1260,31,0.024603174603174603
structured,random,interaction,84,1229,34,0.027664768104149716
structured,random,interaction,85,1195,28,0.023430962343096235
structured,random,interaction,86,1167,25,0.021422450728363324
structured,random,interaction,87,1142,26,0.02276707530647986
structured,random,interaction,88,1116,32,0.02867383512544803
structured,random,interaction,89,1084,21,0.01937269372693727
structured,random,interaction,90,1063,31,0.02916274694261524
structured,random,interaction,91,1032,36,0.03488372093023256
structured,random,interaction,92,996,27,0.02710843373493976
structured,random,interaction,93,969,26,0.026831785345717233
structured,random,interaction,94,943,15,0.015906680805938492
structured,random,interaction,95,928,22,0.023706896551724137
structured,random,interaction,96,906,24,0.026490066225165563
structured,random,interaction,97,882,31,0.035147392290249435
structured,random,interaction,98,851,19,0.022326674500587545
structured,random,interaction,99,832,23,0.027644230769230768
structured,random,interaction,100,809,21,0.02595797280593325
structured,random,interaction,101,788,20,0.025380710659898477
structured,random,interaction,102,768,18,0.0234375
structured,random,interaction,103,750,11,0.014666666666666666
structured,random,interaction,104,739,15,0.02029769959404601
structured,random,interaction,105,724,19,0.026243093922651933
structured,random,interaction,106,705,12,0.01702127659574468
structured,random,interaction,107,693,18,0.025974025974025976
structured,random,interaction,108,675,18,0.02666666666666667
structured,random,interaction,109,657,13,0.0197869101978691
structured,random,interaction,110,644,17,0.026397515527950312
structured,random,interaction,111,627,11,0.017543859649122806
structured,random,interaction,112,616,13,0.021103896103896104
structured,random,interaction,113,603,18,0.029850746268656716
structured,random,interaction,114,585,10,0.017094017094017096
structured,random,interaction,115,575,14,0.02434782608695652
structured,random,interaction,116,561,22,0.0392156862745098
structured,random,interaction,117,539,19,0.03525046382189239
structured,random,interaction,118,520,15,0.028846153846153848
structured,random,interaction,119,505,11,0.02178217821782178
structured,random,interaction,120,494,14,0.02834008097165992
structured,random,interaction,121,480,10,0.020833333333333332
structured,random,interaction,122,470,11,0.023404255319148935
structured,random,interaction,123,459,6,0.013071895424836602
structured,random,interaction,124,453,17,0.037527593818984545
structured,random,interaction,125,436,10,0.022935779816513763
structured,random,interaction,126,426,8,0.018779342723004695
structured,random,interaction,127,418,9,0.0215311004784689
structured,random,interaction,128,409,9,0.022004889975550123
structured,random,interaction,129,400,6,0.015
structured,random,interaction,130,394,11,0.027918781725888325
structured,random,interaction,131,383,11,0.028720626631853787
structured,random,interaction,132,372,11,0.02956989247311828
structured,random,interaction,133,361,8,0.0221606648199446
structured,random,interaction,134,353,7,0.019830028328611898
structured,random,interaction,135,346,6,0.017341040462427744
structured,random,interaction,136,340,7,0.020588235294117647
structured,random,interaction,137,333,7,0.021021021021021023
structured,random,interaction,138,326,8,0.024539877300613498
structured,random,interaction,139,318,7,0.0220125786163522
structured,random,interaction,140,311,8,0.02572347266881029
structured,random,interaction,141,303,3,0.009900990099009901
structured,random,interaction,142,300,14,0.04666666666666667
structured,random,interaction,143,286,14,0.04895104895104895
structured,random,interaction,144,272,7,0.025735294117647058
structured,random,interaction,145,265,4,0.01509433962264151
structured,random,interaction,146,261,8,0.03065134099616858
structured,random,interaction,147,253,7,0.02766798418972332
structured,random,interaction,148,246,5,0.02032520325203252
structured,random,interaction,149,241,9,0.03734439834024896
structured,random,interaction,150,232,19,0.08189655172413793
structured,random,interaction,151,213,4,0.018779342723004695
structured,random,interaction,152,209,9,0.0430622009569378
structured,random,interaction,153,200,6,0.03
structured,random,interaction,154,194,0,0.0
structured,random,interaction,155,194,5,0.02577319587628866
structured,random,interaction,156,189,7,0.037037037037037035
structured,random,interaction,157,182,4,0.02197802197802198
structured,random,interaction,158,178,8,0.0449438202247191
structured,random,interaction,159,170,6,0.03529411764705882
structured,random,interaction,160,164,2,0.012195121951219513
structured,random,interaction,161,162,4,0.024691358024691357
structured,random,interaction,162,158,2,0.012658227848101266
structured,random,interaction,163,156,4,0.02564102564102564
structured,random,interaction,164,152,4,0.02631578947368421
structured,random,interaction,165,148,7,0.0472972972972973
structured,random,interaction,166,141,4,0.028368794326241134
structured,random,interaction,167,137,5,0.0364963503649635
structured,random,interaction,168,132,2,0.015151515151515152
structured,random,interaction,169,130,2,0.015384615384615385
structured,random,interaction,170,128,4,0.03125
structured,random,interaction,171,124,5,0.04032258064516129
structured,random,interaction,172,119,3,0.025210084033613446
structured,random,interaction,173,116,3,0.02586206896551724
structured,random,interaction,174,113,3,0.02654867256637168
structured,random,interaction,175,110,2,0.01818181818181818
structured,random,interaction,176,108,1,0.009259259259259259
structured,random,interaction,177,107,2,0.018691588785046728
structured,random,interaction,178,105,1,0.009523809523809525
structured,random,interaction,179,104,2,0.019230769230769232
structured,random,interaction,180,102,1,0.00980392156862745
structured,random,interaction,181,101,5,0.04950495049504951
structured,random,interaction,182,96,5,0.052083333333333336
structured,random,interaction,183,91,2,0.02197802197802198
structured,random,interaction,184,89,2,0.02247191011235955
structured,random,interaction,185,87,1,0.011494252873563218
structured,random,interaction,186,86,1,0.011627906976744186
structured,random,interaction,187,85,3,0.03529411764705882
structured,random,interaction,188,82,0,0.0
structured,random,interaction,189,82,8,0.0975609756097561
structured,random,interaction,190,74,0,0.0
structured,random,interaction,191,74,0,0.0
structured,random,interaction,192,74,4,0.05405405405405406
structured,random,interaction,193,70,1,0.014285714285714285
structured,random,interaction,194,69,3,0.043478260869565216
structured,random,interaction,195,66,1,0.015151515151515152
structured,random,interaction,196,65,4,0.06153846153846154
structured,random,interaction,197,61,1,0.01639344262295082
structured,random,interaction,198,60,1,0.016666666666666666
structured,random,interaction,199,59,1,0.01694915254237288
structured,random,interaction,200,58,2,0.034482758620689655
structured,random,interaction,201,56,0,0.0
structured,random,interaction,202,56,1,0.017857142857142856
structured,random,interaction,203,55,5,0.09090909090909091
structured,random,interaction,204,50,1,0.02
structured,random,interaction,205,49,2,0.04081632653061224
structured,random,interaction,206,47,1,0.02127659574468085
structured,random,interaction,207,46,1,0.021739130434782608
structured,random,interaction,208,45,0,0.0
structured,random,interaction,209,45,2,0.044444444444444446
structured,random,interaction,210,43,3,0.06976744186046512
structured,random,interaction,211,40,2,0.05
structured,random,interaction,212,38,0,0.0
structured,random,interaction,213,38,2,0.05263157894736842
structured,random,interaction,214,36,2,0.05555555555555555
structured,random,interaction,215,34,0,0.0
structured,random,interaction,216,34,0,0.0
structured,random,interaction,217,34,0,0.0
structured,random,interaction,218,34,0,0.0
structured,random,interaction,219,34,1,0.029411764705882353
structured,random,interaction,220,33,0,0.0
structured,random,interaction,221,33,0,0.0
structured,random,interaction,222,33,0,0.0
structured,random,interaction,223,33,0,0.0
structured,random,interaction,224,33,0,0.0
structured,random,interaction,225,33,1,0.030303030303030304
structured,random,interaction,226,32,0,0.0
structured,random,interaction,227,32,1,0.03125
structured,random,interaction,228,31,2,0.06451612903225806
structured,random,interaction,229,29,3,0.10344827586206896
structured,random,interaction,230,26,1,0.038461538461538464
structured,random,interaction,231,25,2,0.08
structured,random,interaction,232,23,1,0.043478260869565216
structured,random,interaction,233,22,0,0.0
structured,random,interaction,234,22,1,0.045454545454545456
structured,random,interaction,235,21,0,0.0
structured,random,interaction,236,21,1,0.047619047619047616
structured,random,interaction,237,20,1,0.05
structured,random,interaction,238,19,0,0.0
structured,random,interaction,239,19,0,0.0
structured,random,interaction,240,19,0,0.0
structured,random,interaction,241,19,0,0.0
structured,random,interaction,242,19,0,0.0
structured,random,interaction,243,19,1,0.05263157894736842
structured,random,interaction,244,18,2,0.1111111111111111
structured,random,interaction,245,16,0,0.0
structured,random,interaction,246,16,0,0.0
structured,random,interaction,247,16,1,0.0625
structured,random,interaction,248,15,0,0.0
structured,random,interaction,249,15,0,0.0
structured,random,interaction,250,15,2,0.13333333333333333
structured,random,interaction,251,13,1,0.07692307692307693
structured,random,interaction,252,12,0,0.0
structured,random,interaction,253,12,0,0.0
structured,random,interaction,254,12,0,0.0
structured,random,interaction,255,12,0,0.0
structured,random,interaction,256,12,1,0.08333333333333333
structured,random,invalid_query,1,10000,513,0.0513
structured,random,invalid_query,2,9487,463,0.04880362601454622
structured,random,invalid_query,3,9024,428,0.047429078014184396
structured,random,invalid_query,4,8596,425,0.04944160074453234
structured,random,invalid_query,5,8171,415,0.05078937706523069
structured,random,invalid_query,6,7756,400,0.05157297576070139
structured,random,invalid_query,7,7356,377,0.05125067971723763
structured,random,invalid_query,8,6979,324,0.04642498925347471
structured,random,invalid_query,9,6655,327,0.04913598797896319
structured,random,invalid_query,10,6328,334,0.052781289506953225
structured,random,invalid_query,11,5994,297,0.04954954954954955
structured,random,invalid_query,12,5697,316,0.05546779006494646
structured,random,invalid_query,13,5381,277,0.05147742055380041
structured,random,invalid_query,14,5104,256,0.050156739811912224
structured,random,invalid_query,15,4848,225,0.04641089108910891
structured,random,invalid_query,16,4623,242,0.05234696084793424
structured,random,invalid_query,17,4381,214,0.048847295138096325
structured,random,invalid_query,18,4167,212,0.05087592992560595
structured,random,invalid_query,19,3955,198,0.050063211125158026
structured,random,invalid_query,20,3757,206,0.05483098216662231
structured,random,invalid_query,21,3551,184,0.05181638974936638
structured,random,invalid_query,22,3367,162,0.04811404811404811
structured,random,invalid_query,23,3205,146,0.045553822152886114
structured,random,invalid_query,24,3059,147,0.04805491990846682
structured,random,invalid_query,25,2912,156,0.05357142857142857
structured,random,invalid_query,26,2756,132,0.047895500725689405
structured,random,invalid_query,27,2624,119,0.04535060975609756
structured,random,invalid_query,28,2505,117,0.046706586826347304
structured,random,invalid_query,29,2388,125,0.052345058626465664
structured,random,invalid_query,30,2263,105,0.04639858594785683
structured,random,invalid_query,31,2158,124,0.057460611677479144
structured,random,invalid_query,32,2034,110,0.05408062930186824
structured,random,invalid_query,33,1924,97,0.05041580041580042
structured,random,invalid_query,34,1827,85,0.046524356869184456
structured,random,invalid_query,35,1742,79,0.04535017221584386
structured,random,invalid_query,36,1663,78,0.04690318701142514
structured,random,invalid_query,37,1585,82,0.051735015772870666
structured,random,invalid_query,38,1503,63,0.041916167664670656
structured,random,invalid_query,39,1440,60,0.041666666666666664
structured,random,invalid_query,40,1380,82,0.059420289855072465
structured,random,invalid_query,41,1298,68,0.05238828967642527
structured,random,invalid_query,42,1230,62,0.05040650406504065
structured,random,invalid_query,43,1168,58,0.04965753424657534
structured,random,invalid_query,44,1110,51,0.04594594594594595
structured,random,invalid_query,45,1059,66,0.06232294617563739
structured,random,invalid_query,46,993,49,0.04934541792547835
structured,random,invalid_query,47,944,38,0.04025423728813559
structured,random,invalid_query,48,906,42,0.046357615894039736
structured,random,invalid_query,49,864,41,0.047453703703703706
structured,random,invalid_query,50,823,41,0.04981773997569866
structured,random,invalid_query,51,782,38,0.04859335038363171
structured,random,invalid_query,52,744,47,0.06317204301075269
structured,random,invalid_query,53,697,29,0.04160688665710186
structured,random,invalid_query,54,668,28,0.041916167664670656
structured,random,invalid_query,55,640,30,0.046875
structured,random,invalid_query,56,610,36,0.05901639344262295
structured,random,invalid_query,57,574,30,0.05226480836236934
structured,random,invalid_query,58,544,34,0.0625
structured,random,invalid_query,59,510,21,0.041176470588235294
structured,random,invalid_query,60,489,32,0.065439672801636
structured,random,invalid_query,61,457,29,0.06345733041575492
structured,random,invalid_query,62,428,21,0.04906542056074766
structured,random,invalid_query,63,407,20,0.04914004914004914
structured,random,invalid_query,64,387,13,0.03359173126614987
structured,random,invalid_query,65,374,21,0.05614973262032086
structured,random,invalid_query,66,353,19,0.053824362606232294
structured,random,invalid_query,67,334,16,0.04790419161676647
structured,random,invalid_query,68,318,11,0.03459119496855346
structured,random,invalid_query,69,307,14,0.04560260586319218
structured,random,invalid_query,70,293,13,0.04436860068259386
structured,random,invalid_query,71,280,8,0.02857142857142857
structured,random,invalid_query,72,272,21,0.07720588235294118
structured,random,invalid_query,73,251,19,0.07569721115537849
structured,random,invalid_query,74,232,8,0.034482758620689655
structured,random,invalid_query,75,224,15,0.06696428571428571
structured,random,invalid_query,76,209,11,0.05263157894736842
structured,random,invalid_query,77,198,7,0.03535353535353535
structured,random,invalid_query,78,191,17,0.08900523560209424
structured,random,invalid_query,79,174,13,0.07471264367816093
structured,random,invalid_query,80,161,7,0.043478260869565216
structured,random,invalid_query,81,154,4,0.025974025974025976
structured,random,invalid_query,82,150,11,0.07333333333333333
structured,random,invalid_query,83,139,3,0.02158273381294964
structured,random,invalid_query,84,136,10,0.07352941176470588
structured,random,invalid_query,85,126,9,0.07142857142857142
structured,random,invalid_query,86,117,5,0.042735042735042736
structured,random,invalid_query,87,112,7,0.0625
structured,random,invalid_query,88,105,6,0.05714285714285714
structured,random,invalid_query,89,99,5,0.050505050505050504
structured,random,invalid_query,90,94,3,0.031914893617021274
structured,random,invalid_query,91,91,5,0.054945054945054944
structured,random,invalid_query,92,86,2,0.023255813953488372
structured,random,invalid_query,93,84,4,0.047619047619047616
structured,random,invalid_query,94,80,6,0.075
structured,random,invalid_query,95,74,5,0.06756756756756757
structured,random,invalid_query,96,69,2,0.028985507246376812
structured,random,invalid_query,97,67,7,0.1044776119402985
structured,random,invalid_query,98,60,2,0.03333333333333333
structured,random,invalid_query,99,58,3,0.05172413793103448
structured,random,invalid_query,100,55,3,0.05454545454545454
structured,random,invalid_query,101,52,3,0.057692307692307696
structured,random,invalid_query,102,49,3,0.061224489795918366
structured,random,invalid_query,103,46,1,0.021739130434782608
structured,random,invalid_query,104,45,1,0.022222222222222223
structured,random,invalid_query,105,44,1,0.022727272727272728
structured,random,invalid_query,106,43,7,0.16279069767441862
structured,random,invalid_query,107,36,3,0.08333333333333333
structured,random,invalid_query,108,33,2,0.06060606060606061
structured,random,invalid_query,109,30,1,0.03333333333333333
structured,random,invalid_query,110,29,1,0.034482758620689655
structured,random,invalid_query,111,26,1,0.038461538461538464
structured,random,invalid_query,112,25,0,0.0
structured,random,invalid_query,113,25,0,0.0
structured,random,invalid_query,114,25,3,0.12
structured,random,invalid_query,115,21,0,0.0
structured,random,invalid_query,116,21,3,0.14285714285714285
structured,random,invalid_query,117,17,1,0.058823529411764705
structured,random,invalid_query,118,16,2,0.125
structured,random,invalid_query,119,14,1,0.07142857142857142
structured,random,invalid_query,120,13,1,0.07692307692307693
structured,random,invalid_query,121,12,0,0.0
structured,random,invalid_query,122,12,1,0.08333333333333333
structured,random,invalid_query,123,10,0,0.0
structured,random,invalid_query,124,10,0,0.0
structured,random,invalid_query,125,10,1,0.1
structured,random,invalid_query,126,9,1,0.1111111111111111
structured,random,invalid_query,127,8,1,0.125
structured,random,invalid_query,128,6,1,0.16666666666666666
structured,random,invalid_query,129,5,0,0.0
structured,random,invalid_query,130,5,0,0.0
structured,random,invalid_query,131,5,0,0.0
structured,random,invalid_query,132,5,0,0.0
structured,random,invalid_query,133,5,0,0.0
structured,random,invalid_query,134,4,0,0.0
structured,random,invalid_query,135,3,0,0.0
structured,random,invalid_query,136,3,0,0.0
structured,random,invalid_query,137,3,0,0.0
structured,random,invalid_query,138,1,0,0.0
structured,random,invalid_query,139,1,1,1.0
structured,random,invalid_query,140,0,0,
structured,random,invalid_query,141,0,0,
structured,random,invalid_query,142,0,0,
structured,random,invalid_query,143,0,0,
structured,random,invalid_query,144,0,0,
structured,random,invalid_query,145,0,0,
structured,random,invalid_query,146,0,0,
structured,random,invalid_query,147,0,0,
structured,random,invalid_query,148,0,0,
structured,random,invalid_query,149,0,0,
structured,random,invalid_query,150,0,0,
structured,random,invalid_query,151,0,0,
structured,random,invalid_query,152,0,0,
structured,random,invalid_query,153,0,0,
structured,random,invalid_query,154,0,0,
structured,random,invalid_query,155,0,0,
structured,random,invalid_query,156,0,0,
structured,random,invalid_query,157,0,0,
structured,random,invalid_query,158,0,0,
structured,random,invalid_query,159,0,0,
structured,random,invalid_query,160,0,0,
structured,random,invalid_query,161,0,0,
structured,random,invalid_query,162,0,0,
structured,random,invalid_query,163,0,0,
structured,random,invalid_query,164,0,0,
structured,random,invalid_query,165,0,0,
structured,random,invalid_query,166,0,0,
structured,random,invalid_query,167,0,0,
structured,random,invalid_query,168,0,0,
structured,random,invalid_query,169,0,0,
structured,random,invalid_query,170,0,0,
structured,random,invalid_query,171,0,0,
structured,random,invalid_query,172,0,0,
structured,random,invalid_query,173,0,0,
structured,random,invalid_query,174,0,0,
structured,random,invalid_query,175,0,0,
structured,random,invalid_query,176,0,0,
structured,random,invalid_query,177,0,0,
structured,random,invalid_query,178,0,0,
structured,random,invalid_query,179,0,0,
structured,random,invalid_query,180,0,0,
structured,random,invalid_query,181,0,0,
structured,random,invalid_query,182,0,0,
structured,random,invalid_query,183,0,0,
structured,random,invalid_query,184,0,0,
structured,random,invalid_query,185,0,0,
structured,random,invalid_query,186,0,0,
structured,random,invalid_query,187,0,0,
structured,random,invalid_query,188,0,0,
structured,random,invalid_query,189,0,0,
structured,random,invalid_query,190,0,0,
structured,random,invalid_query,191,0,0,
structured,random,invalid_query,192,0,0,
structured,random,invalid_query,193,0,0,
structured,random,invalid_query,194,0,0,
structured,random,invalid_query,195,0,0,
structured,random,invalid_query,196,0,0,
structured,random,invalid_query,197,0,0,
structured,random,invalid_query,198,0,0,
structured,random,invalid_query,199,0,0,
structured,random,invalid_query,200,0,0,
structured,random,invalid_query,201,0,0,
structured,random,invalid_query,202,0,0,
structured,random,invalid_query,203,0,0,
structured,random,invalid_query,204,0,0,
structured,random,invalid_query,205,0,0,
structured,random,invalid_query,206,0,0,
structured,random,invalid_query,207,0,0,
structured,random,invalid_query,208,0,0,
structured,random,invalid_query,209,0,0,
structured,random,invalid_query,210,0,0,
structured,random,invalid_query,211,0,0,
structured,random,invalid_query,212,0,0,
structured,random,invalid_query,213,0,0,
structured,random,invalid_query,214,0,0,
structured,random,invalid_query,215,0,0,
structured,random,invalid_query,216,0,0,
structured,random,invalid_query,217,0,0,
structured,random,invalid_query,218,0,0,
structured,random,invalid_query,219,0,0,
structured,random,invalid_query,220,0,0,
structured,random,invalid_query,221,0,0,
structured,random,invalid_query,222,0,0,
structured,random,invalid_query,223,0,0,
structured,random,invalid_query,224,0,0,
structured,random,invalid_query,225,0,0,
structured,random,invalid_query,226,0,0,
structured,random,invalid_query,227,0,0,
structured,random,invalid_query,228,0,0,
structured,random,invalid_query,229,0,0,
structured,random,invalid_query,230,0,0,
structured,random,invalid_query,231,0,0,
structured,random,invalid_query,232,0,0,
structured,random,invalid_query,233,0,0,
structured,random,invalid_query,234,0,0,
structured,random,invalid_query,235,0,0,
structured,random,invalid_query,236,0,0,
structured,random,invalid_query,237,0,0,
structured,random,invalid_query,238,0,0,
structured,random,invalid_query,239,0,0,
structured,random,invalid_query,240,0,0,
structured,random,invalid_query,241,0,0,
structured,random,invalid_query,242,0,0,
structured,random,invalid_query,243,0,0,
structured,random,invalid_query,244,0,0,
structured,random,invalid_query,245,0,0,
structured,random,invalid_query,246,0,0,
structured,random,invalid_query,247,0,0,
structured,random,invalid_query,248,0,0,
structured,random,invalid_query,249,0,0,
structured,random,invalid_query,250,0,0,
structured,random,invalid_query,251,0,0,
structured,random,invalid_query,252,0,0,
structured,random,invalid_query,253,0,0,
structured,random,invalid_query,254,0,0,
structured,random,invalid_query,255,0,0,
structured,random,invalid_query,256,0,0,
structured,nonadaptive,interaction,1,10000,0,0.0
structured,nonadaptive,interaction,2,10000,0,0.0
structured,nonadaptive,interaction,3,10000,0,0.0
structured,nonadaptive,interaction,4,10000,0,0.0
structured,nonadaptive,interaction,5,10000,0,0.0
structured,nonadaptive,interaction,6,10000,0,0.0
structured,nonadaptive,interaction,7,10000,0,0.0
structured,nonadaptive,interaction,8,10000,0,0.0
structured,nonadaptive,interaction,9,10000,0,0.0
structured,nonadaptive,interaction,10,10000,0,0.0
structured,nonadaptive,interaction,11,10000,0,0.0
structured,nonadaptive,interaction,12,10000,0,0.0
structured,nonadaptive,interaction,13,10000,0,0.0
structured,nonadaptive,interaction,14,10000,0,0.0
structured,nonadaptive,interaction,15,10000,0,0.0
structured,nonadaptive,interaction,16,10000,0,0.0
structured,nonadaptive,interaction,17,10000,0,0.0
structured,nonadaptive,interaction,18,10000,0,0.0
structured,nonadaptive,interaction,19,10000,0,0.0
structured,nonadaptive,interaction,20,10000,0,0.0
structured,nonadaptive,interaction,21,10000,0,0.0
structured,nonadaptive,interaction,22,10000,0,0.0
structured,nonadaptive,interaction,23,10000,0,0.0
structured,nonadaptive,interaction,24,10000,0,0.0
structured,nonadaptive,interaction,25,10000,0,0.0
structured,nonadaptive,interaction,26,10000,0,0.0
structured,nonadaptive,interaction,27,10000,0,0.0
structured,nonadaptive,interaction,28,10000,0,0.0
structured,nonadaptive,interaction,29,10000,0,0.0
structured,nonadaptive,interaction,30,10000,0,0.0
structured,nonadaptive,interaction,31,10000,0,0.0
structured,nonadaptive,interaction,32,10000,0,0.0
structured,nonadaptive,interaction,33,10000,0,0.0
structured,nonadaptive,interaction,34,10000,0,0.0
structured,nonadaptive,interaction,35,10000,0,0.0
structured,nonadaptive,interaction,36,10000,0,0.0
structured,nonadaptive,interaction,37,10000,0,0.0
structured,nonadaptive,interaction,38,10000,0,0.0
structured,nonadaptive,interaction,39,10000,0,0.0
structured,nonadaptive,interaction,40,10000,0,0.0
structured,nonadaptive,interaction,41,10000,0,0.0
structured,nonadaptive,interaction,42,10000,0,0.0
structured,nonadaptive,interaction,43,10000,0,0.0
structured,nonadaptive,interaction,44,10000,0,0.0
structured,nonadaptive,interaction,45,10000,0,0.0
structured,nonadaptive,interaction,46,10000,0,0.0
structured,nonadaptive,interaction,47,10000,0,0.0
structured,nonadaptive,interaction,48,10000,0,0.0
structured,nonadaptive,interaction,49,10000,0,0.0
structured,nonadaptive,interaction,50,10000,0,0.0
structured,nonadaptive,interaction,51,10000,0,0.0
structured,nonadaptive,interaction,52,10000,0,0.0
structured,nonadaptive,interaction,53,10000,0,0.0
structured,nonadaptive,interaction,54,10000,0,0.0
structured,nonadaptive,interaction,55,10000,0,0.0
structured,nonadaptive,interaction,56,10000,0,0.0
structured,nonadaptive,interaction,57,10000,0,0.0
structured,nonadaptive,interaction,58,10000,0,0.0
structured,nonadaptive,interaction,59,10000,0,0.0
structured,nonadaptive,interaction,60,10000,0,0.0
structured,nonadaptive,interaction,61,10000,0,0.0
structured,nonadaptive,interaction,62,10000,2,0.0002
structured,nonadaptive,interaction,63,9998,1,0.00010002000400080016
structured,nonadaptive,interaction,64,9997,3,0.00030009002700810244
structured,nonadaptive,interaction,65,9994,3,0.0003001801080648389
structured,nonadaptive,interaction,66,9991,5,0.0005004504053648283
structured,nonadaptive,interaction,67,9986,4,0.0004005607850991388
structured,nonadaptive,interaction,68,9982,9,0.0009016229212582649
structured,nonadaptive,interaction,69,9973,14,0.001403790233630803
structured,nonadaptive,interaction,70,9959,15,0.0015061753188071092
structured,nonadaptive,interaction,71,9944,30,0.0030168946098149637
structured,nonadaptive,interaction,72,9914,17,0.001714746822675005
structured,nonadaptive,interaction,73,9897,44,0.004445791654036577
structured,nonadaptive,interaction,74,9853,50,0.005074596569572719
structured,nonadaptive,interaction,75,9803,56,0.005712536978475977
structured,nonadaptive,interaction,76,9747,83,0.008515440648404638
structured,nonadaptive,interaction,77,9664,106,0.010968543046357616
structured,nonadaptive,interaction,78,9558,120,0.012554927809165096
structured,nonadaptive,interaction,79,9438,123,0.013032422123331213
structured,nonadaptive,interaction,80,9315,169,0.01814278046162104
structured,nonadaptive,interaction,81,9146,184,0.020118084408484584
structured,nonadaptive,interaction,82,8962,210,0.023432269582682436
structured,nonadaptive,interaction,83,8752,242,0.027650822669104205
structured,nonadaptive,interaction,84,8510,263,0.0309048178613396
structured,nonadaptive,interaction,85,8247,314,0.03807445131562993
structured,nonadaptive,interaction,86,7933,309,0.03895121643766545
structured,nonadaptive,interaction,87,7624,366,0.04800629590766002
structured,nonadaptive,interaction,88,7258,369,0.050840451915128135
structured,nonadaptive,interaction,89,6889,400,0.05806357961968355
structured,nonadaptive,interaction,90,6489,383,0.0590229619355833
structured,nonadaptive,interaction,91,6106,391,0.06403537504094334
structured,nonadaptive,interaction,92,5715,407,0.07121609798775153
structured,nonadaptive,interaction,93,5308,408,0.07686510926902788
structured,nonadaptive,interaction,94,4900,385,0.07857142857142857
structured,nonadaptive,interaction,95,4515,366,0.08106312292358804
structured,nonadaptive,interaction,96,4149,349,0.08411665461557001
structured,nonadaptive,interaction,97,3800,340,0.08947368421052632
structured,nonadaptive,interaction,98,3460,356,0.10289017341040463
structured,nonadaptive,interaction,99,3104,280,0.09020618556701031
structured,nonadaptive,interaction,100,2824,301,0.10658640226628895
structured,nonadaptive,interaction,101,2523,288,0.11414982164090369
structured,nonadaptive,interaction,102,2235,262,0.11722595078299776
structured,nonadaptive,interaction,103,1973,229,0.11606690319310695
structured,nonadaptive,interaction,104,1744,211,0.12098623853211009
structured,nonadaptive,interaction,105,1533,176,0.11480756686236138
structured,nonadaptive,interaction,106,1357,178,0.131171702284451
structured,nonadaptive,interaction,107,1179,153,0.1297709923664122
structured,nonadaptive,interaction,108,1026,122,0.1189083820662768
structured,nonadaptive,interaction,109,904,117,0.12942477876106195
structured,nonadaptive,interaction,110,787,117,0.14866581956797967
structured,nonadaptive,interaction,111,670,84,0.1253731343283582
structured,nonadaptive,interaction,112,586,96,0.16382252559726962
structured,nonadaptive,interaction,113,490,66,0.1346938775510204
structured,nonadaptive,interaction,114,424,57,0.13443396226415094
structured,nonadaptive,interaction,115,367,48,0.1307901907356948
structured,nonadaptive,interaction,116,319,42,0.13166144200626959
structured,nonadaptive,interaction,117,277,45,0.1624548736462094
structured,nonadaptive,interaction,118,232,30,0.12931034482758622
structured,nonadaptive,interaction,119,202,28,0.13861386138613863
structured,nonadaptive,interaction,120,174,17,0.09770114942528736
structured,nonadaptive,interaction,121,157,27,0.17197452229299362
structured,nonadaptive,interaction,122,130,20,0.15384615384615385
structured,nonadaptive,interaction,123,110,11,0.1
structured,nonadaptive,interaction,124,99,13,0.13131313131313133
structured,nonadaptive,interaction,125,86,15,0.1744186046511628
structured,nonadaptive,interaction,126,71,10,0.14084507042253522
structured,nonadaptive,interaction,127,61,13,0.21311475409836064
structured,nonadaptive,interaction,128,48,8,0.16666666666666666
structured,nonadaptive,interaction,129,40,5,0.125
structured,nonadaptive,interaction,130,35,6,0.17142857142857143
structured,nonadaptive,interaction,131,29,1,0.034482758620689655
structured,nonadaptive,interaction,132,28,2,0.07142857142857142
structured,nonadaptive,interaction,133,26,2,0.07692307692307693
structured,nonadaptive,interaction,134,24,1,0.041666666666666664
structured,nonadaptive,interaction,135,23,2,0.08695652173913043
structured,nonadaptive,interaction,136,21,0,0.0
structured,nonadaptive,interaction,137,21,0,0.0
structured,nonadaptive,interaction,138,21,0,0.0
structured,nonadaptive,interaction,139,21,1,0.047619047619047616
structured,nonadaptive,interaction,140,20,1,0.05
structured,nonadaptive,interaction,141,19,1,0.05263157894736842
structured,nonadaptive,interaction,142,18,1,0.05555555555555555
structured,nonadaptive,interaction,143,17,0,0.0
structured,nonadaptive,interaction,144,17,0,0.0
structured,nonadaptive,interaction,145,17,0,0.0
structured,nonadaptive,interaction,146,17,0,0.0
structured,nonadaptive,interaction,147,17,0,0.0
structured,nonadaptive,interaction,148,17,0,0.0
structured,nonadaptive,interaction,149,17,0,0.0
structured,nonadaptive,interaction,150,17,0,0.0
structured,nonadaptive,interaction,151,17,0,0.0
structured,nonadaptive,interaction,152,17,0,0.0
structured,nonadaptive,interaction,153,17,0,0.0
structured,nonadaptive,interaction,154,17,0,0.0
structured,nonadaptive,interaction,155,17,0,0.0
structured,nonadaptive,interaction,156,17,0,0.0
structured,nonadaptive,interaction,157,17,0,0.0
structured,nonadaptive,interaction,158,17,0,0.0
structured,nonadaptive,interaction,159,17,0,0.0
structured,nonadaptive,interaction,160,17,0,0.0
structured,nonadaptive,interaction,161,17,0,0.0
structured,nonadaptive,interaction,162,17,0,0.0
structured,nonadaptive,interaction,163,17,0,0.0
structured,nonadaptive,interaction,164,17,0,0.0
structured,nonadaptive,interaction,165,17,0,0.0
structured,nonadaptive,interaction,166,17,0,0.0
structured,nonadaptive,interaction,167,17,0,0.0
structured,nonadaptive,interaction,168,17,0,0.0
structured,nonadaptive,interaction,169,17,0,0.0
structured,nonadaptive,interaction,170,17,0,0.0
structured,nonadaptive,interaction,171,17,0,0.0
structured,nonadaptive,interaction,172,17,0,0.0
structured,nonadaptive,interaction,173,17,0,0.0
structured,nonadaptive,interaction,174,17,0,0.0
structured,nonadaptive,interaction,175,17,0,0.0
structured,nonadaptive,interaction,176,17,0,0.0
structured,nonadaptive,interaction,177,17,0,0.0
structured,nonadaptive,interaction,178,17,0,0.0
structured,nonadaptive,interaction,179,17,0,0.0
structured,nonadaptive,interaction,180,17,0,0.0
structured,nonadaptive,interaction,181,17,0,0.0
structured,nonadaptive,interaction,182,17,0,0.0
structured,nonadaptive,interaction,183,17,0,0.0
structured,nonadaptive,interaction,184,17,0,0.0
structured,nonadaptive,interaction,185,17,0,0.0
structured,nonadaptive,interaction,186,17,0,0.0
structured,nonadaptive,interaction,187,17,0,0.0
structured,nonadaptive,interaction,188,17,0,0.0
structured,nonadaptive,interaction,189,17,0,0.0
structured,nonadaptive,interaction,190,17,0,0.0
structured,nonadaptive,interaction,191,17,0,0.0
structured,nonadaptive,interaction,192,17,0,0.0
structured,nonadaptive,interaction,193,17,0,0.0
structured,nonadaptive,interaction,194,17,0,0.0
structured,nonadaptive,interaction,195,17,0,0.0
structured,nonadaptive,interaction,196,17,0,0.0
structured,nonadaptive,interaction,197,17,0,0.0
structured,nonadaptive,interaction,198,17,0,0.0
structured,nonadaptive,interaction,199,17,0,0.0
structured,nonadaptive,interaction,200,17,0,0.0
structured,nonadaptive,interaction,201,17,0,0.0
structured,nonadaptive,interaction,202,17,0,0.0
structured,nonadaptive,interaction,203,17,0,0.0
structured,nonadaptive,interaction,204,17,0,0.0
structured,nonadaptive,interaction,205,17,0,0.0
structured,nonadaptive,interaction,206,17,0,0.0
structured,nonadaptive,interaction,207,17,0,0.0
structured,nonadaptive,interaction,208,17,0,0.0
structured,nonadaptive,interaction,209,17,0,0.0
structured,nonadaptive,interaction,210,17,0,0.0
structured,nonadaptive,interaction,211,17,0,0.0
structured,nonadaptive,interaction,212,17,0,0.0
structured,nonadaptive,interaction,213,17,0,0.0
structured,nonadaptive,interaction,214,17,0,0.0
structured,nonadaptive,interaction,215,17,0,0.0
structured,nonadaptive,interaction,216,17,0,0.0
structured,nonadaptive,interaction,217,17,0,0.0
structured,nonadaptive,interaction,218,17,0,0.0
structured,nonadaptive,interaction,219,17,0,0.0
structured,nonadaptive,interaction,220,17,0,0.0
structured,nonadaptive,interaction,221,17,0,0.0
structured,nonadaptive,interaction,222,17,0,0.0
structured,nonadaptive,interaction,223,17,0,0.0
structured,nonadaptive,interaction,224,17,0,0.0
structured,nonadaptive,interaction,225,17,0,0.0
structured,nonadaptive,interaction,226,17,0,0.0
structured,nonadaptive,interaction,227,17,0,0.0
structured,nonadaptive,interaction,228,17,0,0.0
structured,nonadaptive,interaction,229,17,0,0.0
structured,nonadaptive,interaction,230,17,0,0.0
structured,nonadaptive,interaction,231,17,0,0.0
structured,nonadaptive,interaction,232,17,0,0.0
structured,nonadaptive,interaction,233,17,0,0.0
structured,nonadaptive,interaction,234,17,0,0.0
structured,nonadaptive,interaction,235,17,0,0.0
structured,nonadaptive,interaction,236,17,0,0.0
structured,nonadaptive,interaction,237,17,0,0.0
structured,nonadaptive,interaction,238,17,0,0.0
structured,nonadaptive,interaction,239,17,0,0.0
structured,nonadaptive,interaction,240,17,0,0.0
structured,nonadaptive,interaction,241,17,0,0.0
structured,nonadaptive,interaction,242,17,0,0.0
structured,nonadaptive,interaction,243,17,0,0.0
structured,nonadaptive,interaction,244,17,0,0.0
structured,nonadaptive,interaction,245,17,0,0.0
structured,nonadaptive,interaction,246,17,0,0.0
structured,nonadaptive,interaction,247,17,0,0.0
structured,nonadaptive,interaction,248,17,0,0.0
structured,nonadaptive,interaction,249,17,0,0.0
structured,nonadaptive,interaction,250,17,0,0.0
structured,nonadaptive,interaction,251,17,0,0.0
structured,nonadaptive,interaction,252,17,0,0.0
structured,nonadaptive,interaction,253,17,0,0.0
structured,nonadaptive,interaction,254,17,0,0.0
structured,nonadaptive,interaction,255,17,0,0.0
structured,nonadaptive,interaction,256,17,0,0.0
structured,nonadaptive,invalid_query,1,10000,0,0.0
structured,nonadaptive,invalid_query,2,10000,0,0.0
structured,nonadaptive,invalid_query,3,10000,0,0.0
structured,nonadaptive,invalid_query,4,10000,0,0.0
structured,nonadaptive,invalid_query,5,10000,0,0.0
structured,nonadaptive,invalid_query,6,10000,0,0.0
structured,nonadaptive,invalid_query,7,10000,0,0.0
structured,nonadaptive,invalid_query,8,10000,0,0.0
structured,nonadaptive,invalid_query,9,10000,0,0.0
structured,nonadaptive,invalid_query,10,10000,0,0.0
structured,nonadaptive,invalid_query,11,10000,0,0.0
structured,nonadaptive,invalid_query,12,10000,0,0.0
structured,nonadaptive,invalid_query,13,10000,0,0.0
structured,nonadaptive,invalid_query,14,10000,0,0.0
structured,nonadaptive,invalid_query,15,10000,0,0.0
structured,nonadaptive,invalid_query,16,10000,0,0.0
structured,nonadaptive,invalid_query,17,10000,0,0.0
structured,nonadaptive,invalid_query,18,10000,0,0.0
structured,nonadaptive,invalid_query,19,10000,0,0.0
structured,nonadaptive,invalid_query,20,10000,0,0.0
structured,nonadaptive,invalid_query,21,10000,0,0.0
structured,nonadaptive,invalid_query,22,10000,0,0.0
structured,nonadaptive,invalid_query,23,10000,0,0.0
structured,nonadaptive,invalid_query,24,10000,0,0.0
structured,nonadaptive,invalid_query,25,10000,0,0.0
structured,nonadaptive,invalid_query,26,10000,0,0.0
structured,nonadaptive,invalid_query,27,10000,0,0.0
structured,nonadaptive,invalid_query,28,10000,0,0.0
structured,nonadaptive,invalid_query,29,10000,0,0.0
structured,nonadaptive,invalid_query,30,10000,0,0.0
structured,nonadaptive,invalid_query,31,10000,0,0.0
structured,nonadaptive,invalid_query,32,10000,0,0.0
structured,nonadaptive,invalid_query,33,10000,0,0.0
structured,nonadaptive,invalid_query,34,10000,0,0.0
structured,nonadaptive,invalid_query,35,10000,0,0.0
structured,nonadaptive,invalid_query,36,10000,0,0.0
structured,nonadaptive,invalid_query,37,10000,0,0.0
structured,nonadaptive,invalid_query,38,10000,0,0.0
structured,nonadaptive,invalid_query,39,10000,0,0.0
structured,nonadaptive,invalid_query,40,10000,0,0.0
structured,nonadaptive,invalid_query,41,10000,0,0.0
structured,nonadaptive,invalid_query,42,10000,0,0.0
structured,nonadaptive,invalid_query,43,10000,0,0.0
structured,nonadaptive,invalid_query,44,10000,0,0.0
structured,nonadaptive,invalid_query,45,10000,0,0.0
structured,nonadaptive,invalid_query,46,10000,0,0.0
structured,nonadaptive,invalid_query,47,10000,0,0.0
structured,nonadaptive,invalid_query,48,10000,0,0.0
structured,nonadaptive,invalid_query,49,10000,0,0.0
structured,nonadaptive,invalid_query,50,10000,0,0.0
structured,nonadaptive,invalid_query,51,10000,0,0.0
structured,nonadaptive,invalid_query,52,10000,0,0.0
structured,nonadaptive,invalid_query,53,10000,0,0.0
structured,nonadaptive,invalid_query,54,10000,0,0.0
structured,nonadaptive,invalid_query,55,10000,0,0.0
structured,nonadaptive,invalid_query,56,10000,0,0.0
structured,nonadaptive,invalid_query,57,10000,0,0.0
structured,nonadaptive,invalid_query,58,10000,0,0.0
structured,nonadaptive,invalid_query,59,10000,0,0.0
structured,nonadaptive,invalid_query,60,10000,0,0.0
structured,nonadaptive,invalid_query,61,10000,0,0.0
structured,nonadaptive,invalid_query,62,10000,2,0.0002
structured,nonadaptive,invalid_query,63,9998,1,0.00010002000400080016
structured,nonadaptive,invalid_query,64,9997,3,0.00030009002700810244
structured,nonadaptive,invalid_query,65,9994,3,0.0003001801080648389
structured,nonadaptive,invalid_query,66,9991,5,0.0005004504053648283
structured,nonadaptive,invalid_query,67,9986,4,0.0004005607850991388
structured,nonadaptive,invalid_query,68,9982,9,0.0009016229212582649
structured,nonadaptive,invalid_query,69,9973,14,0.001403790233630803
structured,nonadaptive,invalid_query,70,9959,15,0.0015061753188071092
structured,nonadaptive,invalid_query,71,9944,30,0.0030168946098149637
structured,nonadaptive,invalid_query,72,9914,17,0.001714746822675005
structured,nonadaptive,invalid_query,73,9897,44,0.004445791654036577
structured,nonadaptive,invalid_query,74,9853,50,0.005074596569572719
structured,nonadaptive,invalid_query,75,9803,56,0.005712536978475977
structured,nonadaptive,invalid_query,76,9747,83,0.008515440648404638
structured,nonadaptive,invalid_query,77,9664,106,0.010968543046357616
structured,nonadaptive,invalid_query,78,9558,120,0.012554927809165096
structured,nonadaptive,invalid_query,79,9438,123,0.013032422123331213
structured,nonadaptive,invalid_query,80,9315,169,0.01814278046162104
structured,nonadaptive,invalid_query,81,9146,184,0.020118084408484584
structured,nonadaptive,invalid_query,82,8962,210,0.023432269582682436
structured,nonadaptive,invalid_query,83,8752,242,0.027650822669104205
structured,nonadaptive,invalid_query,84,8510,263,0.0309048178613396
structured,nonadaptive,invalid_query,85,8247,314,0.03807445131562993
structured,nonadaptive,invalid_query,86,7933,309,0.03895121643766545
structured,nonadaptive,invalid_query,87,7624,366,0.04800629590766002
structured,nonadaptive,invalid_query,88,7258,369,0.050840451915128135
structured,nonadaptive,invalid_query,89,6889,400,0.05806357961968355
structured,nonadaptive,invalid_query,90,6489,383,0.0590229619355833
structured,nonadaptive,invalid_query,91,6106,391,0.06403537504094334
structured,nonadaptive,invalid_query,92,5715,407,0.07121609798775153
structured,nonadaptive,invalid_query,93,5308,408,0.07686510926902788
structured,nonadaptive,invalid_query,94,4900,385,0.07857142857142857
structured,nonadaptive,invalid_query,95,4515,366,0.08106312292358804
structured,nonadaptive,invalid_query,96,4149,349,0.08411665461557001
structured,nonadaptive,invalid_query,97,3800,340,0.08947368421052632
structured,nonadaptive,invalid_query,98,3460,356,0.10289017341040463
structured,nonadaptive,invalid_query,99,3104,280,0.09020618556701031
structured,nonadaptive,invalid_query,100,2824,301,0.10658640226628895
structured,nonadaptive,invalid_query,101,2523,288,0.11414982164090369
structured,nonadaptive,invalid_query,102,2235,262,0.11722595078299776
structured,nonadaptive,invalid_query,103,1973,229,0.11606690319310695
structured,nonadaptive,invalid_query,104,1744,211,0.12098623853211009
structured,nonadaptive,invalid_query,105,1533,176,0.11480756686236138
structured,nonadaptive,invalid_query,106,1357,178,0.131171702284451
structured,nonadaptive,invalid_query,107,1179,153,0.1297709923664122
structured,nonadaptive,invalid_query,108,1026,122,0.1189083820662768
structured,nonadaptive,invalid_query,109,904,117,0.12942477876106195
structured,nonadaptive,invalid_query,110,787,117,0.14866581956797967
structured,nonadaptive,invalid_query,111,670,84,0.1253731343283582
structured,nonadaptive,invalid_query,112,585,96,0.1641025641025641
structured,nonadaptive,invalid_query,113,488,66,0.13524590163934427
structured,nonadaptive,invalid_query,114,422,57,0.13507109004739337
structured,nonadaptive,invalid_query,115,364,48,0.13186813186813187
structured,nonadaptive,invalid_query,116,316,42,0.13291139240506328
structured,nonadaptive,invalid_query,117,274,45,0.16423357664233576
structured,nonadaptive,invalid_query,118,228,30,0.13157894736842105
structured,nonadaptive,invalid_query,119,198,28,0.1414141414141414
structured,nonadaptive,invalid_query,120,170,17,0.1
structured,nonadaptive,invalid_query,121,152,27,0.17763157894736842
structured,nonadaptive,invalid_query,122,124,20,0.16129032258064516
structured,nonadaptive,invalid_query,123,103,11,0.10679611650485436
structured,nonadaptive,invalid_query,124,91,13,0.14285714285714285
structured,nonadaptive,invalid_query,125,76,15,0.19736842105263158
structured,nonadaptive,invalid_query,126,61,10,0.16393442622950818
structured,nonadaptive,invalid_query,127,51,13,0.2549019607843137
structured,nonadaptive,invalid_query,128,37,8,0.21621621621621623
structured,nonadaptive,invalid_query,129,28,5,0.17857142857142858
structured,nonadaptive,invalid_query,130,21,6,0.2857142857142857
structured,nonadaptive,invalid_query,131,14,1,0.07142857142857142
structured,nonadaptive,invalid_query,132,13,2,0.15384615384615385
structured,nonadaptive,invalid_query,133,11,2,0.18181818181818182
structured,nonadaptive,invalid_query,134,8,1,0.125
structured,nonadaptive,invalid_query,135,7,2,0.2857142857142857
structured,nonadaptive,invalid_query,136,5,0,0.0
structured,nonadaptive,invalid_query,137,5,0,0.0
structured,nonadaptive,invalid_query,138,5,0,0.0
structured,nonadaptive,invalid_query,139,5,1,0.2
structured,nonadaptive,invalid_query,140,4,1,0.25
structured,nonadaptive,invalid_query,141,3,1,0.3333333333333333
structured,nonadaptive,invalid_query,142,2,1,0.5
structured,nonadaptive,invalid_query,143,1,0,0.0
structured,nonadaptive,invalid_query,144,0,0,
structured,nonadaptive,invalid_query,145,0,0,
structured,nonadaptive,invalid_query,146,0,0,
structured,nonadaptive,invalid_query,147,0,0,
structured,nonadaptive,invalid_query,148,0,0,
structured,nonadaptive,invalid_query,149,0,0,
structured,nonadaptive,invalid_query,150,0,0,
structured,nonadaptive,invalid_query,151,0,0,
structured,nonadaptive,invalid_query,152,0,0,
structured,nonadaptive,invalid_query,153,0,0,
structured,nonadaptive,invalid_query,154,0,0,
structured,nonadaptive,invalid_query,155,0,0,
structured,nonadaptive,invalid_query,156,0,0,
structured,nonadaptive,invalid_query,157,0,0,
structured,nonadaptive,invalid_query,158,0,0,
structured,nonadaptive,invalid_query,159,0,0,
structured,nonadaptive,invalid_query,160,0,0,
structured,nonadaptive,invalid_query,161,0,0,
structured,nonadaptive,invalid_query,162,0,0,
structured,nonadaptive,invalid_query,163,0,0,
structured,nonadaptive,invalid_query,164,0,0,
structured,nonadaptive,invalid_query,165,0,0,
structured,nonadaptive,invalid_query,166,0,0,
structured,nonadaptive,invalid_query,167,0,0,
structured,nonadaptive,invalid_query,168,0,0,
structured,nonadaptive,invalid_query,169,0,0,
structured,nonadaptive,invalid_query,170,0,0,
structured,nonadaptive,invalid_query,171,0,0,
structured,nonadaptive,invalid_query,172,0,0,
structured,nonadaptive,invalid_query,173,0,0,
structured,nonadaptive,invalid_query,174,0,0,
structured,nonadaptive,invalid_query,175,0,0,
structured,nonadaptive,invalid_query,176,0,0,
structured,nonadaptive,invalid_query,177,0,0,
structured,nonadaptive,invalid_query,178,0,0,
structured,nonadaptive,invalid_query,179,0,0,
structured,nonadaptive,invalid_query,180,0,0,
structured,nonadaptive,invalid_query,181,0,0,
structured,nonadaptive,invalid_query,182,0,0,
structured,nonadaptive,invalid_query,183,0,0,
structured,nonadaptive,invalid_query,184,0,0,
structured,nonadaptive,invalid_query,185,0,0,
structured,nonadaptive,invalid_query,186,0,0,
structured,nonadaptive,invalid_query,187,0,0,
structured,nonadaptive,invalid_query,188,0,0,
structured,nonadaptive,invalid_query,189,0,0,
structured,nonadaptive,invalid_query,190,0,0,
structured,nonadaptive,invalid_query,191,0,0,
structured,nonadaptive,invalid_query,192,0,0,
structured,nonadaptive,invalid_query,193,0,0,
structured,nonadaptive,invalid_query,194,0,0,
structured,nonadaptive,invalid_query,195,0,0,
structured,nonadaptive,invalid_query,196,0,0,
structured,nonadaptive,invalid_query,197,0,0,
structured,nonadaptive,invalid_query,198,0,0,
structured,nonadaptive,invalid_query,199,0,0,
structured,nonadaptive,invalid_query,200,0,0,
structured,nonadaptive,invalid_query,201,0,0,
structured,nonadaptive,invalid_query,202,0,0,
structured,nonadaptive,invalid_query,203,0,0,
structured,nonadaptive,invalid_query,204,0,0,
structured,nonadaptive,invalid_query,205,0,0,
structured,nonadaptive,invalid_query,206,0,0,
structured,nonadaptive,invalid_query,207,0,0,
structured,nonadaptive,invalid_query,208,0,0,
structured,nonadaptive,invalid_query,209,0,0,
structured,nonadaptive,invalid_query,210,0,0,
structured,nonadaptive,invalid_query,211,0,0,
structured,nonadaptive,invalid_query,212,0,0,
structured,nonadaptive,invalid_query,213,0,0,
structured,nonadaptive,invalid_query,214,0,0,
structured,nonadaptive,invalid_query,215,0,0,
structured,nonadaptive,invalid_query,216,0,0,
structured,nonadaptive,invalid_query,217,0,0,
structured,nonadaptive,invalid_query,218,0,0,
structured,nonadaptive,invalid_query,219,0,0,
structured,nonadaptive,invalid_query,220,0,0,
structured,nonadaptive,invalid_query,221,0,0,
structured,nonadaptive,invalid_query,222,0,0,
structured,nonadaptive,invalid_query,223,0,0,
structured,nonadaptive,invalid_query,224,0,0,
structured,nonadaptive,invalid_query,225,0,0,
structured,nonadaptive,invalid_query,226,0,0,
structured,nonadaptive,invalid_query,227,0,0,
structured,nonadaptive,invalid_query,228,0,0,
structured,nonadaptive,invalid_query,229,0,0,
structured,nonadaptive,invalid_query,230,0,0,
structured,nonadaptive,invalid_query,231,0,0,
structured,nonadaptive,invalid_query,232,0,0,
structured,nonadaptive,invalid_query,233,0,0,
structured,nonadaptive,invalid_query,234,0,0,
structured,nonadaptive,invalid_query,235,0,0,
structured,nonadaptive,invalid_query,236,0,0,
structured,nonadaptive,invalid_query,237,0,0,
structured,nonadaptive,invalid_query,238,0,0,
structured,nonadaptive,invalid_query,239,0,0,
structured,nonadaptive,invalid_query,240,0,0,
structured,nonadaptive,invalid_query,241,0,0,
structured,nonadaptive,invalid_query,242,0,0,
structured,nonadaptive,invalid_query,243,0,0,
structured,nonadaptive,invalid_query,244,0,0,
structured,nonadaptive,invalid_query,245,0,0,
structured,nonadaptive,invalid_query,246,0,0,
structured,nonadaptive,invalid_query,247,0,0,
structured,nonadaptive,invalid_query,248,0,0,
structured,nonadaptive,invalid_query,249,0,0,
structured,nonadaptive,invalid_query,250,0,0,
structured,nonadaptive,invalid_query,251,0,0,
structured,nonadaptive,invalid_query,252,0,0,
structured,nonadaptive,invalid_query,253,0,0,
structured,nonadaptive,invalid_query,254,0,0,
structured,nonadaptive,invalid_query,255,0,0,
structured,nonadaptive,invalid_query,256,0,0,
structured,binary,interaction,1,10000,263,0.0263
structured,binary,interaction,2,9737,215,0.022080723015302454
structured,binary,interaction,3,9522,209,0.02194917034236505
structured,binary,interaction,4,9313,200,0.021475357027810588
structured,binary,interaction,5,9113,249,0.027323603643147152
structured,binary,interaction,6,8864,282,0.03181407942238267
structured,binary,interaction,7,8582,276,0.032160335586110464
structured,binary,interaction,8,8306,249,0.029978328918853842
structured,binary,interaction,9,8057,258,0.032021844358942536
structured,binary,interaction,10,7799,254,0.03256827798435697
structured,binary,interaction,11,7545,236,0.03127899271040424
structured,binary,interaction,12,7309,240,0.032836229306334654
structured,binary,interaction,13,7069,231,0.032677889376149384
structured,binary,interaction,14,6838,219,0.032026908452763965
structured,binary,interaction,15,6619,200,0.030216044719746184
structured,binary,interaction,16,6419,186,0.028976476086617853
structured,binary,interaction,17,6233,148,0.023744585271939674
structured,binary,interaction,18,6085,143,0.023500410846343467
structured,binary,interaction,19,5942,132,0.02221474251093908
structured,binary,interaction,20,5810,107,0.018416523235800345
structured,binary,interaction,21,5703,109,0.019112747676661407
structured,binary,interaction,22,5594,87,0.015552377547372185
structured,binary,interaction,23,5507,71,0.012892682041038678
structured,binary,interaction,24,5436,65,0.011957321559970566
structured,binary,interaction,25,5371,62,0.011543474213368089
structured,binary,interaction,26,5309,71,0.01337351666980599
structured,binary,interaction,27,5238,63,0.012027491408934709
structured,binary,interaction,28,5175,59,0.01140096618357488
structured,binary,interaction,29,5116,60,0.011727912431587178
structured,binary,interaction,30,5056,50,0.009889240506329115
structured,binary,interaction,31,5006,58,0.011586096683979225
structured,binary,interaction,32,4948,34,0.0068714632174616
structured,binary,interaction,33,4914,33,0.006715506715506716
structured,binary,interaction,34,4881,41,0.008399918049580004
structured,binary,interaction,35,4840,39,0.008057851239669421
structured,binary,interaction,36,4801,40,0.0083315975838367
structured,binary,interaction,37,4761,27,0.005671077504725898
structured,binary,interaction,38,4734,41,0.008660752006759611
structured,binary,interaction,39,4693,29,0.006179416151715321
structured,binary,interaction,40,4664,36,0.007718696397941681
structured,binary,interaction,41,4628,35,0.00756266205704408
structured,binary,interaction,42,4593,31,0.006749401262791204
structured,binary,interaction,43,4562,26,0.005699254712845244
structured,binary,interaction,44,4536,25,0.005511463844797178
structured,binary,interaction,45,4511,32,0.007093770782531589
structured,binary,interaction,46,4479,25,0.005581603036392052
structured,binary,interaction,47,4454,34,0.007633587786259542
structured,binary,interaction,48,4420,28,0.006334841628959276
structured,binary,interaction,49,4392,22,0.005009107468123861
structured,binary,interaction,50,4370,16,0.0036613272311212816
structured,binary,interaction,51,4354,31,0.007119889756545705
structured,binary,interaction,52,4323,25,0.005783021050196623
structured,binary,interaction,53,4298,22,0.005118659841786877
structured,binary,interaction,54,4276,28,0.006548175865294668
structured,binary,interaction,55,4248,23,0.005414312617702448
structured,binary,interaction,56,4225,17,0.004023668639053254
structured,binary,interaction,57,4208,22,0.005228136882129277
structured,binary,interaction,58,4186,20,0.004777830864787387
structured,binary,interaction,59,4166,20,0.004800768122899664
structured,binary,interaction,60,4146,27,0.006512301013024602
structured,binary,interaction,61,4119,34,0.008254430687059966
structured,binary,interaction,62,4085,21,0.005140758873929009
structured,binary,interaction,63,4064,13,0.0031988188976377952
structured,binary,interaction,64,4051,20,0.004937052579609973
structured,binary,interaction,65,4031,17,0.0042173158025303895
structured,binary,interaction,66,4014,17,0.004235176880916791
structured,binary,interaction,67,3997,16,0.0040030022516887665
structured,binary,interaction,68,3981,19,0.0047726701833710125
structured,binary,interaction,69,3962,19,0.004795557799091368
structured,binary,interaction,70,3943,22,0.005579507988840984
structured,binary,interaction,71,3921,23,0.005865850548329507
structured,binary,interaction,72,3898,16,0.004104669061056952
structured,binary,interaction,73,3882,18,0.00463678516228748
structured,binary,interaction,74,3864,13,0.0033643892339544515
structured,binary,interaction,75,3851,20,0.005193456245131135
structured,binary,interaction,76,3831,9,0.0023492560689115116
structured,binary,interaction,77,3822,22,0.0057561486132914706
structured,binary,interaction,78,3800,18,0.004736842105263158
structured,binary,interaction,79,3782,23,0.006081438392384982
structured,binary,interaction,80,3759,19,0.005054535780792764
structured,binary,interaction,81,3740,16,0.0042780748663101605
structured,binary,interaction,82,3724,17,0.004564983888292159
structured,binary,interaction,83,3707,21,0.00566495818721338
structured,binary,interaction,84,3686,17,0.004612045577862181
structured,binary,interaction,85,3669,14,0.0038157536113382394
structured,binary,interaction,86,3655,20,0.005471956224350205
structured,binary,interaction,87,3635,14,0.0038514442916093533
structured,binary,interaction,88,3621,15,0.004142502071251036
structured,binary,interaction,89,3606,13,0.0036051026067665
structured,binary,interaction,90,3593,12,0.003339827442248817
structured,binary,interaction,91,3581,18,0.00502652890254119
structured,binary,interaction,92,3563,12,0.0033679483581251753
structured,binary,interaction,93,3551,16,0.004505773021684032
structured,binary,interaction,94,3535,13,0.0036775106082036777
structured,binary,interaction,95,3522,13,0.0036910846110164677
structured,binary,interaction,96,3509,18,0.005129666571672842
structured,binary,interaction,97,3491,14,0.004010312231452306
structured,binary,interaction,98,3477,16,0.004601668104687949
structured,binary,interaction,99,3461,12,0.0034672060098237503
structured,binary,interaction,100,3449,14,0.004059147579008408
structured,binary,interaction,101,3435,8,0.0023289665211062593
structured,binary,interaction,102,3427,18,0.005252407353370295
structured,binary,interaction,103,3409,15,0.004400117336462305
structured,binary,interaction,104,3394,8,0.002357100766057749
structured,binary,interaction,105,3386,16,0.004725339633786178
structured,binary,interaction,106,3370,17,0.005044510385756677
structured,binary,interaction,107,3353,8,0.0023859230539815092
structured,binary,interaction,108,3345,10,0.0029895366218236174
structured,binary,interaction,109,3335,12,0.003598200899550225
structured,binary,interaction,110,3323,13,0.003912127595546194
structured,binary,interaction,111,3310,14,0.004229607250755287
structured,binary,interaction,112,3296,16,0.0048543689320388345
structured,binary,interaction,113,3280,10,0.003048780487804878
structured,binary,interaction,114,3270,10,0.0030581039755351682
structured,binary,interaction,115,3260,12,0.0036809815950920245
structured,binary,interaction,116,3248,16,0.0049261083743842365
structured,binary,interaction,117,3232,9,0.0027846534653465345
structured,binary,interaction,118,3223,11,0.0034129692832764505
structured,binary,interaction,119,3212,8,0.0024906600249066002
structured,binary,interaction,120,3204,15,0.0046816479400749065
structured,binary,interaction,121,3189,15,0.004703668861712135
structured,binary,interaction,122,3174,13,0.004095778197857593
structured,binary,interaction,123,3161,9,0.002847200253084467
structured,binary,interaction,124,3152,9,0.0028553299492385786
structured,binary,interaction,125,3143,13,0.004136175628380528
structured,binary,interaction,126,3130,11,0.003514376996805112
structured,binary,interaction,127,3119,13,0.004168002564924655
structured,binary,interaction,128,3106,15,0.004829362524146813
structured,binary,interaction,129,3091,6,0.0019411193788417987
structured,binary,interaction,130,3085,4,0.0012965964343598054
structured,binary,interaction,131,3081,15,0.004868549172346641
structured,binary,interaction,132,3066,4,0.001304631441617743
structured,binary,interaction,133,3062,6,0.001959503592423253
structured,binary,interaction,134,3056,10,0.0032722513089005235
structured,binary,interaction,135,3046,11,0.0036112934996717005
structured,binary,interaction,136,3035,10,0.0032948929159802307
structured,binary,interaction,137,3025,14,0.004628099173553719
structured,binary,interaction,138,3011,9,0.0029890401859847225
structured,binary,interaction,139,3002,10,0.0033311125916055963
structured,binary,interaction,140,2992,8,0.00267379679144385
structured,binary,interaction,141,2984,11,0.003686327077747989
structured,binary,interaction,142,2973,10,0.003363605785401951
structured,binary,interaction,143,2963,14,0.004724940938238272
structured,binary,interaction,144,2949,10,0.00339097999321804
structured,binary,interaction,145,2939,10,0.003402517863218782
structured,binary,interaction,146,2929,13,0.004438374871969956
structured,binary,interaction,147,2916,10,0.003429355281207133
structured,binary,interaction,148,2906,11,0.003785271851342051
structured,binary,interaction,149,2895,7,0.0024179620034542313
structured,binary,interaction,150,2888,13,0.004501385041551247
structured,binary,interaction,151,2875,9,0.003130434782608696
structured,binary,interaction,152,2866,14,0.004884856943475227
structured,binary,interaction,153,2852,8,0.002805049088359046
structured,binary,interaction,154,2844,10,0.0035161744022503515
structured,binary,interaction,155,2834,13,0.0045871559633027525
structured,binary,interaction,156,2821,9,0.0031903580290677065
structured,binary,interaction,157,2812,7,0.0024893314366998577
structured,binary,interaction,158,2805,11,0.00392156862745098
structured,binary,interaction,159,2794,8,0.002863278453829635
structured,binary,interaction,160,2786,7,0.002512562814070352
structured,binary,interaction,161,2779,8,0.0028787333573227778
structured,binary,interaction,162,2771,3,0.0010826416456153013
structured,binary,interaction,163,2768,7,0.0025289017341040463
structured,binary,interaction,164,2761,7,0.0025353132922854038
structured,binary,interaction,165,2754,8,0.002904865649963689
structured,binary,interaction,166,2746,9,0.0032774945375091042
structured,binary,interaction,167,2737,13,0.0047497259773474606
structured,binary,interaction,168,2724,11,0.004038179148311307
structured,binary,interaction,169,2713,11,0.004054552156284556
structured,binary,interaction,170,2702,14,0.0051813471502590676
structured,binary,interaction,171,2688,9,0.0033482142857142855
structured,binary,interaction,172,2679,11,0.004106009705113848
structured,binary,interaction,173,2668,10,0.0037481259370314842
structured,binary,interaction,174,2658,7,0.0026335590669676447
structured,binary,interaction,175,2651,9,0.0033949453036589967
structured,binary,interaction,176,2642,13,0.004920514761544285
structured,binary,interaction,177,2629,7,0.0026626093571700264
structured,binary,interaction,178,2622,10,0.0038138825324180014
structured,binary,interaction,179,2612,8,0.0030627871362940277
structured,binary,interaction,180,2604,10,0.0038402457757296467
structured,binary,interaction,181,2594,12,0.004626060138781804
structured,binary,interaction,182,2582,7,0.002711076684740511
structured,binary,interaction,183,2575,10,0.003883495145631068
structured,binary,interaction,184,2565,11,0.0042884990253411305
structured,binary,interaction,185,2554,6,0.0023492560689115116
structured,binary,interaction,186,2548,7,0.0027472527472527475
structured,binary,interaction,187,2541,4,0.0015741833923652105
structured,binary,interaction,188,2537,9,0.0035474970437524636
structured,binary,interaction,189,2528,13,0.005142405063291139
structured,binary,interaction,190,2515,8,0.0031809145129224653
structured,binary,interaction,191,2507,8,0.0031910650179497405
structured,binary,interaction,192,2499,10,0.004001600640256103
structured,binary,interaction,193,2489,9,0.0036159100040176776
structured,binary,interaction,194,2480,7,0.00282258064516129
structured,binary,interaction,195,2473,12,0.004852405984634048
structured,binary,interaction,196,2461,9,0.0036570499796830555
structured,binary,interaction,197,2452,9,0.00367047308319739
structured,binary,interaction,198,2443,8,0.003274662300450266
structured,binary,interaction,199,2435,5,0.002053388090349076
structured,binary,interaction,200,2430,4,0.0016460905349794238
structured,binary,interaction,201,2426,11,0.004534212695795548
structured,binary,interaction,202,2415,5,0.002070393374741201
structured,binary,interaction,203,2410,8,0.0033195020746887966
structured,binary,interaction,204,2402,7,0.0029142381348875937
structured,binary,interaction,205,2395,4,0.0016701461377870565
structured,binary,interaction,206,2391,8,0.003345880384776244
structured,binary,interaction,207,2383,3,0.001258917331095258
structured,binary,interaction,208,2380,9,0.003781512605042017
structured,binary,interaction,209,2371,6,0.0025305778152678194
structured,binary,interaction,210,2365,9,0.0038054968287526427
structured,binary,interaction,211,2356,7,0.0029711375212224107
structured,binary,interaction,212,2349,7,0.002979991485738612
structured,binary,interaction,213,2342,7,0.0029888983774551663
structured,binary,interaction,214,2335,11,0.004710920770877944
structured,binary,interaction,215,2324,8,0.0034423407917383822
structured,binary,interaction,216,2316,10,0.004317789291882556
structured,binary,interaction,217,2306,5,0.002168256721595837
structured,binary,interaction,218,2301,7,0.003042155584528466
structured,binary,interaction,219,2294,4,0.0017436791630340018
structured,binary,interaction,220,2290,9,0.003930131004366812
structured,binary,interaction,221,2281,5,0.0021920210434020165
structured,binary,interaction,222,2276,8,0.0035149384885764497
structured,binary,interaction,223,2268,5,0.002204585537918871
structured,binary,interaction,224,2263,1,0.0004418912947414936
structured,binary,interaction,225,2262,7,0.003094606542882405
structured,binary,interaction,226,2255,7,0.0031042128603104213
structured,binary,interaction,227,2248,6,0.0026690391459074734
structured,binary,interaction,228,2242,9,0.004014272970561998
structured,binary,interaction,229,2233,5,0.0022391401701746527
structured,binary,interaction,230,2228,8,0.003590664272890485
structured,binary,interaction,231,2220,3,0.0013513513513513514
structured,binary,interaction,232,2217,7,0.0031574199368516014
structured,binary,interaction,233,2210,6,0.0027149321266968325
structured,binary,interaction,234,2204,7,0.003176043557168784
structured,binary,interaction,235,2197,3,0.0013654984069185253
structured,binary,interaction,236,2194,6,0.0027347310847766638
structured,binary,interaction,237,2188,9,0.004113345521023766
structured,binary,interaction,238,2179,5,0.002294630564479119
structured,binary,interaction,239,2174,6,0.0027598896044158236
structured,binary,interaction,240,2168,6,0.0027675276752767526
structured,binary,interaction,241,2162,7,0.0032377428307123032
structured,binary,interaction,242,2155,8,0.0037122969837587007
structured,binary,interaction,243,2147,3,0.0013972985561248254
structured,binary,interaction,244,2144,6,0.002798507462686567
structured,binary,interaction,245,2138,7,0.003274087932647334
structured,binary,interaction,246,2131,9,0.004223369310183012
structured,binary,interaction,247,2122,5,0.00235626767200754
structured,binary,interaction,248,2117,5,0.0023618327822390174
structured,binary,interaction,249,2112,7,0.0033143939393939395
structured,binary,interaction,250,2105,9,0.004275534441805225
structured,binary,interaction,251,2096,5,0.002385496183206107
structured,binary,interaction,252,2091,5,0.0023912003825920613
structured,binary,interaction,253,2086,2,0.0009587727708533077
structured,binary,interaction,254,2084,6,0.0028790786948176585
structured,binary,interaction,255,2078,9,0.004331087584215592
structured,binary,interaction,256,2069,5,0.002416626389560174
structured,binary,invalid_query,1,10000,1092,0.1092
structured,binary,invalid_query,2,8908,1008,0.11315671306690615
structured,binary,invalid_query,3,7900,822,0.10405063291139241
structured,binary,invalid_query,4,7078,516,0.07290194970330602
structured,binary,invalid_query,5,6562,398,0.06065224017067967
structured,binary,invalid_query,6,6164,253,0.041044776119402986
structured,binary,invalid_query,7,5911,195,0.032989341904923024
structured,binary,invalid_query,8,5716,183,0.032015395381385585
structured,binary,invalid_query,9,5533,120,0.021688053497198625
structured,binary,invalid_query,10,5413,108,0.019951967485682617
structured,binary,invalid_query,11,5305,104,0.019604147031102734
structured,binary,invalid_query,12,5201,86,0.016535281676600653
structured,binary,invalid_query,13,5115,72,0.01407624633431085
structured,binary,invalid_query,14,5043,73,0.014475510608764624
structured,binary,invalid_query,15,4970,67,0.013480885311871227
structured,binary,invalid_query,16,4903,46,0.009382011013665103
structured,binary,invalid_query,17,4857,56,0.011529750875025736
structured,binary,invalid_query,18,4801,44,0.009164757342220371
structured,binary,invalid_query,19,4757,55,0.01156190876602901
structured,binary,invalid_query,20,4702,60,0.012760527435133985
structured,binary,invalid_query,21,4642,51,0.010986643688065489
structured,binary,invalid_query,22,4591,46,0.01001960357220649
structured,binary,invalid_query,23,4545,42,0.009240924092409241
structured,binary,invalid_query,24,4503,49,0.010881634465911614
structured,binary,invalid_query,25,4454,35,0.007858105074090705
structured,binary,invalid_query,26,4419,43,0.00973070830504639
structured,binary,invalid_query,27,4376,36,0.008226691042047532
structured,binary,invalid_query,28,4340,38,0.008755760368663594
structured,binary,invalid_query,29,4302,30,0.00697350069735007
structured,binary,invalid_query,30,4272,24,0.0056179775280898875
structured,binary,invalid_query,31,4248,45,0.01059322033898305
structured,binary,invalid_query,32,4203,40,0.009517011658339281
structured,binary,invalid_query,33,4163,33,0.007926975738650012
structured,binary,invalid_query,34,4130,40,0.009685230024213076
structured,binary,invalid_query,35,4090,28,0.006845965770171149
structured,binary,invalid_query,36,4062,43,0.010585918266863614
structured,binary,invalid_query,37,4019,22,0.005473998507091316
structured,binary,invalid_query,38,3997,32,0.008006004503377533
structured,binary,invalid_query,39,3965,27,0.006809583858764187
structured,binary,invalid_query,40,3938,38,0.009649568308786187
structured,binary,invalid_query,41,3900,25,0.00641025641025641
structured,binary,invalid_query,42,3875,31,0.008
structured,binary,invalid_query,43,3844,34,0.008844953173777315
structured,binary,invalid_query,44,3810,32,0.008398950131233596
structured,binary,invalid_query,45,3778,21,0.00555849655902594
structured,binary,invalid_query,46,3757,20,0.005323396326856534
structured,binary,invalid_query,47,3737,18,0.004816697886004816
structured,binary,invalid_query,48,3719,26,0.006991126646948105
structured,binary,invalid_query,49,3693,22,0.005957216355266721
structured,binary,invalid_query,50,3671,22,0.0059929174611822395
structured,binary,invalid_query,51,3649,27,0.007399287476020828
structured,binary,invalid_query,52,3622,23,0.006350082827167311
structured,binary,invalid_query,53,3599,31,0.008613503751041956
structured,binary,invalid_query,54,3568,24,0.006726457399103139
structured,binary,invalid_query,55,3544,21,0.005925507900677201
structured,binary,invalid_query,56,3523,23,0.006528526823729776
structured,binary,invalid_query,57,3500,27,0.007714285714285714
structured,binary,invalid_query,58,3473,25,0.007198387561186294
structured,binary,invalid_query,59,3448,23,0.006670533642691415
structured,binary,invalid_query,60,3425,19,0.005547445255474452
structured,binary,invalid_query,61,3406,27,0.007927187316500293
structured,binary,invalid_query,62,3379,14,0.004143237644273453
structured,binary,invalid_query,63,3365,20,0.005943536404160475
structured,binary,invalid_query,64,3345,15,0.004484304932735426
structured,binary,invalid_query,65,3330,20,0.006006006006006006
structured,binary,invalid_query,66,3310,12,0.0036253776435045317
structured,binary,invalid_query,67,3298,17,0.005154639175257732
structured,binary,invalid_query,68,3281,19,0.005790917403230723
structured,binary,invalid_query,69,3262,21,0.006437768240343348
structured,binary,invalid_query,70,3241,21,0.0064794816414686825
structured,binary,invalid_query,71,3220,24,0.007453416149068323
structured,binary,invalid_query,72,3196,18,0.005632040050062578
structured,binary,invalid_query,73,3178,19,0.005978602894902455
structured,binary,invalid_query,74,3159,25,0.007913896802785692
structured,binary,invalid_query,75,3134,10,0.003190810465858328
structured,binary,invalid_query,76,3124,15,0.004801536491677336
structured,binary,invalid_query,77,3109,15,0.004824702476680605
structured,binary,invalid_query,78,3094,18,0.005817711700064641
structured,binary,invalid_query,79,3076,20,0.006501950585175552
structured,binary,invalid_query,80,3056,9,0.0029450261780104713
structured,binary,invalid_query,81,3047,13,0.00426649163111257
structured,binary,invalid_query,82,3034,19,0.006262359920896506
structured,binary,invalid_query,83,3015,11,0.003648424543946932
structured,binary,invalid_query,84,3004,21,0.006990679094540613
structured,binary,invalid_query,85,2983,18,0.006034193764666443
structured,binary,invalid_query,86,2965,15,0.00505902192242833
structured,binary,invalid_query,87,2950,8,0.002711864406779661
structured,binary,invalid_query,88,2942,22,0.007477906186267845
structured,binary,invalid_query,89,2920,15,0.005136986301369863
structured,binary,invalid_query,90,2905,19,0.006540447504302926
structured,binary,invalid_query,91,2886,17,0.00589050589050589
structured,binary,invalid_query,92,2869,22,0.007668177065179505
structured,binary,invalid_query,93,2847,20,0.007024938531787847
structured,binary,invalid_query,94,2827,20,0.007074637424831978
structured,binary,invalid_query,95,2807,20,0.007125044531528322
structured,binary,invalid_query,96,2787,17,0.006099748833871547
structured,binary,invalid_query,97,2770,14,0.005054151624548736
structured,binary,invalid_query,98,2756,9,0.003265602322206096
structured,binary,invalid_query,99,2747,13,0.004732435384055333
structured,binary,invalid_query,100,2734,11,0.004023408924652524
structured,binary,invalid_query,101,2723,17,0.006243114212265883
structured,binary,invalid_query,102,2706,12,0.004434589800443459
structured,binary,invalid_query,103,2694,18,0.0066815144766146995
structured,binary,invalid_query,104,2676,20,0.007473841554559043
structured,binary,invalid_query,105,2656,12,0.004518072289156626
structured,binary,invalid_query,106,2644,8,0.0030257186081694403
structured,binary,invalid_query,107,2636,12,0.004552352048558422
structured,binary,invalid_query,108,2624,7,0.0026676829268292685
structured,binary,invalid_query,109,2617,10,0.0038211692777990066
structured,binary,invalid_query,110,2607,14,0.005370157268891446
structured,binary,invalid_query,111,2593,12,0.004627844195912071
structured,binary,invalid_query,112,2581,7,0.0027121270825261525
structured,binary,invalid_query,113,2574,13,0.005050505050505051
structured,binary,invalid_query,114,2561,16,0.006247559547051933
structured,binary,invalid_query,115,2544,15,0.00589622641509434
structured,binary,invalid_query,116,2529,18,0.0071174377224199285
structured,binary,invalid_query,117,2509,13,0.0051813471502590676
structured,binary,invalid_query,118,2494,22,0.008821170809943865
structured,binary,invalid_query,119,2469,13,0.005265289590927501
structured,binary,invalid_query,120,2455,16,0.006517311608961304
structured,binary,invalid_query,121,2434,10,0.004108463434675432
structured,binary,invalid_query,122,2420,9,0.00371900826446281
structured,binary,invalid_query,123,2406,18,0.007481296758104738
structured,binary,invalid_query,124,2383,6,0.002517834662190516
structured,binary,invalid_query,125,2374,12,0.005054759898904802
structured,binary,invalid_query,126,2350,21,0.008936170212765958
structured,binary,invalid_query,127,2316,15,0.006476683937823834
structured,binary,invalid_query,128,2295,17,0.007407407407407408
structured,binary,invalid_query,129,2272,7,0.0030809859154929575
structured,binary,invalid_query,130,2251,6,0.0026654820079964462
structured,binary,invalid_query,131,2233,7,0.003134796238244514
structured,binary,invalid_query,132,2200,12,0.005454545454545455
structured,binary,invalid_query,133,2163,6,0.0027739251040221915
structured,binary,invalid_query,134,2140,9,0.004205607476635514
structured,binary,invalid_query,135,2117,7,0.0033065658951346244
structured,binary,invalid_query,136,2083,7,0.003360537686029765
structured,binary,invalid_query,137,2055,17,0.00827250608272506
structured,binary,invalid_query,138,2016,8,0.003968253968253968
structured,binary,invalid_query,139,1992,9,0.004518072289156626
structured,binary,invalid_query,140,1964,12,0.006109979633401222
structured,binary,invalid_query,141,1932,13,0.006728778467908903
structured,binary,invalid_query,142,1897,11,0.005798629414865577
structured,binary,invalid_query,143,1868,8,0.004282655246252677
structured,binary,invalid_query,144,1841,5,0.0027159152634437804
structured,binary,invalid_query,145,1817,3,0.001651073197578426
structured,binary,invalid_query,146,1799,5,0.0027793218454697055
structured,binary,invalid_query,147,1768,11,0.006221719457013574
structured,binary,invalid_query,148,1726,9,0.005214368482039398
structured,binary,invalid_query,149,1683,7,0.0041592394533571005
structured,binary,invalid_query,150,1639,8,0.004881025015253203
structured,binary,invalid_query,151,1601,8,0.004996876951905059
structured,binary,invalid_query,152,1550,5,0.0032258064516129032
structured,binary,invalid_query,153,1500,6,0.004
structured,binary,invalid_query,154,1453,10,0.006882312456985547
structured,binary,invalid_query,155,1401,7,0.004996431120628123
structured,binary,invalid_query,156,1353,9,0.0066518847006651885
structured,binary,invalid_query,157,1261,5,0.003965107057890563
structured,binary,invalid_query,158,1186,3,0.002529510961214165
structured,binary,invalid_query,159,1120,6,0.005357142857142857
structured,binary,invalid_query,160,1049,2,0.0019065776930409914
structured,binary,invalid_query,161,959,3,0.0031282586027111575
structured,binary,invalid_query,162,884,3,0.003393665158371041
structured,binary,invalid_query,163,801,4,0.004993757802746567
structured,binary,invalid_query,164,726,2,0.0027548209366391185
structured,binary,invalid_query,165,657,4,0.0060882800608828
structured,binary,invalid_query,166,583,1,0.0017152658662092624
structured,binary,invalid_query,167,516,2,0.003875968992248062
structured,binary,invalid_query,168,443,2,0.004514672686230248
structured,binary,invalid_query,169,390,2,0.005128205128205128
structured,binary,invalid_query,170,312,2,0.00641025641025641
structured,binary,invalid_query,171,265,0,0.0
structured,binary,invalid_query,172,210,1,0.004761904761904762
structured,binary,invalid_query,173,172,1,0.005813953488372093
structured,binary,invalid_query,174,130,0,0.0
structured,binary,invalid_query,175,109,0,0.0
structured,binary,invalid_query,176,85,0,0.0
structured,binary,invalid_query,177,72,0,0.0
structured,binary,invalid_query,178,56,0,0.0
structured,binary,invalid_query,179,41,0,0.0
structured,binary,invalid_query,180,29,0,0.0
structured,binary,invalid_query,181,22,0,0.0
structured,binary,invalid_query,182,16,1,0.0625
structured,binary,invalid_query,183,9,0,0.0
structured,binary,invalid_query,184,5,0,0.0
structured,binary,invalid_query,185,3,0,0.0
structured,binary,invalid_query,186,2,0,0.0
structured,binary,invalid_query,187,2,0,0.0
structured,binary,invalid_query,188,1,0,0.0
structured,binary,invalid_query,189,0,0,
structured,binary,invalid_query,190,0,0,
structured,binary,invalid_query,191,0,0,
structured,binary,invalid_query,192,0,0,
structured,binary,invalid_query,193,0,0,
structured,binary,invalid_query,194,0,0,
structured,binary,invalid_query,195,0,0,
structured,binary,invalid_query,196,0,0,
structured,binary,invalid_query,197,0,0,
structured,binary,invalid_query,198,0,0,
structured,binary,invalid_query,199,0,0,
structured,binary,invalid_query,200,0,0,
structured,binary,invalid_query,201,0,0,
structured,binary,invalid_query,202,0,0,
structured,binary,invalid_query,203,0,0,
structured,binary,invalid_query,204,0,0,
structured,binary,invalid_query,205,0,0,
structured,binary,invalid_query,206,0,0,
structured,binary,invalid_query,207,0,0,
structured,binary,invalid_query,208,0,0,
structured,binary,invalid_query,209,0,0,
structured,binary,invalid_query,210,0,0,
structured,binary,invalid_query,211,0,0,
structured,binary,invalid_query,212,0,0,
structured,binary,invalid_query,213,0,0,
structured,binary,invalid_query,214,0,0,
structured,binary,invalid_query,215,0,0,
structured,binary,invalid_query,216,0,0,
structured,binary,invalid_query,217,0,0,
structured,binary,invalid_query,218,0,0,
structured,binary,invalid_query,219,0,0,
structured,binary,invalid_query,220,0,0,
structured,binary,invalid_query,221,0,0,
structured,binary,invalid_query,222,0,0,
structured,binary,invalid_query,223,0,0,
structured,binary,invalid_query,224,0,0,
structured,binary,invalid_query,225,0,0,
structured,binary,invalid_query,226,0,0,
structured,binary,invalid_query,227,0,0,
structured,binary,invalid_query,228,0,0,
structured,binary,invalid_query,229,0,0,
structured,binary,invalid_query,230,0,0,
structured,binary,invalid_query,231,0,0,
structured,binary,invalid_query,232,0,0,
structured,binary,invalid_query,233,0,0,
structured,binary,invalid_query,234,0,0,
structured,binary,invalid_query,235,0,0,
structured,binary,invalid_query,236,0,0,
structured,binary,invalid_query,237,0,0,
structured,binary,invalid_query,238,0,0,
structured,binary,invalid_query,239,0,0,
structured,binary,invalid_query,240,0,0,
structured,binary,invalid_query,241,0,0,
structured,binary,invalid_query,242,0,0,
structured,binary,invalid_query,243,0,0,
structured,binary,invalid_query,244,0,0,
structured,binary,invalid_query,245,0,0,
structured,binary,invalid_query,246,0,0,
structured,binary,invalid_query,247,0,0,
structured,binary,invalid_query,248,0,0,
structured,binary,invalid_query,249,0,0,
structured,binary,invalid_query,250,0,0,
structured,binary,invalid_query,251,0,0,
structured,binary,invalid_query,252,0,0,
structured,binary,invalid_query,253,0,0,
structured,binary,invalid_query,254,0,0,
structured,binary,invalid_query,255,0,0,
structured,binary,invalid_query,256,0,0,
structured,score,interaction,1,10000,252,0.0252
structured,score,interaction,2,9748,312,0.03200656544932294
structured,score,interaction,3,9436,334,0.03539635438745231
structured,score,interaction,4,9102,372,0.04087013843111404
structured,score,interaction,5,8730,334,0.03825887743413517
structured,score,interaction,6,8396,354,0.0421629347308242
structured,score,interaction,7,8042,327,0.04066152698333748
structured,score,interaction,8,7715,315,0.04082955281918341
structured,score,interaction,9,7400,278,0.037567567567567565
structured,score,interaction,10,7122,274,0.03847233923055322
structured,score,interaction,11,6848,239,0.03490070093457944
structured,score,interaction,12,6609,217,0.0328340142230292
structured,score,interaction,13,6392,172,0.02690863579474343
structured,score,interaction,14,6220,140,0.022508038585209004
structured,score,interaction,15,6080,111,0.018256578947368422
structured,score,interaction,16,5969,102,0.017088289495727927
structured,score,interaction,17,5867,97,0.01653315152548151
structured,score,interaction,18,5770,92,0.015944540727902946
structured,score,interaction,19,5678,78,0.013737231419513914
structured,score,interaction,20,5600,71,0.012678571428571428
structured,score,interaction,21,5529,62,0.011213601012841383
structured,score,interaction,22,5467,57,0.010426193524785073
structured,score,interaction,23,5410,43,0.007948243992606284
structured,score,interaction,24,5367,40,0.007452953232718464
structured,score,interaction,25,5327,36,0.00675802515487141
structured,score,interaction,26,5291,48,0.009072009072009071
structured,score,interaction,27,5243,30,0.005721914934197978
structured,score,interaction,28,5213,37,0.007097640514099367
structured,score,interaction,29,5176,32,0.0061823802163833074
structured,score,interaction,30,5144,32,0.006220839813374806
structured,score,interaction,31,5112,34,0.006651017214397496
structured,score,interaction,32,5078,35,0.006892477353288696
structured,score,interaction,33,5043,33,0.006543723973825104
structured,score,interaction,34,5010,26,0.005189620758483034
structured,score,interaction,35,4984,33,0.006621187800963082
structured,score,interaction,36,4951,21,0.004241567360129267
structured,score,interaction,37,4930,36,0.007302231237322515
structured,score,interaction,38,4894,20,0.004086636697997548
structured,score,interaction,39,4874,23,0.004718916700861715
structured,score,interaction,40,4851,21,0.004329004329004329
structured,score,interaction,41,4830,16,0.0033126293995859213
structured,score,interaction,42,4814,24,0.004985459077690071
structured,score,interaction,43,4790,23,0.004801670146137787
structured,score,interaction,44,4767,25,0.005244388504300398
structured,score,interaction,45,4742,23,0.004850274145929988
structured,score,interaction,46,4719,30,0.006357279084551812
structured,score,interaction,47,4689,18,0.003838771593090211
structured,score,interaction,48,4671,25,0.005352172982230786
structured,score,interaction,49,4646,22,0.004735256134309083
structured,score,interaction,50,4624,19,0.004108996539792387
structured,score,interaction,51,4605,18,0.003908794788273616
structured,score,interaction,52,4587,19,0.004142140832788315
structured,score,interaction,53,4568,21,0.004597197898423818
structured,score,interaction,54,4547,23,0.005058280184737189
structured,score,interaction,55,4524,21,0.004641909814323607
structured,score,interaction,56,4503,20,0.0044414834554741284
structured,score,interaction,57,4483,20,0.004461298237787196
structured,score,interaction,58,4463,15,0.0033609679587721262
structured,score,interaction,59,4448,14,0.003147482014388489
structured,score,interaction,60,4434,25,0.005638249887235002
structured,score,interaction,61,4409,15,0.0034021320027217057
structured,score,interaction,62,4394,21,0.004779244424214839
structured,score,interaction,63,4373,15,0.003430139492339355
structured,score,interaction,64,4358,12,0.0027535566773749425
structured,score,interaction,65,4346,13,0.002991256327657616
structured,score,interaction,66,4333,16,0.0036925917378259868
structured,score,interaction,67,4317,15,0.0034746351633078527
structured,score,interaction,68,4302,20,0.004649000464900047
structured,score,interaction,69,4282,15,0.003503035964502569
structured,score,interaction,70,4267,15,0.003515350363252871
structured,score,interaction,71,4252,22,0.0051740357478833494
structured,score,interaction,72,4230,19,0.004491725768321513
structured,score,interaction,73,4211,21,0.004986938969365947
structured,score,interaction,74,4190,13,0.0031026252983293555
structured,score,interaction,75,4177,18,0.004309312903998085
structured,score,interaction,76,4159,9,0.002163981726376533
structured,score,interaction,77,4150,11,0.002650602409638554
structured,score,interaction,78,4139,12,0.002899251026818072
structured,score,interaction,79,4127,13,0.003149987884661982
structured,score,interaction,80,4114,14,0.003403014098201264
structured,score,interaction,81,4100,16,0.003902439024390244
structured,score,interaction,82,4084,14,0.0034280117531831538
structured,score,interaction,83,4070,12,0.0029484029484029483
structured,score,interaction,84,4058,16,0.003942828979793002
structured,score,interaction,85,4042,17,0.004205838693715982
structured,score,interaction,86,4025,20,0.004968944099378882
structured,score,interaction,87,4005,17,0.004244694132334582
structured,score,interaction,88,3988,15,0.003761283851554664
structured,score,interaction,89,3973,19,0.00478228039265039
structured,score,interaction,90,3954,13,0.0032878098128477492
structured,score,interaction,91,3941,19,0.00482111139304745
structured,score,interaction,92,3922,18,0.004589495155532891
structured,score,interaction,93,3904,8,0.0020491803278688526
structured,score,interaction,94,3896,7,0.0017967145790554414
structured,score,interaction,95,3889,10,0.0025713551041398816
structured,score,interaction,96,3879,7,0.0018045888115493685
structured,score,interaction,97,3872,14,0.003615702479338843
structured,score,interaction,98,3858,7,0.0018144116122343183
structured,score,interaction,99,3851,18,0.004674110620618021
structured,score,interaction,100,3833,13,0.0033915992695016956
structured,score,interaction,101,3820,11,0.0028795811518324606
structured,score,interaction,102,3809,17,0.004463113678130743
structured,score,interaction,103,3792,10,0.0026371308016877636
structured,score,interaction,104,3782,12,0.0031729243786356425
structured,score,interaction,105,3770,14,0.003713527851458886
structured,score,interaction,106,3756,16,0.004259850905218318
structured,score,interaction,107,3740,14,0.0037433155080213902
structured,score,interaction,108,3726,14,0.003757380568974772
structured,score,interaction,109,3712,10,0.0026939655172413795
structured,score,interaction,110,3702,16,0.004321988114532685
structured,score,interaction,111,3686,13,0.00352685838307108
structured,score,interaction,112,3673,8,0.0021780560849441874
structured,score,interaction,113,3665,13,0.0035470668485675307
structured,score,interaction,114,3652,16,0.004381161007667032
structured,score,interaction,115,3636,13,0.0035753575357535755
structured,score,interaction,116,3623,15,0.004140215291195142
structured,score,interaction,117,3608,9,0.0024944567627494456
structured,score,interaction,118,3599,10,0.0027785495971103086
structured,score,interaction,119,3589,10,0.0027862914460852605
structured,score,interaction,120,3579,9,0.002514668901927913
structured,score,interaction,121,3570,14,0.00392156862745098
structured,score,interaction,122,3556,7,0.001968503937007874
structured,score,interaction,123,3549,11,0.0030994646379261764
structured,score,interaction,124,3538,7,0.001978518937252685
structured,score,interaction,125,3531,5,0.001416029453412631
structured,score,interaction,126,3526,12,0.003403289846851957
structured,score,interaction,127,3514,5,0.0014228799089356858
structured,score,interaction,128,3509,10,0.002849814762040467
structured,score,interaction,129,3499,11,0.003143755358673907
structured,score,interaction,130,3488,10,0.0028669724770642203
structured,score,interaction,131,3478,12,0.0034502587694077054
structured,score,interaction,132,3466,14,0.004039238315060588
structured,score,interaction,133,3452,12,0.0034762456546929316
structured,score,interaction,134,3440,8,0.002325581395348837
structured,score,interaction,135,3432,10,0.002913752913752914
structured,score,interaction,136,3422,6,0.0017533606078316774
structured,score,interaction,137,3416,13,0.0038056206088992973
structured,score,interaction,138,3403,12,0.003526300323244196
structured,score,interaction,139,3391,12,0.003538779121203185
structured,score,interaction,140,3379,9,0.0026635099141757916
structured,score,interaction,141,3370,8,0.002373887240356083
structured,score,interaction,142,3362,15,0.00446162998215348
structured,score,interaction,143,3347,9,0.00268897520167314
structured,score,interaction,144,3338,11,0.0032953864589574597
structured,score,interaction,145,3327,11,0.0033062819356777877
structured,score,interaction,146,3316,18,0.005428226779252111
structured,score,interaction,147,3298,5,0.0015160703456640388
structured,score,interaction,148,3293,10,0.0030367446097783178
structured,score,interaction,149,3283,13,0.0039597928723728295
structured,score,interaction,150,3270,14,0.004281345565749235
structured,score,interaction,151,3256,12,0.0036855036855036856
structured,score,interaction,152,3244,10,0.0030826140567200987
structured,score,interaction,153,3234,11,0.003401360544217687
structured,score,interaction,154,3223,4,0.0012410797393732546
structured,score,interaction,155,3219,8,0.0024852438645542093
structured,score,interaction,156,3211,7,0.0021800062285892243
structured,score,interaction,157,3204,8,0.0024968789013732834
structured,score,interaction,158,3196,5,0.0015644555694618273
structured,score,interaction,159,3191,11,0.0034471952366029457
structured,score,interaction,160,3180,12,0.0037735849056603774
structured,score,interaction,161,3168,10,0.0031565656565656565
structured,score,interaction,162,3158,7,0.002216592780240659
structured,score,interaction,163,3151,11,0.003490955252300857
structured,score,interaction,164,3140,17,0.005414012738853503
structured,score,interaction,165,3123,9,0.002881844380403458
structured,score,interaction,166,3114,16,0.005138086062941554
structured,score,interaction,167,3098,10,0.0032278889606197547
structured,score,interaction,168,3088,5,0.0016191709844559584
structured,score,interaction,169,3083,10,0.003243593902043464
structured,score,interaction,170,3073,4,0.0013016596160104132
structured,score,interaction,171,3069,9,0.002932551319648094
structured,score,interaction,172,3060,9,0.0029411764705882353
structured,score,interaction,173,3051,12,0.003933136676499509
structured,score,interaction,174,3039,5,0.0016452780519907865
structured,score,interaction,175,3034,9,0.002966381015161503
structured,score,interaction,176,3025,8,0.002644628099173554
structured,score,interaction,177,3017,6,0.0019887305270135896
structured,score,interaction,178,3011,11,0.0036532713384257723
structured,score,interaction,179,3000,10,0.0033333333333333335
structured,score,interaction,180,2990,7,0.0023411371237458192
structured,score,interaction,181,2983,5,0.0016761649346295675
structured,score,interaction,182,2978,8,0.002686366689053056
structured,score,interaction,183,2970,6,0.00202020202020202
structured,score,interaction,184,2964,5,0.0016869095816464238
structured,score,interaction,185,2959,7,0.0023656640757012504
structured,score,interaction,186,2952,13,0.004403794037940379
structured,score,interaction,187,2939,11,0.00374276964954066
structured,score,interaction,188,2928,14,0.0047814207650273225
structured,score,interaction,189,2914,10,0.0034317089910775567
structured,score,interaction,190,2904,8,0.0027548209366391185
structured,score,interaction,191,2896,14,0.004834254143646409
structured,score,interaction,192,2882,7,0.0024288688410825814
structured,score,interaction,193,2875,6,0.0020869565217391303
structured,score,interaction,194,2869,5,0.001742767514813524
structured,score,interaction,195,2864,8,0.002793296089385475
structured,score,interaction,196,2856,6,0.0021008403361344537
structured,score,interaction,197,2850,7,0.002456140350877193
structured,score,interaction,198,2843,11,0.0038691523039043265
structured,score,interaction,199,2832,19,0.006709039548022599
structured,score,interaction,200,2813,4,0.0014219694276573053
structured,score,interaction,201,2809,5,0.00177999288002848
structured,score,interaction,202,2804,7,0.0024964336661911554
structured,score,interaction,203,2797,10,0.003575259206292456
structured,score,interaction,204,2787,3,0.001076426264800861
structured,score,interaction,205,2784,10,0.0035919540229885057
structured,score,interaction,206,2774,8,0.002883922134102379
structured,score,interaction,207,2766,14,0.005061460592913955
structured,score,interaction,208,2752,10,0.003633720930232558
structured,score,interaction,209,2742,6,0.002188183807439825
structured,score,interaction,210,2736,11,0.00402046783625731
structured,score,interaction,211,2725,9,0.0033027522935779817
structured,score,interaction,212,2716,9,0.0033136966126656848
structured,score,interaction,213,2707,11,0.004063538973032878
structured,score,interaction,214,2696,5,0.00185459940652819
structured,score,interaction,215,2691,9,0.0033444816053511705
structured,score,interaction,216,2682,9,0.003355704697986577
structured,score,interaction,217,2673,10,0.0037411148522259632
structured,score,interaction,218,2663,6,0.0022530980097634247
structured,score,interaction,219,2657,6,0.002258185923974407
structured,score,interaction,220,2651,5,0.001886080724254998
structured,score,interaction,221,2646,2,0.0007558578987150416
structured,score,interaction,222,2644,7,0.00264750378214826
structured,score,interaction,223,2637,6,0.0022753128555176336
structured,score,interaction,224,2631,6,0.002280501710376283
structured,score,interaction,225,2625,9,0.0034285714285714284
structured,score,interaction,226,2616,12,0.0045871559633027525
structured,score,interaction,227,2604,2,0.0007680491551459293
structured,score,interaction,228,2602,10,0.003843197540353574
structured,score,interaction,229,2592,6,0.0023148148148148147
structured,score,interaction,230,2586,6,0.002320185614849188
structured,score,interaction,231,2580,10,0.003875968992248062
structured,score,interaction,232,2570,8,0.0031128404669260703
structured,score,interaction,233,2562,8,0.00312256049960968
structured,score,interaction,234,2554,9,0.003523884103367267
structured,score,interaction,235,2545,9,0.003536345776031434
structured,score,interaction,236,2536,6,0.002365930599369085
structured,score,interaction,237,2530,8,0.0031620553359683794
structured,score,interaction,238,2522,6,0.0023790642347343376
structured,score,interaction,239,2516,6,0.0023847376788553257
structured,score,interaction,240,2510,7,0.0027888446215139444
structured,score,interaction,241,2503,11,0.0043947263284059125
structured,score,interaction,242,2492,6,0.002407704654895666
structured,score,interaction,243,2486,6,0.002413515687851971
structured,score,interaction,244,2480,5,0.0020161290322580645
structured,score,interaction,245,2475,8,0.0032323232323232323
structured,score,interaction,246,2467,4,0.0016214025131738954
structured,score,interaction,247,2463,9,0.0036540803897685747
structured,score,interaction,248,2454,8,0.0032599837000814994
structured,score,interaction,249,2446,5,0.002044153720359771
structured,score,interaction,250,2441,6,0.0024580090126997134
structured,score,interaction,251,2435,5,0.002053388090349076
structured,score,interaction,252,2430,10,0.00411522633744856
structured,score,interaction,253,2420,7,0.002892561983471074
structured,score,interaction,254,2413,5,0.0020721094073767096
structured,score,interaction,255,2408,6,0.0024916943521594683
structured,score,interaction,256,2402,2,0.0008326394671107411
structured,score,invalid_query,1,10000,1104,0.1104
structured,score,invalid_query,2,8896,968,0.10881294964028777
structured,score,invalid_query,3,7928,758,0.09561049445005046
structured,score,invalid_query,4,7170,547,0.07629009762900976
structured,score,invalid_query,5,6623,373,0.05631888872112336
structured,score,invalid_query,6,6250,296,0.04736
structured,score,invalid_query,7,5954,174,0.029224051058112193
structured,score,invalid_query,8,5780,148,0.02560553633217993
structured,score,invalid_query,9,5632,105,0.018643465909090908
structured,score,invalid_query,10,5527,79,0.014293468427718474
structured,score,invalid_query,11,5448,71,0.013032305433186491
structured,score,invalid_query,12,5377,61,0.011344615956853264
structured,score,invalid_query,13,5316,69,0.012979683972911963
structured,score,invalid_query,14,5247,57,0.010863350485991996
structured,score,invalid_query,15,5190,49,0.009441233140655106
structured,score,invalid_query,16,5141,48,0.009336704921221552
structured,score,invalid_query,17,5093,46,0.009032004712350284
structured,score,invalid_query,18,5047,31,0.006142262730334852
structured,score,invalid_query,19,5016,41,0.00817384370015949
structured,score,invalid_query,20,4975,26,0.0052261306532663315
structured,score,invalid_query,21,4949,45,0.009092746009294807
structured,score,invalid_query,22,4904,38,0.007748776508972268
structured,score,invalid_query,23,4866,46,0.009453349773941636
structured,score,invalid_query,24,4820,34,0.007053941908713693
structured,score,invalid_query,25,4786,24,0.005014625992478061
structured,score,invalid_query,26,4762,24,0.00503989920201596
structured,score,invalid_query,27,4738,29,0.006120726044744618
structured,score,invalid_query,28,4709,25,0.005308982798895732
structured,score,invalid_query,29,4684,32,0.006831767719897523
structured,score,invalid_query,30,4652,39,0.008383490971625107
structured,score,invalid_query,31,4613,32,0.006936917407327119
structured,score,invalid_query,32,4581,28,0.0061122025758567995
structured,score,invalid_query,33,4553,30,0.006589062156819679
structured,score,invalid_query,34,4523,23,0.005085120495246518
structured,score,invalid_query,35,4500,23,0.005111111111111111
structured,score,invalid_query,36,4477,24,0.005360732633459906
structured,score,invalid_query,37,4453,19,0.004266786436110487
structured,score,invalid_query,38,4434,16,0.0036084799278304014
structured,score,invalid_query,39,4418,28,0.006337709370755998
structured,score,invalid_query,40,4390,40,0.009111617312072893
structured,score,invalid_query,41,4350,28,0.006436781609195402
structured,score,invalid_query,42,4322,17,0.003933364183248496
structured,score,invalid_query,43,4305,16,0.003716608594657375
structured,score,invalid_query,44,4289,26,0.006062019118675682
structured,score,invalid_query,45,4263,21,0.0049261083743842365
structured,score,invalid_query,46,4242,21,0.0049504950495049506
structured,score,invalid_query,47,4221,19,0.0045013030087656955
structured,score,invalid_query,48,4202,31,0.007377439314612089
structured,score,invalid_query,49,4171,21,0.005034763845600575
structured,score,invalid_query,50,4150,20,0.004819277108433735
structured,score,invalid_query,51,4130,21,0.005084745762711864
structured,score,invalid_query,52,4109,23,0.005597468970552446
structured,score,invalid_query,53,4086,16,0.003915810083210965
structured,score,invalid_query,54,4070,23,0.005651105651105651
structured,score,invalid_query,55,4047,24,0.005930318754633061
structured,score,invalid_query,56,4023,27,0.006711409395973154
structured,score,invalid_query,57,3996,16,0.004004004004004004
structured,score,invalid_query,58,3980,18,0.004522613065326633
structured,score,invalid_query,59,3962,18,0.004543160020191822
structured,score,invalid_query,60,3944,19,0.004817444219066937
structured,score,invalid_query,61,3925,21,0.00535031847133758
structured,score,invalid_query,62,3904,19,0.004866803278688525
structured,score,invalid_query,63,3885,17,0.004375804375804376
structured,score,invalid_query,64,3868,18,0.004653567735263702
structured,score,invalid_query,65,3850,15,0.003896103896103896
structured,score,invalid_query,66,3835,10,0.002607561929595828
structured,score,invalid_query,67,3825,24,0.006274509803921568
structured,score,invalid_query,68,3801,21,0.0055248618784530384
structured,score,invalid_query,69,3780,18,0.004761904761904762
structured,score,invalid_query,70,3762,13,0.0034556087187666137
structured,score,invalid_query,71,3749,17,0.004534542544678581
structured,score,invalid_query,72,3732,15,0.0040192926045016075
structured,score,invalid_query,73,3717,14,0.003766478342749529
structured,score,invalid_query,74,3703,22,0.00594112881447475
structured,score,invalid_query,75,3681,20,0.0054333061668024995
structured,score,invalid_query,76,3661,12,0.0032777929527451517
structured,score,invalid_query,77,3649,10,0.0027404768429706767
structured,score,invalid_query,78,3639,16,0.004396812311074471
structured,score,invalid_query,79,3623,14,0.0038642009384487995
structured,score,invalid_query,80,3609,17,0.004710446106954835
structured,score,invalid_query,81,3592,13,0.003619153674832962
structured,score,invalid_query,82,3579,20,0.005588153115395362
structured,score,invalid_query,83,3559,14,0.003933689238550154
structured,score,invalid_query,84,3545,14,0.0039492242595204514
structured,score,invalid_query,85,3531,22,0.006230529595015576
structured,score,invalid_query,86,3509,15,0.004274722143060701
structured,score,invalid_query,87,3494,19,0.005437893531768746
structured,score,invalid_query,88,3475,10,0.0028776978417266188
structured,score,invalid_query,89,3465,13,0.003751803751803752
structured,score,invalid_query,90,3452,16,0.004634994206257242
structured,score,invalid_query,91,3436,18,0.005238649592549476
structured,score,invalid_query,92,3418,13,0.0038033937975424223
structured,score,invalid_query,93,3405,5,0.0014684287812041115
structured,score,invalid_query,94,3400,12,0.0035294117647058825
structured,score,invalid_query,95,3388,17,0.005017709563164109
structured,score,invalid_query,96,3371,18,0.005339661821417977
structured,score,invalid_query,97,3353,17,0.005070086489710707
structured,score,invalid_query,98,3336,16,0.004796163069544364
structured,score,invalid_query,99,3320,20,0.006024096385542169
structured,score,invalid_query,100,3300,15,0.004545454545454545
structured,score,invalid_query,101,3285,15,0.0045662100456621
structured,score,invalid_query,102,3270,8,0.0024464831804281344
structured,score,invalid_query,103,3262,14,0.004291845493562232
structured,score,invalid_query,104,3248,12,0.003694581280788177
structured,score,invalid_query,105,3236,14,0.004326328800988875
structured,score,invalid_query,106,3222,19,0.005896958410924891
structured,score,invalid_query,107,3203,9,0.00280986575085857
structured,score,invalid_query,108,3194,10,0.0031308703819661866
structured,score,invalid_query,109,3184,10,0.00314070351758794
structured,score,invalid_query,110,3174,8,0.002520478890989288
structured,score,invalid_query,111,3166,14,0.004421983575489577
structured,score,invalid_query,112,3152,11,0.0034898477157360407
structured,score,invalid_query,113,3141,10,0.003183699458771092
structured,score,invalid_query,114,3131,17,0.005429575215586075
structured,score,invalid_query,115,3114,25,0.00802825947334618
structured,score,invalid_query,116,3089,15,0.004855940433797346
structured,score,invalid_query,117,3074,8,0.002602472348731295
structured,score,invalid_query,118,3066,12,0.003913894324853229
structured,score,invalid_query,119,3054,7,0.0022920759659463
structured,score,invalid_query,120,3047,11,0.0036101083032490976
structured,score,invalid_query,121,3036,7,0.00230566534914361
structured,score,invalid_query,122,3029,11,0.0036315615714757345
structured,score,invalid_query,123,3018,17,0.005632869449966865
structured,score,invalid_query,124,3001,9,0.002999000333222259
structured,score,invalid_query,125,2992,14,0.004679144385026738
structured,score,invalid_query,126,2978,10,0.0033579583613163196
structured,score,invalid_query,127,2968,9,0.003032345013477089
structured,score,invalid_query,128,2959,16,0.005407232173031429
structured,score,invalid_query,129,2943,11,0.0037376826367652057
structured,score,invalid_query,130,2932,8,0.002728512960436562
structured,score,invalid_query,131,2924,11,0.003761969904240766
structured,score,invalid_query,132,2913,18,0.006179196704428424
structured,score,invalid_query,133,2895,13,0.004490500863557859
structured,score,invalid_query,134,2882,13,0.004510756419153366
structured,score,invalid_query,135,2869,17,0.0059254095503659815
structured,score,invalid_query,136,2852,10,0.0035063113604488078
structured,score,invalid_query,137,2841,11,0.003871876099964801
structured,score,invalid_query,138,2829,9,0.003181336161187699
structured,score,invalid_query,139,2819,14,0.004966300106420717
structured,score,invalid_query,140,2804,10,0.003566333808844508
structured,score,invalid_query,141,2793,13,0.004654493376297888
structured,score,invalid_query,142,2776,13,0.004682997118155619
structured,score,invalid_query,143,2760,14,0.005072463768115942
structured,score,invalid_query,144,2745,7,0.0025500910746812386
structured,score,invalid_query,145,2735,4,0.0014625228519195613
structured,score,invalid_query,146,2726,17,0.0062362435803374906
structured,score,invalid_query,147,2703,13,0.004809470958194599
structured,score,invalid_query,148,2685,10,0.0037243947858473
structured,score,invalid_query,149,2671,11,0.0041183077499064025
structured,score,invalid_query,150,2652,10,0.003770739064856712
structured,score,invalid_query,151,2637,11,0.004171406901782328
structured,score,invalid_query,152,2617,8,0.003056935422239205
structured,score,invalid_query,153,2596,12,0.004622496147919877
structured,score,invalid_query,154,2573,5,0.00194325689856199
structured,score,invalid_query,155,2559,11,0.0042985541227041815
structured,score,invalid_query,156,2539,12,0.004726270185112249
structured,score,invalid_query,157,2512,13,0.0051751592356687895
structured,score,invalid_query,158,2482,11,0.004431909750201451
structured,score,invalid_query,159,2459,13,0.005286701911346075
structured,score,invalid_query,160,2428,11,0.004530477759472817
structured,score,invalid_query,161,2405,9,0.0037422037422037424
structured,score,invalid_query,162,2383,4,0.001678556441460344
structured,score,invalid_query,163,2369,10,0.004221190375685944
structured,score,invalid_query,164,2346,15,0.00639386189258312
structured,score,invalid_query,165,2316,7,0.0030224525043177895
structured,score,invalid_query,166,2291,5,0.002182453077258839
structured,score,invalid_query,167,2268,7,0.0030864197530864196
structured,score,invalid_query,168,2239,12,0.005359535506922733
structured,score,invalid_query,169,2212,7,0.0031645569620253164
structured,score,invalid_query,170,2173,7,0.0032213529682466636
structured,score,invalid_query,171,2119,12,0.005663048607833884
structured,score,invalid_query,172,2071,10,0.004828585224529213
structured,score,invalid_query,173,2013,8,0.003974167908594138
structured,score,invalid_query,174,1948,8,0.004106776180698152
structured,score,invalid_query,175,1876,8,0.0042643923240938165
structured,score,invalid_query,176,1791,6,0.0033500837520938024
structured,score,invalid_query,177,1715,4,0.0023323615160349854
structured,score,invalid_query,178,1611,4,0.002482929857231533
structured,score,invalid_query,179,1518,5,0.0032938076416337285
structured,score,invalid_query,180,1407,2,0.0014214641080312722
structured,score,invalid_query,181,1270,4,0.0031496062992125984
structured,score,invalid_query,182,1164,5,0.00429553264604811
structured,score,invalid_query,183,1029,1,0.0009718172983479105
structured,score,invalid_query,184,913,4,0.004381161007667032
structured,score,invalid_query,185,800,1,0.00125
structured,score,invalid_query,186,688,5,0.007267441860465116
structured,score,invalid_query,187,594,1,0.0016835016835016834
structured,score,invalid_query,188,501,1,0.001996007984031936
structured,score,invalid_query,189,426,4,0.009389671361502348
structured,score,invalid_query,190,328,1,0.003048780487804878
structured,score,invalid_query,191,257,0,0.0
structured,score,invalid_query,192,214,1,0.004672897196261682
structured,score,invalid_query,193,162,1,0.006172839506172839
structured,score,invalid_query,194,117,0,0.0
structured,score,invalid_query,195,89,0,0.0
structured,score,invalid_query,196,63,0,0.0
structured,score,invalid_query,197,45,0,0.0
structured,score,invalid_query,198,32,0,0.0
structured,score,invalid_query,199,21,0,0.0
structured,score,invalid_query,200,16,0,0.0
structured,score,invalid_query,201,10,0,0.0
structured,score,invalid_query,202,4,0,0.0
structured,score,invalid_query,203,1,0,0.0
structured,score,invalid_query,204,0,0,
structured,score,invalid_query,205,0,0,
structured,score,invalid_query,206,0,0,
structured,score,invalid_query,207,0,0,
structured,score,invalid_query,208,0,0,
structured,score,invalid_query,209,0,0,
structured,score,invalid_query,210,0,0,
structured,score,invalid_query,211,0,0,
structured,score,invalid_query,212,0,0,
structured,score,invalid_query,213,0,0,
structured,score,invalid_query,214,0,0,
structured,score,invalid_query,215,0,0,
structured,score,invalid_query,216,0,0,
structured,score,invalid_query,217,0,0,
structured,score,invalid_query,218,0,0,
structured,score,invalid_query,219,0,0,
structured,score,invalid_query,220,0,0,
structured,score,invalid_query,221,0,0,
structured,score,invalid_query,222,0,0,
structured,score,invalid_query,223,0,0,
structured,score,invalid_query,224,0,0,
structured,score,invalid_query,225,0,0,
structured,score,invalid_query,226,0,0,
structured,score,invalid_query,227,0,0,
structured,score,invalid_query,228,0,0,
structured,score,invalid_query,229,0,0,
structured,score,invalid_query,230,0,0,
structured,score,invalid_query,231,0,0,
structured,score,invalid_query,232,0,0,
structured,score,invalid_query,233,0,0,
structured,score,invalid_query,234,0,0,
structured,score,invalid_query,235,0,0,
structured,score,invalid_query,236,0,0,
structured,score,invalid_query,237,0,0,
structured,score,invalid_query,238,0,0,
structured,score,invalid_query,239,0,0,
structured,score,invalid_query,240,0,0,
structured,score,invalid_query,241,0,0,
structured,score,invalid_query,242,0,0,
structured,score,invalid_query,243,0,0,
structured,score,invalid_query,244,0,0,
structured,score,invalid_query,245,0,0,
structured,score,invalid_query,246,0,0,
structured,score,invalid_query,247,0,0,
structured,score,invalid_query,248,0,0,
structured,score,invalid_query,249,0,0,
structured,score,invalid_query,250,0,0,
structured,score,invalid_query,251,0,0,
structured,score,invalid_query,252,0,0,
structured,score,invalid_query,253,0,0,
structured,score,invalid_query,254,0,0,
structured,score,invalid_query,255,0,0,
structured,score,invalid_query,256,0,0,
unstructured,random,interaction,1,10000,237,0.0237
unstructured,random,interaction,2,9763,257,0.026323875857830584
unstructured,random,interaction,3,9506,230,0.02419524510835262
unstructured,random,interaction,4,9276,246,0.02652005174644243
unstructured,random,interaction,5,9030,209,0.023145071982281284
unstructured,random,interaction,6,8821,214,0.024260287949212107
unstructured,random,interaction,7,8607,210,0.024398745207389334
unstructured,random,interaction,8,8397,228,0.027152554483744193
unstructured,random,interaction,9,8169,198,0.024237972824091077
unstructured,random,interaction,10,7971,204,0.02559277380504328
unstructured,random,interaction,11,7767,223,0.02871121411098236
unstructured,random,interaction,12,7544,205,0.02717391304347826
unstructured,random,interaction,13,7339,203,0.027660444202207386
unstructured,random,interaction,14,7136,178,0.024943946188340806
unstructured,random,interaction,15,6958,176,0.025294624892210404
unstructured,random,interaction,16,6782,165,0.024329106458271896
unstructured,random,interaction,17,6617,146,0.022064379628230317
unstructured,random,interaction,18,6471,148,0.02287127182815639
unstructured,random,interaction,19,6323,154,0.024355527439506565
unstructured,random,interaction,20,6169,141,0.02285621656670449
unstructured,random,interaction,21,6028,151,0.02504976775049768
unstructured,random,interaction,22,5877,159,0.027054619703930576
unstructured,random,interaction,23,5718,136,0.02378454004896817
unstructured,random,interaction,24,5582,140,0.025080616266571123
unstructured,random,interaction,25,5442,127,0.023337008452774716
unstructured,random,interaction,26,5315,121,0.022765757290686736
unstructured,random,interaction,27,5194,132,0.025413939160569887
unstructured,random,interaction,28,5062,115,0.022718293164757014
unstructured,random,interaction,29,4947,152,0.030725692338791185
unstructured,random,interaction,30,4795,98,0.020437956204379562
unstructured,random,interaction,31,4697,120,0.025548222269533745
unstructured,random,interaction,32,4577,109,0.02381472580292768
unstructured,random,interaction,33,4468,108,0.024171888988361683
unstructured,random,interaction,34,4360,105,0.02408256880733945
unstructured,random,interaction,35,4255,105,0.024676850763807285
unstructured,random,interaction,36,4150,96,0.02313253012048193
unstructured,random,interaction,37,4054,94,0.023186975826344353
unstructured,random,interaction,38,3960,111,0.02803030303030303
unstructured,random,interaction,39,3849,103,0.026760197453884124
unstructured,random,interaction,40,3746,97,0.02589428723972237
unstructured,random,interaction,41,3649,107,0.02932310221978624
unstructured,random,interaction,42,3542,86,0.024280067758328628
unstructured,random,interaction,43,3456,100,0.028935185185185185
unstructured,random,interaction,44,3356,89,0.026519666269368296
unstructured,random,interaction,45,3267,77,0.02356902356902357
unstructured,random,interaction,46,3190,77,0.02413793103448276
unstructured,random,interaction,47,3113,79,0.025377449405717956
unstructured,random,interaction,48,3034,80,0.026367831245880026
unstructured,random,interaction,49,2954,69,0.023358158429248477
unstructured,random,interaction,50,2885,67,0.023223570190641248
unstructured,random,interaction,51,2818,74,0.0262597586941093
unstructured,random,interaction,52,2744,66,0.024052478134110787
unstructured,random,interaction,53,2678,72,0.0268857356235997
unstructured,random,interaction,54,2606,74,0.0283960092095165
unstructured,random,interaction,55,2532,66,0.026066350710900472
unstructured,random,interaction,56,2466,74,0.030008110300081103
unstructured,random,interaction,57,2392,49,0.02048494983277592
unstructured,random,interaction,58,2343,58,0.024754588134869825
unstructured,random,interaction,59,2285,60,0.0262582056892779
unstructured,random,interaction,60,2225,53,0.023820224719101123
unstructured,random,interaction,61,2172,40,0.01841620626151013
unstructured,random,interaction,62,2132,44,0.020637898686679174
unstructured,random,interaction,63,2088,53,0.025383141762452106
unstructured,random,interaction,64,2035,53,0.026044226044226043
unstructured,random,interaction,65,1982,38,0.01917255297679112
unstructured,random,interaction,66,1944,54,0.027777777777777776
unstructured,random,interaction,67,1890,50,0.026455026455026454
unstructured,random,interaction,68,1840,47,0.025543478260869567
unstructured,random,interaction,69,1793,50,0.02788622420524261
unstructured,random,interaction,70,1743,42,0.024096385542168676
unstructured,random,interaction,71,1701,55,0.03233392122281011
unstructured,random,interaction,72,1646,44,0.026731470230862697
unstructured,random,interaction,73,1602,36,0.02247191011235955
unstructured,random,interaction,74,1566,35,0.02234993614303959
unstructured,random,interaction,75,1531,37,0.024167210973220117
unstructured,random,interaction,76,1494,39,0.02610441767068273
unstructured,random,interaction,77,1455,36,0.024742268041237112
unstructured,random,interaction,78,1419,38,0.026779422128259338
unstructured,random,interaction,79,1381,35,0.025343953656770456
unstructured,random,interaction,80,1346,42,0.031203566121842496
unstructured,random,interaction,81,1304,23,0.01763803680981595
unstructured,random,interaction,82,1281,29,0.02263856362217018
unstructured,random,interaction,83,1252,33,0.026357827476038338
unstructured,random,interaction,84,1219,28,0.022969647251845776
unstructured,random,interaction,85,1191,33,0.027707808564231738
unstructured,random,interaction,86,1158,28,0.024179620034542316
unstructured,random,interaction,87,1130,29,0.02566371681415929
unstructured,random,interaction,88,1101,30,0.027247956403269755
unstructured,random,interaction,89,1071,25,0.02334267040149393
unstructured,random,interaction,90,1046,23,0.02198852772466539
unstructured,random,interaction,91,1023,24,0.02346041055718475
unstructured,random,interaction,92,999,32,0.03203203203203203
unstructured,random,interaction,93,967,15,0.015511892450879007
unstructured,random,interaction,94,952,18,0.018907563025210083
unstructured,random,interaction,95,934,30,0.032119914346895075
unstructured,random,interaction,96,904,25,0.02765486725663717
unstructured,random,interaction,97,879,26,0.02957906712172924
unstructured,random,interaction,98,853,28,0.032825322391559206
unstructured,random,interaction,99,825,19,0.02303030303030303
unstructured,random,interaction,100,806,24,0.02977667493796526
unstructured,random,interaction,101,782,21,0.026854219948849106
unstructured,random,interaction,102,761,27,0.035479632063074903
unstructured,random,interaction,103,734,11,0.014986376021798364
unstructured,random,interaction,104,723,22,0.030428769017980636
unstructured,random,interaction,105,701,20,0.028530670470756064
unstructured,random,interaction,106,681,21,0.030837004405286344
unstructured,random,interaction,107,660,15,0.022727272727272728
unstructured,random,interaction,108,645,18,0.027906976744186046
unstructured,random,interaction,109,627,16,0.025518341307814992
unstructured,random,interaction,110,611,13,0.02127659574468085
unstructured,random,interaction,111,598,12,0.020066889632107024
unstructured,random,interaction,112,586,14,0.023890784982935155
unstructured,random,interaction,113,572,11,0.019230769230769232
unstructured,random,interaction,114,561,15,0.026737967914438502
unstructured,random,interaction,115,546,14,0.02564102564102564
unstructured,random,interaction,116,532,20,0.03759398496240601
unstructured,random,interaction,117,512,15,0.029296875
unstructured,random,interaction,118,497,15,0.030181086519114688
unstructured,random,interaction,119,482,12,0.024896265560165973
unstructured,random,interaction,120,470,13,0.027659574468085105
unstructured,random,interaction,121,457,15,0.03282275711159737
unstructured,random,interaction,122,442,9,0.020361990950226245
unstructured,random,interaction,123,433,11,0.025404157043879907
unstructured,random,interaction,124,422,8,0.018957345971563982
unstructured,random,interaction,125,414,11,0.026570048309178744
unstructured,random,interaction,126,403,13,0.03225806451612903
unstructured,random,interaction,127,390,12,0.03076923076923077
unstructured,random,interaction,128,378,6,0.015873015873015872
unstructured,random,interaction,129,372,6,0.016129032258064516
unstructured,random,interaction,130,366,14,0.03825136612021858
unstructured,random,interaction,131,352,10,0.028409090909090908
unstructured,random,interaction,132,342,6,0.017543859649122806
unstructured,random,interaction,133,336,11,0.03273809523809524
unstructured,random,interaction,134,325,8,0.024615384615384615
unstructured,random,interaction,135,317,6,0.01892744479495268
unstructured,random,interaction,136,311,7,0.022508038585209004
unstructured,random,interaction,137,304,7,0.023026315789473683
unstructured,random,interaction,138,297,4,0.013468013468013467
unstructured,random,interaction,139,293,10,0.034129692832764506
unstructured,random,interaction,140,283,4,0.014134275618374558
unstructured,random,interaction,141,279,6,0.021505376344086023
unstructured,random,interaction,142,273,7,0.02564102564102564
unstructured,random,interaction,143,266,10,0.03759398496240601
unstructured,random,interaction,144,256,7,0.02734375
unstructured,random,interaction,145,249,5,0.020080321285140562
unstructured,random,interaction,146,244,6,0.02459016393442623
unstructured,random,interaction,147,238,8,0.03361344537815126
unstructured,random,interaction,148,230,9,0.0391304347826087
unstructured,random,interaction,149,221,7,0.03167420814479638
unstructured,random,interaction,150,214,6,0.028037383177570093
unstructured,random,interaction,151,208,3,0.014423076923076924
unstructured,random,interaction,152,205,4,0.01951219512195122
unstructured,random,interaction,153,201,7,0.03482587064676617
unstructured,random,interaction,154,194,7,0.03608247422680412
unstructured,random,interaction,155,187,6,0.03208556149732621
unstructured,random,interaction,156,181,3,0.016574585635359115
unstructured,random,interaction,157,178,5,0.028089887640449437
unstructured,random,interaction,158,173,1,0.005780346820809248
unstructured,random,interaction,159,172,3,0.01744186046511628
unstructured,random,interaction,160,169,5,0.029585798816568046
unstructured,random,interaction,161,164,5,0.03048780487804878
unstructured,random,interaction,162,159,2,0.012578616352201259
unstructured,random,interaction,163,157,4,0.025477707006369428
unstructured,random,interaction,164,153,4,0.026143790849673203
unstructured,random,interaction,165,149,5,0.03355704697986577
unstructured,random,interaction,166,144,2,0.013888888888888888
unstructured,random,interaction,167,142,3,0.02112676056338028
unstructured,random,interaction,168,139,3,0.02158273381294964
unstructured,random,interaction,169,136,1,0.007352941176470588
unstructured,random,interaction,170,135,5,0.037037037037037035
unstructured,random,interaction,171,130,2,0.015384615384615385
unstructured,random,interaction,172,128,1,0.0078125
unstructured,random,interaction,173,127,5,0.03937007874015748
unstructured,random,interaction,174,122,0,0.0
unstructured,random,interaction,175,122,3,0.02459016393442623
unstructured,random,interaction,176,119,2,0.01680672268907563
unstructured,random,interaction,177,117,1,0.008547008547008548
unstructured,random,interaction,178,116,2,0.017241379310344827
unstructured,random,interaction,179,114,1,0.008771929824561403
unstructured,random,interaction,180,113,3,0.02654867256637168
unstructured,random,interaction,181,110,3,0.02727272727272727
unstructured,random,interaction,182,107,1,0.009345794392523364
unstructured,random,interaction,183,106,2,0.018867924528301886
unstructured,random,interaction,184,104,3,0.028846153846153848
unstructured,random,interaction,185,101,0,0.0
unstructured,random,interaction,186,101,1,0.009900990099009901
unstructured,random,interaction,187,100,3,0.03
unstructured,random,interaction,188,97,3,0.030927835051546393
unstructured,random,interaction,189,94,8,0.0851063829787234
unstructured,random,interaction,190,86,5,0.05813953488372093
unstructured,random,interaction,191,81,2,0.024691358024691357
unstructured,random,interaction,192,79,1,0.012658227848101266
unstructured,random,interaction,193,78,3,0.038461538461538464
unstructured,random,interaction,194,75,1,0.013333333333333334
unstructured,random,interaction,195,74,1,0.013513513513513514
unstructured,random,interaction,196,73,0,0.0
unstructured,random,interaction,197,73,1,0.0136986301369863
unstructured,random,interaction,198,72,2,0.027777777777777776
unstructured,random,interaction,199,70,2,0.02857142857142857
unstructured,random,interaction,200,68,2,0.029411764705882353
unstructured,random,interaction,201,66,2,0.030303030303030304
unstructured,random,interaction,202,64,2,0.03125
unstructured,random,interaction,203,62,1,0.016129032258064516
unstructured,random,interaction,204,61,1,0.01639344262295082
unstructured,random,interaction,205,60,0,0.0
unstructured,random,interaction,206,60,1,0.016666666666666666
unstructured,random,interaction,207,59,0,0.0
unstructured,random,interaction,208,59,1,0.01694915254237288
unstructured,random,interaction,209,58,2,0.034482758620689655
unstructured,random,interaction,210,56,1,0.017857142857142856
unstructured,random,interaction,211,55,1,0.01818181818181818
unstructured,random,interaction,212,54,2,0.037037037037037035
unstructured,random,interaction,213,52,2,0.038461538461538464
unstructured,random,interaction,214,50,3,0.06
unstructured,random,interaction,215,47,1,0.02127659574468085
unstructured,random,interaction,216,46,1,0.021739130434782608
unstructured,random,interaction,217,45,0,0.0
unstructured,random,interaction,218,45,1,0.022222222222222223
unstructured,random,interaction,219,44,0,0.0
unstructured,random,interaction,220,44,3,0.06818181818181818
unstructured,random,interaction,221,41,2,0.04878048780487805
unstructured,random,interaction,222,39,0,0.0
unstructured,random,interaction,223,39,0,0.0
unstructured,random,interaction,224,39,0,0.0
unstructured,random,interaction,225,39,2,0.05128205128205128
unstructured,random,interaction,226,37,3,0.08108108108108109
unstructured,random,interaction,227,34,1,0.029411764705882353
unstructured,random,interaction,228,33,1,0.030303030303030304
unstructured,random,interaction,229,32,1,0.03125
unstructured,random,interaction,230,31,3,0.0967741935483871
unstructured,random,interaction,231,28,0,0.0
unstructured,random,interaction,232,28,3,0.10714285714285714
unstructured,random,interaction,233,25,0,0.0
unstructured,random,interaction,234,25,1,0.04
unstructured,random,interaction,235,24,0,0.0
unstructured,random,interaction,236,24,2,0.08333333333333333
unstructured,random,interaction,237,22,1,0.045454545454545456
unstructured,random,interaction,238,21,0,0.0
unstructured,random,interaction,239,21,0,0.0
unstructured,random,interaction,240,21,0,0.0
unstructured,random,interaction,241,21,0,0.0
unstructured,random,interaction,242,21,0,0.0
unstructured,random,interaction,243,21,0,0.0
unstructured,random,interaction,244,21,0,0.0
unstructured,random,interaction,245,21,0,0.0
unstructured,random,interaction,246,21,0,0.0
unstructured,random,interaction,247,21,0,0.0
unstructured,random,interaction,248,21,0,0.0
unstructured,random,interaction,249,21,0,0.0
unstructured,random,interaction,250,21,1,0.047619047619047616
unstructured,random,interaction,251,20,1,0.05
unstructured,random,interaction,252,19,1,0.05263157894736842
unstructured,random,interaction,253,18,0,0.0
unstructured,random,interaction,254,18,0,0.0
unstructured,random,interaction,255,18,1,0.05555555555555555
unstructured,random,interaction,256,17,3,0.17647058823529413
unstructured,random,invalid_query,1,10000,505,0.0505
unstructured,random,invalid_query,2,9495,473,0.0498156924697209
unstructured,random,invalid_query,3,9022,468,0.05187319884726225
unstructured,random,invalid_query,4,8554,430,0.0502688800561141
unstructured,random,invalid_query,5,8124,428,0.05268340718857706
unstructured,random,invalid_query,6,7696,381,0.049506237006237006
unstructured,random,invalid_query,7,7315,381,0.05208475734791524
unstructured,random,invalid_query,8,6934,381,0.05494663974617825
unstructured,random,invalid_query,9,6553,305,0.04654356783152754
unstructured,random,invalid_query,10,6248,296,0.04737516005121639
unstructured,random,invalid_query,11,5952,298,0.050067204301075266
unstructured,random,invalid_query,12,5654,274,0.048461266360099044
unstructured,random,invalid_query,13,5380,266,0.04944237918215613
unstructured,random,invalid_query,14,5114,241,0.04712553773953852
unstructured,random,invalid_query,15,4873,240,0.04925097475887544
unstructured,random,invalid_query,16,4633,207,0.044679473343406
unstructured,random,invalid_query,17,4426,205,0.04631721644826028
unstructured,random,invalid_query,18,4221,247,0.05851693911395404
unstructured,random,invalid_query,19,3974,171,0.04302969300452944
unstructured,random,invalid_query,20,3803,190,0.04996055745464107
unstructured,random,invalid_query,21,3613,173,0.04788264600055356
unstructured,random,invalid_query,22,3440,180,0.05232558139534884
unstructured,random,invalid_query,23,3260,164,0.05030674846625767
unstructured,random,invalid_query,24,3096,149,0.0481266149870801
unstructured,random,invalid_query,25,2947,171,0.058025110281642346
unstructured,random,invalid_query,26,2776,138,0.04971181556195965
unstructured,random,invalid_query,27,2638,123,0.0466262319939348
unstructured,random,invalid_query,28,2515,155,0.061630218687872766
unstructured,random,invalid_query,29,2360,107,0.04533898305084746
unstructured,random,invalid_query,30,2253,111,0.0492676431424767
unstructured,random,invalid_query,31,2142,95,0.04435107376283847
unstructured,random,invalid_query,32,2047,116,0.05666829506595017
unstructured,random,invalid_query,33,1931,101,0.0523045054375971
unstructured,random,invalid_query,34,1830,81,0.04426229508196721
unstructured,random,invalid_query,35,1749,95,0.05431675242995998
unstructured,random,invalid_query,36,1654,85,0.051390568319226115
unstructured,random,invalid_query,37,1569,76,0.04843849585723391
unstructured,random,invalid_query,38,1493,70,0.04688546550569324
unstructured,random,invalid_query,39,1423,66,0.046380885453267746
unstructured,random,invalid_query,40,1357,70,0.051584377302873984
unstructured,random,invalid_query,41,1287,66,0.05128205128205128
unstructured,random,invalid_query,42,1221,67,0.054873054873054876
unstructured,random,invalid_query,43,1154,59,0.0511265164644714
unstructured,random,invalid_query,44,1095,58,0.052968036529680365
unstructured,random,invalid_query,45,1037,54,0.052073288331726135
unstructured,random,invalid_query,46,983,49,0.04984740590030519
unstructured,random,invalid_query,47,934,50,0.05353319057815846
unstructured,random,invalid_query,48,884,37,0.0418552036199095
unstructured,random,invalid_query,49,847,38,0.0448642266824085
unstructured,random,invalid_query,50,809,42,0.0519159456118665
unstructured,random,invalid_query,51,767,49,0.06388526727509779
unstructured,random,invalid_query,52,718,40,0.055710306406685235
unstructured,random,invalid_query,53,678,44,0.06489675516224189
unstructured,random,invalid_query,54,634,41,0.06466876971608833
unstructured,random,invalid_query,55,593,30,0.050590219224283306
unstructured,random,invalid_query,56,563,31,0.055062166962699825
unstructured,random,invalid_query,57,532,30,0.05639097744360902
unstructured,random,invalid_query,58,502,29,0.05776892430278884
unstructured,random,invalid_query,59,473,15,0.03171247357293869
unstructured,random,invalid_query,60,458,22,0.048034934497816595
unstructured,random,invalid_query,61,436,23,0.052752293577981654
unstructured,random,invalid_query,62,413,18,0.043583535108958835
unstructured,random,invalid_query,63,395,17,0.043037974683544304
unstructured,random,invalid_query,64,378,23,0.06084656084656084
unstructured,random,invalid_query,65,355,19,0.05352112676056338
unstructured,random,invalid_query,66,336,14,0.041666666666666664
unstructured,random,invalid_query,67,322,13,0.040372670807453416
unstructured,random,invalid_query,68,309,17,0.05501618122977346
unstructured,random,invalid_query,69,292,11,0.03767123287671233
unstructured,random,invalid_query,70,281,20,0.0711743772241993
unstructured,random,invalid_query,71,261,14,0.05363984674329502
unstructured,random,invalid_query,72,247,13,0.05263157894736842
unstructured,random,invalid_query,73,234,13,0.05555555555555555
unstructured,random,invalid_query,74,221,10,0.04524886877828054
unstructured,random,invalid_query,75,211,14,0.06635071090047394
unstructured,random,invalid_query,76,197,7,0.03553299492385787
unstructured,random,invalid_query,77,190,11,0.05789473684210526
unstructured,random,invalid_query,78,179,9,0.05027932960893855
unstructured,random,invalid_query,79,170,8,0.047058823529411764
unstructured,random,invalid_query,80,162,6,0.037037037037037035
unstructured,random,invalid_query,81,156,13,0.08333333333333333
unstructured,random,invalid_query,82,143,5,0.03496503496503497
unstructured,random,invalid_query,83,138,7,0.050724637681159424
unstructured,random,invalid_query,84,131,2,0.015267175572519083
unstructured,random,invalid_query,85,129,5,0.03875968992248062
unstructured,random,invalid_query,86,124,2,0.016129032258064516
unstructured,random,invalid_query,87,122,8,0.06557377049180328
unstructured,random,invalid_query,88,114,3,0.02631578947368421
unstructured,random,invalid_query,89,111,9,0.08108108108108109
unstructured,random,invalid_query,90,102,5,0.049019607843137254
unstructured,random,invalid_query,91,97,5,0.05154639175257732
unstructured,random,invalid_query,92,92,2,0.021739130434782608
unstructured,random,invalid_query,93,90,5,0.05555555555555555
unstructured,random,invalid_query,94,85,2,0.023529411764705882
unstructured,random,invalid_query,95,83,2,0.024096385542168676
unstructured,random,invalid_query,96,81,4,0.04938271604938271
unstructured,random,invalid_query,97,77,5,0.06493506493506493
unstructured,random,invalid_query,98,72,2,0.027777777777777776
unstructured,random,invalid_query,99,70,3,0.04285714285714286
unstructured,random,invalid_query,100,67,3,0.04477611940298507
unstructured,random,invalid_query,101,64,6,0.09375
unstructured,random,invalid_query,102,57,5,0.08771929824561403
unstructured,random,invalid_query,103,52,3,0.057692307692307696
unstructured,random,invalid_query,104,49,2,0.04081632653061224
unstructured,random,invalid_query,105,47,3,0.06382978723404255
unstructured,random,invalid_query,106,44,4,0.09090909090909091
unstructured,random,invalid_query,107,40,1,0.025
unstructured,random,invalid_query,108,39,1,0.02564102564102564
unstructured,random,invalid_query,109,38,0,0.0
unstructured,random,invalid_query,110,38,4,0.10526315789473684
unstructured,random,invalid_query,111,34,3,0.08823529411764706
unstructured,random,invalid_query,112,31,3,0.0967741935483871
unstructured,random,invalid_query,113,27,1,0.037037037037037035
unstructured,random,invalid_query,114,26,1,0.038461538461538464
unstructured,random,invalid_query,115,25,1,0.04
unstructured,random,invalid_query,116,23,1,0.043478260869565216
unstructured,random,invalid_query,117,21,1,0.047619047619047616
unstructured,random,invalid_query,118,20,0,0.0
unstructured,random,invalid_query,119,20,0,0.0
unstructured,random,invalid_query,120,19,1,0.05263157894736842
unstructured,random,invalid_query,121,17,2,0.11764705882352941
unstructured,random,invalid_query,122,15,0,0.0
unstructured,random,invalid_query,123,15,1,0.06666666666666667
unstructured,random,invalid_query,124,12,1,0.08333333333333333
unstructured,random,invalid_query,125,11,1,0.09090909090909091
unstructured,random,invalid_query,126,8,2,0.25
unstructured,random,invalid_query,127,6,0,0.0
unstructured,random,invalid_query,128,6,1,0.16666666666666666
unstructured,random,invalid_query,129,5,0,0.0
unstructured,random,invalid_query,130,5,0,0.0
unstructured,random,invalid_query,131,4,0,0.0
unstructured,random,invalid_query,132,4,0,0.0
unstructured,random,invalid_query,133,3,0,0.0
unstructured,random,invalid_query,134,2,0,0.0
unstructured,random,invalid_query,135,2,0,0.0
unstructured,random,invalid_query,136,2,0,0.0
unstructured,random,invalid_query,137,2,1,0.5
unstructured,random,invalid_query,138,1,0,0.0
unstructured,random,invalid_query,139,1,0,0.0
unstructured,random,invalid_query,140,1,0,0.0
unstructured,random,invalid_query,141,1,0,0.0
unstructured,random,invalid_query,142,1,0,0.0
unstructured,random,invalid_query,143,1,0,0.0
unstructured,random,invalid_query,144,1,0,0.0
unstructured,random,invalid_query,145,1,0,0.0
unstructured,random,invalid_query,146,1,0,0.0
unstructured,random,invalid_query,147,1,0,0.0
unstructured,random,invalid_query,148,1,0,0.0
unstructured,random,invalid_query,149,0,0,
unstructured,random,invalid_query,150,0,0,
unstructured,random,invalid_query,151,0,0,
unstructured,random,invalid_query,152,0,0,
unstructured,random,invalid_query,153,0,0,
unstructured,random,invalid_query,154,0,0,
unstructured,random,invalid_query,155,0,0,
unstructured,random,invalid_query,156,0,0,
unstructured,random,invalid_query,157,0,0,
unstructured,random,invalid_query,158,0,0,
unstructured,random,invalid_query,159,0,0,
unstructured,random,invalid_query,160,0,0,
unstructured,random,invalid_query,161,0,0,
unstructured,random,invalid_query,162,0,0,
unstructured,random,invalid_query,163,0,0,
unstructured,random,invalid_query,164,0,0,
unstructured,random,invalid_query,165,0,0,
unstructured,random,invalid_query,166,0,0,
unstructured,random,invalid_query,167,0,0,
unstructured,random,invalid_query,168,0,0,
unstructured,random,invalid_query,169,0,0,
unstructured,random,invalid_query,170,0,0,
unstructured,random,invalid_query,171,0,0,
unstructured,random,invalid_query,172,0,0,
unstructured,random,invalid_query,173,0,0,
unstructured,random,invalid_query,174,0,0,
unstructured,random,invalid_query,175,0,0,
unstructured,random,invalid_query,176,0,0,
unstructured,random,invalid_query,177,0,0,
unstructured,random,invalid_query,178,0,0,
unstructured,random,invalid_query,179,0,0,
unstructured,random,invalid_query,180,0,0,
unstructured,random,invalid_query,181,0,0,
unstructured,random,invalid_query,182,0,0,
unstructured,random,invalid_query,183,0,0,
unstructured,random,invalid_query,184,0,0,
unstructured,random,invalid_query,185,0,0,
unstructured,random,invalid_query,186,0,0,
unstructured,random,invalid_query,187,0,0,
unstructured,random,invalid_query,188,0,0,
unstructured,random,invalid_query,189,0,0,
unstructured,random,invalid_query,190,0,0,
unstructured,random,invalid_query,191,0,0,
unstructured,random,invalid_query,192,0,0,
unstructured,random,invalid_query,193,0,0,
unstructured,random,invalid_query,194,0,0,
unstructured,random,invalid_query,195,0,0,
unstructured,random,invalid_query,196,0,0,
unstructured,random,invalid_query,197,0,0,
unstructured,random,invalid_query,198,0,0,
unstructured,random,invalid_query,199,0,0,
unstructured,random,invalid_query,200,0,0,
unstructured,random,invalid_query,201,0,0,
unstructured,random,invalid_query,202,0,0,
unstructured,random,invalid_query,203,0,0,
unstructured,random,invalid_query,204,0,0,
unstructured,random,invalid_query,205,0,0,
unstructured,random,invalid_query,206,0,0,
unstructured,random,invalid_query,207,0,0,
unstructured,random,invalid_query,208,0,0,
unstructured,random,invalid_query,209,0,0,
unstructured,random,invalid_query,210,0,0,
unstructured,random,invalid_query,211,0,0,
unstructured,random,invalid_query,212,0,0,
unstructured,random,invalid_query,213,0,0,
unstructured,random,invalid_query,214,0,0,
unstructured,random,invalid_query,215,0,0,
unstructured,random,invalid_query,216,0,0,
unstructured,random,invalid_query,217,0,0,
unstructured,random,invalid_query,218,0,0,
unstructured,random,invalid_query,219,0,0,
unstructured,random,invalid_query,220,0,0,
unstructured,random,invalid_query,221,0,0,
unstructured,random,invalid_query,222,0,0,
unstructured,random,invalid_query,223,0,0,
unstructured,random,invalid_query,224,0,0,
unstructured,random,invalid_query,225,0,0,
unstructured,random,invalid_query,226,0,0,
unstructured,random,invalid_query,227,0,0,
unstructured,random,invalid_query,228,0,0,
unstructured,random,invalid_query,229,0,0,
unstructured,random,invalid_query,230,0,0,
unstructured,random,invalid_query,231,0,0,
unstructured,random,invalid_query,232,0,0,
unstructured,random,invalid_query,233,0,0,
unstructured,random,invalid_query,234,0,0,
unstructured,random,invalid_query,235,0,0,
unstructured,random,invalid_query,236,0,0,
unstructured,random,invalid_query,237,0,0,
unstructured,random,invalid_query,238,0,0,
unstructured,random,invalid_query,239,0,0,
unstructured,random,invalid_query,240,0,0,
unstructured,random,invalid_query,241,0,0,
unstructured,random,invalid_query,242,0,0,
unstructured,random,invalid_query,243,0,0,
unstructured,random,invalid_query,244,0,0,
unstructured,random,invalid_query,245,0,0,
unstructured,random,invalid_query,246,0,0,
unstructured,random,invalid_query,247,0,0,
unstructured,random,invalid_query,248,0,0,
unstructured,random,invalid_query,249,0,0,
unstructured,random,invalid_query,250,0,0,
unstructured,random,invalid_query,251,0,0,
unstructured,random,invalid_query,252,0,0,
unstructured,random,invalid_query,253,0,0,
unstructured,random,invalid_query,254,0,0,
unstructured,random,invalid_query,255,0,0,
unstructured,random,invalid_query,256,0,0,
unstructured,nonadaptive,interaction,1,10000,440,0.044
unstructured,nonadaptive,interaction,2,9560,522,0.054602510460251046
unstructured,nonadaptive,interaction,3,9038,484,0.053551670723611416
unstructured,nonadaptive,interaction,4,8554,443,0.05178863689501988
unstructured,nonadaptive,interaction,5,8111,431,0.05313771421526322
unstructured,nonadaptive,interaction,6,7680,403,0.052473958333333334
unstructured,nonadaptive,interaction,7,7277,355,0.0487838394942971
unstructured,nonadaptive,interaction,8,6922,362,0.052297023981508234
unstructured,nonadaptive,interaction,9,6560,329,0.05015243902439025
unstructured,nonadaptive,interaction,10,6231,301,0.04830685283261114
unstructured,nonadaptive,interaction,11,5930,297,0.05008431703204047
unstructured,nonadaptive,interaction,12,5633,292,0.051837386827622935
unstructured,nonadaptive,interaction,13,5341,271,0.05073956187979779
unstructured,nonadaptive,interaction,14,5070,239,0.047140039447731756
unstructured,nonadaptive,interaction,15,4831,230,0.047609190643759056
unstructured,nonadaptive,interaction,16,4601,241,0.052379917409258854
unstructured,nonadaptive,interaction,17,4360,219,0.05022935779816514
unstructured,nonadaptive,interaction,18,4141,205,0.04950495049504951
unstructured,nonadaptive,interaction,19,3936,190,0.048272357723577235
unstructured,nonadaptive,interaction,20,3746,176,0.046983449012279764
unstructured,nonadaptive,interaction,21,3570,153,0.04285714285714286
unstructured,nonadaptive,interaction,22,3417,153,0.04477611940298507
unstructured,nonadaptive,interaction,23,3264,176,0.05392156862745098
unstructured,nonadaptive,interaction,24,3088,151,0.04889896373056995
unstructured,nonadaptive,interaction,25,2937,145,0.04937010554988083
unstructured,nonadaptive,interaction,26,2792,131,0.04691977077363897
unstructured,nonadaptive,interaction,27,2661,141,0.05298759864712514
unstructured,nonadaptive,interaction,28,2520,113,0.04484126984126984
unstructured,nonadaptive,interaction,29,2407,132,0.054840049854590775
unstructured,nonadaptive,interaction,30,2275,124,0.05450549450549451
unstructured,nonadaptive,interaction,31,2151,101,0.04695490469549047
unstructured,nonadaptive,interaction,32,2050,90,0.04390243902439024
unstructured,nonadaptive,interaction,33,1960,106,0.05408163265306123
unstructured,nonadaptive,interaction,34,1854,81,0.043689320388349516
unstructured,nonadaptive,interaction,35,1773,85,0.047941342357586014
unstructured,nonadaptive,interaction,36,1688,76,0.045023696682464455
unstructured,nonadaptive,interaction,37,1612,75,0.04652605459057072
unstructured,nonadaptive,interaction,38,1537,71,0.04619388418998048
unstructured,nonadaptive,interaction,39,1466,76,0.05184174624829468
unstructured,nonadaptive,interaction,40,1390,79,0.05683453237410072
unstructured,nonadaptive,interaction,41,1311,48,0.036613272311212815
unstructured,nonadaptive,interaction,42,1263,73,0.05779889152810768
unstructured,nonadaptive,interaction,43,1190,66,0.05546218487394958
unstructured,nonadaptive,interaction,44,1124,64,0.05693950177935943
unstructured,nonadaptive,interaction,45,1060,63,0.059433962264150944
unstructured,nonadaptive,interaction,46,997,53,0.05315947843530592
unstructured,nonadaptive,interaction,47,944,58,0.0614406779661017
unstructured,nonadaptive,interaction,48,886,42,0.04740406320541761
unstructured,nonadaptive,interaction,49,844,44,0.052132701421800945
unstructured,nonadaptive,interaction,50,800,42,0.0525
unstructured,nonadaptive,interaction,51,758,43,0.05672823218997362
unstructured,nonadaptive,interaction,52,715,31,0.043356643356643354
unstructured,nonadaptive,interaction,53,684,31,0.04532163742690058
unstructured,nonadaptive,interaction,54,653,36,0.055130168453292494
unstructured,nonadaptive,interaction,55,617,35,0.05672609400324149
unstructured,nonadaptive,interaction,56,582,40,0.06872852233676977
unstructured,nonadaptive,interaction,57,542,29,0.05350553505535055
unstructured,nonadaptive,interaction,58,513,24,0.04678362573099415
unstructured,nonadaptive,interaction,59,489,23,0.04703476482617587
unstructured,nonadaptive,interaction,60,466,23,0.04935622317596566
unstructured,nonadaptive,interaction,61,443,20,0.045146726862302484
unstructured,nonadaptive,interaction,62,423,15,0.03546099290780142
unstructured,nonadaptive,interaction,63,408,18,0.04411764705882353
unstructured,nonadaptive,interaction,64,390,24,0.06153846153846154
unstructured,nonadaptive,interaction,65,366,17,0.04644808743169399
unstructured,nonadaptive,interaction,66,349,16,0.045845272206303724
unstructured,nonadaptive,interaction,67,333,17,0.05105105105105105
unstructured,nonadaptive,interaction,68,316,10,0.03164556962025317
unstructured,nonadaptive,interaction,69,306,11,0.03594771241830065
unstructured,nonadaptive,interaction,70,295,19,0.06440677966101695
unstructured,nonadaptive,interaction,71,276,15,0.05434782608695652
unstructured,nonadaptive,interaction,72,261,10,0.038314176245210725
unstructured,nonadaptive,interaction,73,251,14,0.055776892430278883
unstructured,nonadaptive,interaction,74,237,7,0.029535864978902954
unstructured,nonadaptive,interaction,75,230,11,0.04782608695652174
unstructured,nonadaptive,interaction,76,219,9,0.0410958904109589
unstructured,nonadaptive,interaction,77,210,11,0.05238095238095238
unstructured,nonadaptive,interaction,78,199,12,0.06030150753768844
unstructured,nonadaptive,interaction,79,187,8,0.0427807486631016
unstructured,nonadaptive,interaction,80,179,5,0.027932960893854747
unstructured,nonadaptive,interaction,81,174,9,0.05172413793103448
unstructured,nonadaptive,interaction,82,165,9,0.05454545454545454
unstructured,nonadaptive,interaction,83,156,9,0.057692307692307696
unstructured,nonadaptive,interaction,84,147,6,0.04081632653061224
unstructured,nonadaptive,interaction,85,141,3,0.02127659574468085
unstructured,nonadaptive,interaction,86,138,6,0.043478260869565216
unstructured,nonadaptive,interaction,87,132,9,0.06818181818181818
unstructured,nonadaptive,interaction,88,123,3,0.024390243902439025
unstructured,nonadaptive,interaction,89,120,9,0.075
unstructured,nonadaptive,interaction,90,111,5,0.04504504504504504
unstructured,nonadaptive,interaction,91,106,5,0.04716981132075472
unstructured,nonadaptive,interaction,92,101,1,0.009900990099009901
unstructured,nonadaptive,interaction,93,100,5,0.05
unstructured,nonadaptive,interaction,94,95,5,0.05263157894736842
unstructured,nonadaptive,interaction,95,90,2,0.022222222222222223
unstructured,nonadaptive,interaction,96,88,5,0.056818181818181816
unstructured,nonadaptive,interaction,97,83,5,0.060240963855421686
unstructured,nonadaptive,interaction,98,78,8,0.10256410256410256
unstructured,nonadaptive,interaction,99,70,3,0.04285714285714286
unstructured,nonadaptive,interaction,100,67,3,0.04477611940298507
unstructured,nonadaptive,interaction,101,64,3,0.046875
unstructured,nonadaptive,interaction,102,61,4,0.06557377049180328
unstructured,nonadaptive,interaction,103,57,3,0.05263157894736842
unstructured,nonadaptive,interaction,104,54,2,0.037037037037037035
unstructured,nonadaptive,interaction,105,52,2,0.038461538461538464
unstructured,nonadaptive,interaction,106,50,3,0.06
unstructured,nonadaptive,interaction,107,47,2,0.0425531914893617
unstructured,nonadaptive,interaction,108,45,3,0.06666666666666667
unstructured,nonadaptive,interaction,109,42,4,0.09523809523809523
unstructured,nonadaptive,interaction,110,38,3,0.07894736842105263
unstructured,nonadaptive,interaction,111,35,1,0.02857142857142857
unstructured,nonadaptive,interaction,112,34,4,0.11764705882352941
unstructured,nonadaptive,interaction,113,30,2,0.06666666666666667
unstructured,nonadaptive,interaction,114,28,2,0.07142857142857142
unstructured,nonadaptive,interaction,115,26,1,0.038461538461538464
unstructured,nonadaptive,interaction,116,25,2,0.08
unstructured,nonadaptive,interaction,117,23,5,0.21739130434782608
unstructured,nonadaptive,interaction,118,18,1,0.05555555555555555
unstructured,nonadaptive,interaction,119,17,0,0.0
unstructured,nonadaptive,interaction,120,17,0,0.0
unstructured,nonadaptive,interaction,121,17,2,0.11764705882352941
unstructured,nonadaptive,interaction,122,15,1,0.06666666666666667
unstructured,nonadaptive,interaction,123,14,0,0.0
unstructured,nonadaptive,interaction,124,14,1,0.07142857142857142
unstructured,nonadaptive,interaction,125,13,0,0.0
unstructured,nonadaptive,interaction,126,13,0,0.0
unstructured,nonadaptive,interaction,127,13,0,0.0
unstructured,nonadaptive,interaction,128,13,1,0.07692307692307693
unstructured,nonadaptive,interaction,129,12,0,0.0
unstructured,nonadaptive,interaction,130,12,0,0.0
unstructured,nonadaptive,interaction,131,12,0,0.0
unstructured,nonadaptive,interaction,132,12,0,0.0
unstructured,nonadaptive,interaction,133,12,0,0.0
unstructured,nonadaptive,interaction,134,12,0,0.0
unstructured,nonadaptive,interaction,135,12,0,0.0
unstructured,nonadaptive,interaction,136,12,0,0.0
unstructured,nonadaptive,interaction,137,12,0,0.0
unstructured,nonadaptive,interaction,138,12,0,0.0
unstructured,nonadaptive,interaction,139,12,0,0.0
unstructured,nonadaptive,interaction,140,12,0,0.0
unstructured,nonadaptive,interaction,141,12,0,0.0
unstructured,nonadaptive,interaction,142,12,0,0.0
unstructured,nonadaptive,interaction,143,12,0,0.0
unstructured,nonadaptive,interaction,144,12,0,0.0
unstructured,nonadaptive,interaction,145,12,0,0.0
unstructured,nonadaptive,interaction,146,12,0,0.0
unstructured,nonadaptive,interaction,147,12,0,0.0
unstructured,nonadaptive,interaction,148,12,0,0.0
unstructured,nonadaptive,interaction,149,12,0,0.0
unstructured,nonadaptive,interaction,150,12,0,0.0
unstructured,nonadaptive,interaction,151,12,0,0.0
unstructured,nonadaptive,interaction,152,12,0,0.0
unstructured,nonadaptive,interaction,153,12,0,0.0
unstructured,nonadaptive,interaction,154,12,0,0.0
unstructured,nonadaptive,interaction,155,12,0,0.0
unstructured,nonadaptive,interaction,156,12,0,0.0
unstructured,nonadaptive,interaction,157,12,0,0.0
unstructured,nonadaptive,interaction,158,12,0,0.0
unstructured,nonadaptive,interaction,159,12,0,0.0
unstructured,nonadaptive,interaction,160,12,0,0.0
unstructured,nonadaptive,interaction,161,12,0,0.0
unstructured,nonadaptive,interaction,162,12,0,0.0
unstructured,nonadaptive,interaction,163,12,0,0.0
unstructured,nonadaptive,interaction,164,12,0,0.0
unstructured,nonadaptive,interaction,165,12,0,0.0
unstructured,nonadaptive,interaction,166,12,0,0.0
unstructured,nonadaptive,interaction,167,12,0,0.0
unstructured,nonadaptive,interaction,168,12,0,0.0
unstructured,nonadaptive,interaction,169,12,0,0.0
unstructured,nonadaptive,interaction,170,12,0,0.0
unstructured,nonadaptive,interaction,171,12,0,0.0
unstructured,nonadaptive,interaction,172,12,0,0.0
unstructured,nonadaptive,interaction,173,12,0,0.0
unstructured,nonadaptive,interaction,174,12,0,0.0
unstructured,nonadaptive,interaction,175,12,0,0.0
unstructured,nonadaptive,interaction,176,12,0,0.0
unstructured,nonadaptive,interaction,177,12,0,0.0
unstructured,nonadaptive,interaction,178,12,0,0.0
unstructured,nonadaptive,interaction,179,12,0,0.0
unstructured,nonadaptive,interaction,180,12,0,0.0
unstructured,nonadaptive,interaction,181,12,0,0.0
unstructured,nonadaptive,interaction,182,12,0,0.0
unstructured,nonadaptive,interaction,183,12,0,0.0
unstructured,nonadaptive,interaction,184,12,0,0.0
unstructured,nonadaptive,interaction,185,12,0,0.0
unstructured,nonadaptive,interaction,186,12,0,0.0
unstructured,nonadaptive,interaction,187,12,0,0.0
unstructured,nonadaptive,interaction,188,12,0,0.0
unstructured,nonadaptive,interaction,189,12,0,0.0
unstructured,nonadaptive,interaction,190,12,0,0.0
unstructured,nonadaptive,interaction,191,12,0,0.0
unstructured,nonadaptive,interaction,192,12,0,0.0
unstructured,nonadaptive,interaction,193,12,0,0.0
unstructured,nonadaptive,interaction,194,12,0,0.0
unstructured,nonadaptive,interaction,195,12,0,0.0
unstructured,nonadaptive,interaction,196,12,0,0.0
unstructured,nonadaptive,interaction,197,12,0,0.0
unstructured,nonadaptive,interaction,198,12,0,0.0
unstructured,nonadaptive,interaction,199,12,0,0.0
unstructured,nonadaptive,interaction,200,12,0,0.0
unstructured,nonadaptive,interaction,201,12,0,0.0
unstructured,nonadaptive,interaction,202,12,0,0.0
unstructured,nonadaptive,interaction,203,12,0,0.0
unstructured,nonadaptive,interaction,204,12,0,0.0
unstructured,nonadaptive,interaction,205,12,0,0.0
unstructured,nonadaptive,interaction,206,12,0,0.0
unstructured,nonadaptive,interaction,207,12,0,0.0
unstructured,nonadaptive,interaction,208,12,0,0.0
unstructured,nonadaptive,interaction,209,12,0,0.0
unstructured,nonadaptive,interaction,210,12,0,0.0
unstructured,nonadaptive,interaction,211,12,0,0.0
unstructured,nonadaptive,interaction,212,12,0,0.0
unstructured,nonadaptive,interaction,213,12,0,0.0
unstructured,nonadaptive,interaction,214,12,0,0.0
unstructured,nonadaptive,interaction,215,12,0,0.0
unstructured,nonadaptive,interaction,216,12,0,0.0
unstructured,nonadaptive,interaction,217,12,0,0.0
unstructured,nonadaptive,interaction,218,12,0,0.0
unstructured,nonadaptive,interaction,219,12,0,0.0
unstructured,nonadaptive,interaction,220,12,0,0.0
unstructured,nonadaptive,interaction,221,12,0,0.0
unstructured,nonadaptive,interaction,222,12,0,0.0
unstructured,nonadaptive,interaction,223,12,0,0.0
unstructured,nonadaptive,interaction,224,12,0,0.0
unstructured,nonadaptive,interaction,225,12,0,0.0
unstructured,nonadaptive,interaction,226,12,0,0.0
unstructured,nonadaptive,interaction,227,12,0,0.0
unstructured,nonadaptive,interaction,228,12,0,0.0
unstructured,nonadaptive,interaction,229,12,0,0.0
unstructured,nonadaptive,interaction,230,12,0,0.0
unstructured,nonadaptive,interaction,231,12,0,0.0
unstructured,nonadaptive,interaction,232,12,0,0.0
unstructured,nonadaptive,interaction,233,12,0,0.0
unstructured,nonadaptive,interaction,234,12,0,0.0
unstructured,nonadaptive,interaction,235,12,0,0.0
unstructured,nonadaptive,interaction,236,12,0,0.0
unstructured,nonadaptive,interaction,237,12,0,0.0
unstructured,nonadaptive,interaction,238,12,0,0.0
unstructured,nonadaptive,interaction,239,12,0,0.0
unstructured,nonadaptive,interaction,240,12,0,0.0
unstructured,nonadaptive,interaction,241,12,0,0.0
unstructured,nonadaptive,interaction,242,12,0,0.0
unstructured,nonadaptive,interaction,243,12,0,0.0
unstructured,nonadaptive,interaction,244,12,0,0.0
unstructured,nonadaptive,interaction,245,12,0,0.0
unstructured,nonadaptive,interaction,246,12,0,0.0
unstructured,nonadaptive,interaction,247,12,0,0.0
unstructured,nonadaptive,interaction,248,12,0,0.0
unstructured,nonadaptive,interaction,249,12,0,0.0
unstructured,nonadaptive,interaction,250,12,0,0.0
unstructured,nonadaptive,interaction,251,12,0,0.0
unstructured,nonadaptive,interaction,252,12,0,0.0
unstructured,nonadaptive,interaction,253,12,0,0.0
unstructured,nonadaptive,interaction,254,12,0,0.0
unstructured,nonadaptive,interaction,255,12,0,0.0
unstructured,nonadaptive,interaction,256,12,0,0.0
unstructured,nonadaptive,invalid_query,1,10000,440,0.044
unstructured,nonadaptive,invalid_query,2,9560,522,0.054602510460251046
unstructured,nonadaptive,invalid_query,3,9038,484,0.053551670723611416
unstructured,nonadaptive,invalid_query,4,8554,443,0.05178863689501988
unstructured,nonadaptive,invalid_query,5,8111,431,0.05313771421526322
unstructured,nonadaptive,invalid_query,6,7680,403,0.052473958333333334
unstructured,nonadaptive,invalid_query,7,7277,355,0.0487838394942971
unstructured,nonadaptive,invalid_query,8,6922,362,0.052297023981508234
unstructured,nonadaptive,invalid_query,9,6560,329,0.05015243902439025
unstructured,nonadaptive,invalid_query,10,6231,301,0.04830685283261114
unstructured,nonadaptive,invalid_query,11,5930,297,0.05008431703204047
unstructured,nonadaptive,invalid_query,12,5633,292,0.051837386827622935
unstructured,nonadaptive,invalid_query,13,5341,271,0.05073956187979779
unstructured,nonadaptive,invalid_query,14,5070,239,0.047140039447731756
unstructured,nonadaptive,invalid_query,15,4831,230,0.047609190643759056
unstructured,nonadaptive,invalid_query,16,4601,241,0.052379917409258854
unstructured,nonadaptive,invalid_query,17,4360,219,0.05022935779816514
unstructured,nonadaptive,invalid_query,18,4141,205,0.04950495049504951
unstructured,nonadaptive,invalid_query,19,3936,190,0.048272357723577235
unstructured,nonadaptive,invalid_query,20,3746,176,0.046983449012279764
unstructured,nonadaptive,invalid_query,21,3570,153,0.04285714285714286
unstructured,nonadaptive,invalid_query,22,3417,153,0.04477611940298507
unstructured,nonadaptive,invalid_query,23,3264,176,0.05392156862745098
unstructured,nonadaptive,invalid_query,24,3088,151,0.04889896373056995
unstructured,nonadaptive,invalid_query,25,2937,145,0.04937010554988083
unstructured,nonadaptive,invalid_query,26,2792,131,0.04691977077363897
unstructured,nonadaptive,invalid_query,27,2661,141,0.05298759864712514
unstructured,nonadaptive,invalid_query,28,2520,113,0.04484126984126984
unstructured,nonadaptive,invalid_query,29,2407,132,0.054840049854590775
unstructured,nonadaptive,invalid_query,30,2275,124,0.05450549450549451
unstructured,nonadaptive,invalid_query,31,2151,101,0.04695490469549047
unstructured,nonadaptive,invalid_query,32,2050,90,0.04390243902439024
unstructured,nonadaptive,invalid_query,33,1960,106,0.05408163265306123
unstructured,nonadaptive,invalid_query,34,1854,81,0.043689320388349516
unstructured,nonadaptive,invalid_query,35,1773,85,0.047941342357586014
unstructured,nonadaptive,invalid_query,36,1688,76,0.045023696682464455
unstructured,nonadaptive,invalid_query,37,1612,75,0.04652605459057072
unstructured,nonadaptive,invalid_query,38,1537,71,0.04619388418998048
unstructured,nonadaptive,invalid_query,39,1466,76,0.05184174624829468
unstructured,nonadaptive,invalid_query,40,1390,79,0.05683453237410072
unstructured,nonadaptive,invalid_query,41,1311,48,0.036613272311212815
unstructured,nonadaptive,invalid_query,42,1263,73,0.05779889152810768
unstructured,nonadaptive,invalid_query,43,1190,66,0.05546218487394958
unstructured,nonadaptive,invalid_query,44,1124,64,0.05693950177935943
unstructured,nonadaptive,invalid_query,45,1060,63,0.059433962264150944
unstructured,nonadaptive,invalid_query,46,997,53,0.05315947843530592
unstructured,nonadaptive,invalid_query,47,944,58,0.0614406779661017
unstructured,nonadaptive,invalid_query,48,886,42,0.04740406320541761
unstructured,nonadaptive,invalid_query,49,844,44,0.052132701421800945
unstructured,nonadaptive,invalid_query,50,800,42,0.0525
unstructured,nonadaptive,invalid_query,51,758,43,0.05672823218997362
unstructured,nonadaptive,invalid_query,52,715,31,0.043356643356643354
unstructured,nonadaptive,invalid_query,53,684,31,0.04532163742690058
unstructured,nonadaptive,invalid_query,54,653,36,0.055130168453292494
unstructured,nonadaptive,invalid_query,55,617,35,0.05672609400324149
unstructured,nonadaptive,invalid_query,56,582,40,0.06872852233676977
unstructured,nonadaptive,invalid_query,57,542,29,0.05350553505535055
unstructured,nonadaptive,invalid_query,58,513,24,0.04678362573099415
unstructured,nonadaptive,invalid_query,59,489,23,0.04703476482617587
unstructured,nonadaptive,invalid_query,60,466,23,0.04935622317596566
unstructured,nonadaptive,invalid_query,61,443,20,0.045146726862302484
unstructured,nonadaptive,invalid_query,62,423,15,0.03546099290780142
unstructured,nonadaptive,invalid_query,63,408,18,0.04411764705882353
unstructured,nonadaptive,invalid_query,64,390,24,0.06153846153846154
unstructured,nonadaptive,invalid_query,65,366,17,0.04644808743169399
unstructured,nonadaptive,invalid_query,66,349,16,0.045845272206303724
unstructured,nonadaptive,invalid_query,67,333,17,0.05105105105105105
unstructured,nonadaptive,invalid_query,68,316,10,0.03164556962025317
unstructured,nonadaptive,invalid_query,69,306,11,0.03594771241830065
unstructured,nonadaptive,invalid_query,70,295,19,0.06440677966101695
unstructured,nonadaptive,invalid_query,71,276,15,0.05434782608695652
unstructured,nonadaptive,invalid_query,72,261,10,0.038314176245210725
unstructured,nonadaptive,invalid_query,73,251,14,0.055776892430278883
unstructured,nonadaptive,invalid_query,74,237,7,0.029535864978902954
unstructured,nonadaptive,invalid_query,75,230,11,0.04782608695652174
unstructured,nonadaptive,invalid_query,76,219,9,0.0410958904109589
unstructured,nonadaptive,invalid_query,77,210,11,0.05238095238095238
unstructured,nonadaptive,invalid_query,78,199,12,0.06030150753768844
unstructured,nonadaptive,invalid_query,79,187,8,0.0427807486631016
unstructured,nonadaptive,invalid_query,80,179,5,0.027932960893854747
unstructured,nonadaptive,invalid_query,81,174,9,0.05172413793103448
unstructured,nonadaptive,invalid_query,82,165,9,0.05454545454545454
unstructured,nonadaptive,invalid_query,83,156,9,0.057692307692307696
unstructured,nonadaptive,invalid_query,84,147,6,0.04081632653061224
unstructured,nonadaptive,invalid_query,85,141,3,0.02127659574468085
unstructured,nonadaptive,invalid_query,86,138,6,0.043478260869565216
unstructured,nonadaptive,invalid_query,87,132,9,0.06818181818181818
unstructured,nonadaptive,invalid_query,88,123,3,0.024390243902439025
unstructured,nonadaptive,invalid_query,89,120,9,0.075
unstructured,nonadaptive,invalid_query,90,111,5,0.04504504504504504
unstructured,nonadaptive,invalid_query,91,106,5,0.04716981132075472
unstructured,nonadaptive,invalid_query,92,101,1,0.009900990099009901
unstructured,nonadaptive,invalid_query,93,100,5,0.05
unstructured,nonadaptive,invalid_query,94,95,5,0.05263157894736842
unstructured,nonadaptive,invalid_query,95,90,2,0.022222222222222223
unstructured,nonadaptive,invalid_query,96,88,5,0.056818181818181816
unstructured,nonadaptive,invalid_query,97,83,5,0.060240963855421686
unstructured,nonadaptive,invalid_query,98,78,8,0.10256410256410256
unstructured,nonadaptive,invalid_query,99,70,3,0.04285714285714286
unstructured,nonadaptive,invalid_query,100,67,3,0.04477611940298507
unstructured,nonadaptive,invalid_query,101,64,3,0.046875
unstructured,nonadaptive,invalid_query,102,61,4,0.06557377049180328
unstructured,nonadaptive,invalid_query,103,57,3,0.05263157894736842
unstructured,nonadaptive,invalid_query,104,54,2,0.037037037037037035
unstructured,nonadaptive,invalid_query,105,52,2,0.038461538461538464
unstructured,nonadaptive,invalid_query,106,50,3,0.06
unstructured,nonadaptive,invalid_query,107,47,2,0.0425531914893617
unstructured,nonadaptive,invalid_query,108,45,3,0.06666666666666667
unstructured,nonadaptive,invalid_query,109,42,4,0.09523809523809523
unstructured,nonadaptive,invalid_query,110,38,3,0.07894736842105263
unstructured,nonadaptive,invalid_query,111,35,1,0.02857142857142857
unstructured,nonadaptive,invalid_query,112,34,4,0.11764705882352941
unstructured,nonadaptive,invalid_query,113,30,2,0.06666666666666667
unstructured,nonadaptive,invalid_query,114,28,2,0.07142857142857142
unstructured,nonadaptive,invalid_query,115,26,1,0.038461538461538464
unstructured,nonadaptive,invalid_query,116,24,2,0.08333333333333333
unstructured,nonadaptive,invalid_query,117,22,5,0.22727272727272727
unstructured,nonadaptive,invalid_query,118,16,1,0.0625
unstructured,nonadaptive,invalid_query,119,15,0,0.0
unstructured,nonadaptive,invalid_query,120,15,0,0.0
unstructured,nonadaptive,invalid_query,121,13,2,0.15384615384615385
unstructured,nonadaptive,invalid_query,122,10,1,0.1
unstructured,nonadaptive,invalid_query,123,9,0,0.0
unstructured,nonadaptive,invalid_query,124,8,1,0.125
unstructured,nonadaptive,invalid_query,125,7,0,0.0
unstructured,nonadaptive,invalid_query,126,6,0,0.0
unstructured,nonadaptive,invalid_query,127,5,0,0.0
unstructured,nonadaptive,invalid_query,128,5,1,0.2
unstructured,nonadaptive,invalid_query,129,3,0,0.0
unstructured,nonadaptive,invalid_query,130,2,0,0.0
unstructured,nonadaptive,invalid_query,131,2,0,0.0
unstructured,nonadaptive,invalid_query,132,2,0,0.0
unstructured,nonadaptive,invalid_query,133,1,0,0.0
unstructured,nonadaptive,invalid_query,134,0,0,
unstructured,nonadaptive,invalid_query,135,0,0,
unstructured,nonadaptive,invalid_query,136,0,0,
unstructured,nonadaptive,invalid_query,137,0,0,
unstructured,nonadaptive,invalid_query,138,0,0,
unstructured,nonadaptive,invalid_query,139,0,0,
unstructured,nonadaptive,invalid_query,140,0,0,
unstructured,nonadaptive,invalid_query,141,0,0,
unstructured,nonadaptive,invalid_query,142,0,0,
unstructured,nonadaptive,invalid_query,143,0,0,
unstructured,nonadaptive,invalid_query,144,0,0,
unstructured,nonadaptive,invalid_query,145,0,0,
unstructured,nonadaptive,invalid_query,146,0,0,
unstructured,nonadaptive,invalid_query,147,0,0,
unstructured,nonadaptive,invalid_query,148,0,0,
unstructured,nonadaptive,invalid_query,149,0,0,
unstructured,nonadaptive,invalid_query,150,0,0,
unstructured,nonadaptive,invalid_query,151,0,0,
unstructured,nonadaptive,invalid_query,152,0,0,
unstructured,nonadaptive,invalid_query,153,0,0,
unstructured,nonadaptive,invalid_query,154,0,0,
unstructured,nonadaptive,invalid_query,155,0,0,
unstructured,nonadaptive,invalid_query,156,0,0,
unstructured,nonadaptive,invalid_query,157,0,0,
unstructured,nonadaptive,invalid_query,158,0,0,
unstructured,nonadaptive,invalid_query,159,0,0,
unstructured,nonadaptive,invalid_query,160,0,0,
unstructured,nonadaptive,invalid_query,161,0,0,
unstructured,nonadaptive,invalid_query,162,0,0,
unstructured,nonadaptive,invalid_query,163,0,0,
unstructured,nonadaptive,invalid_query,164,0,0,
unstructured,nonadaptive,invalid_query,165,0,0,
unstructured,nonadaptive,invalid_query,166,0,0,
unstructured,nonadaptive,invalid_query,167,0,0,
unstructured,nonadaptive,invalid_query,168,0,0,
unstructured,nonadaptive,invalid_query,169,0,0,
unstructured,nonadaptive,invalid_query,170,0,0,
unstructured,nonadaptive,invalid_query,171,0,0,
unstructured,nonadaptive,invalid_query,172,0,0,
unstructured,nonadaptive,invalid_query,173,0,0,
unstructured,nonadaptive,invalid_query,174,0,0,
unstructured,nonadaptive,invalid_query,175,0,0,
unstructured,nonadaptive,invalid_query,176,0,0,
unstructured,nonadaptive,invalid_query,177,0,0,
unstructured,nonadaptive,invalid_query,178,0,0,
unstructured,nonadaptive,invalid_query,179,0,0,
unstructured,nonadaptive,invalid_query,180,0,0,
unstructured,nonadaptive,invalid_query,181,0,0,
unstructured,nonadaptive,invalid_query,182,0,0,
unstructured,nonadaptive,invalid_query,183,0,0,
unstructured,nonadaptive,invalid_query,184,0,0,
unstructured,nonadaptive,invalid_query,185,0,0,
unstructured,nonadaptive,invalid_query,186,0,0,
unstructured,nonadaptive,invalid_query,187,0,0,
unstructured,nonadaptive,invalid_query,188,0,0,
unstructured,nonadaptive,invalid_query,189,0,0,
unstructured,nonadaptive,invalid_query,190,0,0,
unstructured,nonadaptive,invalid_query,191,0,0,
unstructured,nonadaptive,invalid_query,192,0,0,
unstructured,nonadaptive,invalid_query,193,0,0,
unstructured,nonadaptive,invalid_query,194,0,0,
unstructured,nonadaptive,invalid_query,195,0,0,
unstructured,nonadaptive,invalid_query,196,0,0,
unstructured,nonadaptive,invalid_query,197,0,0,
unstructured,nonadaptive,invalid_query,198,0,0,
unstructured,nonadaptive,invalid_query,199,0,0,
unstructured,nonadaptive,invalid_query,200,0,0,
unstructured,nonadaptive,invalid_query,201,0,0,
unstructured,nonadaptive,invalid_query,202,0,0,
unstructured,nonadaptive,invalid_query,203,0,0,
unstructured,nonadaptive,invalid_query,204,0,0,
unstructured,nonadaptive,invalid_query,205,0,0,
unstructured,nonadaptive,invalid_query,206,0,0,
unstructured,nonadaptive,invalid_query,207,0,0,
unstructured,nonadaptive,invalid_query,208,0,0,
unstructured,nonadaptive,invalid_query,209,0,0,
unstructured,nonadaptive,invalid_query,210,0,0,
unstructured,nonadaptive,invalid_query,211,0,0,
unstructured,nonadaptive,invalid_query,212,0,0,
unstructured,nonadaptive,invalid_query,213,0,0,
unstructured,nonadaptive,invalid_query,214,0,0,
unstructured,nonadaptive,invalid_query,215,0,0,
unstructured,nonadaptive,invalid_query,216,0,0,
unstructured,nonadaptive,invalid_query,217,0,0,
unstructured,nonadaptive,invalid_query,218,0,0,
unstructured,nonadaptive,invalid_query,219,0,0,
unstructured,nonadaptive,invalid_query,220,0,0,
unstructured,nonadaptive,invalid_query,221,0,0,
unstructured,nonadaptive,invalid_query,222,0,0,
unstructured,nonadaptive,invalid_query,223,0,0,
unstructured,nonadaptive,invalid_query,224,0,0,
unstructured,nonadaptive,invalid_query,225,0,0,
unstructured,nonadaptive,invalid_query,226,0,0,
unstructured,nonadaptive,invalid_query,227,0,0,
unstructured,nonadaptive,invalid_query,228,0,0,
unstructured,nonadaptive,invalid_query,229,0,0,
unstructured,nonadaptive,invalid_query,230,0,0,
unstructured,nonadaptive,invalid_query,231,0,0,
unstructured,nonadaptive,invalid_query,232,0,0,
unstructured,nonadaptive,invalid_query,233,0,0,
unstructured,nonadaptive,invalid_query,234,0,0,
unstructured,nonadaptive,invalid_query,235,0,0,
unstructured,nonadaptive,invalid_query,236,0,0,
unstructured,nonadaptive,invalid_query,237,0,0,
unstructured,nonadaptive,invalid_query,238,0,0,
unstructured,nonadaptive,invalid_query,239,0,0,
unstructured,nonadaptive,invalid_query,240,0,0,
unstructured,nonadaptive,invalid_query,241,0,0,
unstructured,nonadaptive,invalid_query,242,0,0,
unstructured,nonadaptive,invalid_query,243,0,0,
unstructured,nonadaptive,invalid_query,244,0,0,
unstructured,nonadaptive,invalid_query,245,0,0,
unstructured,nonadaptive,invalid_query,246,0,0,
unstructured,nonadaptive,invalid_query,247,0,0,
unstructured,nonadaptive,invalid_query,248,0,0,
unstructured,nonadaptive,invalid_query,249,0,0,
unstructured,nonadaptive,invalid_query,250,0,0,
unstructured,nonadaptive,invalid_query,251,0,0,
unstructured,nonadaptive,invalid_query,252,0,0,
unstructured,nonadaptive,invalid_query,253,0,0,
unstructured,nonadaptive,invalid_query,254,0,0,
unstructured,nonadaptive,invalid_query,255,0,0,
unstructured,nonadaptive,invalid_query,256,0,0,
unstructured,binary,interaction,1,10000,271,0.0271
unstructured,binary,interaction,2,9729,186,0.019118100524205983
unstructured,binary,interaction,3,9543,114,0.011945928953159385
unstructured,binary,interaction,4,9429,130,0.01378725209460176
unstructured,binary,interaction,5,9299,108,0.011614152059361222
unstructured,binary,interaction,6,9191,127,0.013817865303013818
unstructured,binary,interaction,7,9064,114,0.012577228596646072
unstructured,binary,interaction,8,8950,172,0.019217877094972066
unstructured,binary,interaction,9,8778,165,0.018796992481203006
unstructured,binary,interaction,10,8613,185,0.021479159410193894
unstructured,binary,interaction,11,8428,189,0.022425249169435217
unstructured,binary,interaction,12,8239,211,0.02560990411457701
unstructured,binary,interaction,13,8028,198,0.02466367713004484
unstructured,binary,interaction,14,7830,210,0.02681992337164751
unstructured,binary,interaction,15,7620,205,0.02690288713910761
unstructured,binary,interaction,16,7415,205,0.027646662171274445
unstructured,binary,interaction,17,7210,210,0.02912621359223301
unstructured,binary,interaction,18,7000,221,0.03157142857142857
unstructured,binary,interaction,19,6779,198,0.029207847765157103
unstructured,binary,interaction,20,6581,190,0.02887099225041787
unstructured,binary,interaction,21,6391,199,0.031137537161633547
unstructured,binary,interaction,22,6192,203,0.03278423772609819
unstructured,binary,interaction,23,5989,181,0.03022207380197028
unstructured,binary,interaction,24,5808,187,0.032196969696969696
unstructured,binary,interaction,25,5621,169,0.030065824586372532
unstructured,binary,interaction,26,5452,187,0.0342993396918562
unstructured,binary,interaction,27,5265,176,0.033428300094966765
unstructured,binary,interaction,28,5089,159,0.031243859304382
unstructured,binary,interaction,29,4930,149,0.03022312373225152
unstructured,binary,interaction,30,4781,146,0.03053754444676846
unstructured,binary,interaction,31,4635,131,0.02826321467098166
unstructured,binary,interaction,32,4504,152,0.03374777975133215
unstructured,binary,interaction,33,4352,146,0.03354779411764706
unstructured,binary,interaction,34,4206,135,0.03209700427960057
unstructured,binary,interaction,35,4071,138,0.03389830508474576
unstructured,binary,interaction,36,3933,127,0.03229087210780575
unstructured,binary,interaction,37,3806,134,0.03520756699947451
unstructured,binary,interaction,38,3672,119,0.032407407407407406
unstructured,binary,interaction,39,3553,102,0.028708133971291867
unstructured,binary,interaction,40,3451,138,0.03998840915676616
unstructured,binary,interaction,41,3313,115,0.03471174162390583
unstructured,binary,interaction,42,3198,108,0.03377110694183865
unstructured,binary,interaction,43,3090,100,0.032362459546925564
unstructured,binary,interaction,44,2990,107,0.03578595317725752
unstructured,binary,interaction,45,2883,102,0.03537981269510926
unstructured,binary,interaction,46,2781,80,0.02876663070837828
unstructured,binary,interaction,47,2701,94,0.03480192521288412
unstructured,binary,interaction,48,2607,94,0.03605677023398542
unstructured,binary,interaction,49,2513,92,0.03660962992439316
unstructured,binary,interaction,50,2421,80,0.033044196612969846
unstructured,binary,interaction,51,2341,80,0.03417343015805212
unstructured,binary,interaction,52,2261,78,0.03449800973020787
unstructured,binary,interaction,53,2183,71,0.03252404947320202
unstructured,binary,interaction,54,2112,55,0.026041666666666668
unstructured,binary,interaction,55,2057,77,0.0374331550802139
unstructured,binary,interaction,56,1980,67,0.03383838383838384
unstructured,binary,interaction,57,1913,77,0.040250914793518035
unstructured,binary,interaction,58,1836,65,0.03540305010893246
unstructured,binary,interaction,59,1771,59,0.033314511575381144
unstructured,binary,interaction,60,1712,62,0.036214953271028034
unstructured,binary,interaction,61,1650,55,0.03333333333333333
unstructured,binary,interaction,62,1595,68,0.042633228840125395
unstructured,binary,interaction,63,1527,39,0.025540275049115914
unstructured,binary,interaction,64,1488,41,0.027553763440860215
unstructured,binary,interaction,65,1447,54,0.03731859018659295
unstructured,binary,interaction,66,1393,48,0.03445800430725054
unstructured,binary,interaction,67,1345,53,0.03940520446096654
unstructured,binary,interaction,68,1292,52,0.04024767801857585
unstructured,binary,interaction,69,1240,45,0.036290322580645164
unstructured,binary,interaction,70,1195,48,0.0401673640167364
unstructured,binary,interaction,71,1147,37,0.03225806451612903
unstructured,binary,interaction,72,1110,39,0.03513513513513514
unstructured,binary,interaction,73,1071,37,0.03454715219421102
unstructured,binary,interaction,74,1034,32,0.030947775628626693
unstructured,binary,interaction,75,1002,34,0.033932135728542916
unstructured,binary,interaction,76,968,38,0.03925619834710744
unstructured,binary,interaction,77,930,32,0.034408602150537634
unstructured,binary,interaction,78,898,31,0.034521158129175944
unstructured,binary,interaction,79,867,34,0.0392156862745098
unstructured,binary,interaction,80,833,27,0.03241296518607443
unstructured,binary,interaction,81,806,25,0.031017369727047148
unstructured,binary,interaction,82,781,31,0.03969270166453265
unstructured,binary,interaction,83,750,25,0.03333333333333333
unstructured,binary,interaction,84,725,21,0.028965517241379312
unstructured,binary,interaction,85,704,27,0.03835227272727273
unstructured,binary,interaction,86,677,22,0.03249630723781388
unstructured,binary,interaction,87,655,28,0.042748091603053436
unstructured,binary,interaction,88,627,22,0.03508771929824561
unstructured,binary,interaction,89,605,22,0.03636363636363636
unstructured,binary,interaction,90,583,22,0.03773584905660377
unstructured,binary,interaction,91,561,19,0.0338680926916221
unstructured,binary,interaction,92,542,12,0.02214022140221402
unstructured,binary,interaction,93,530,18,0.033962264150943396
unstructured,binary,interaction,94,512,19,0.037109375
unstructured,binary,interaction,95,493,28,0.056795131845841784
unstructured,binary,interaction,96,465,17,0.03655913978494624
unstructured,binary,interaction,97,448,9,0.020089285714285716
unstructured,binary,interaction,98,439,17,0.0387243735763098
unstructured,binary,interaction,99,422,11,0.026066350710900472
unstructured,binary,interaction,100,411,18,0.043795620437956206
unstructured,binary,interaction,101,393,21,0.05343511450381679
unstructured,binary,interaction,102,372,16,0.043010752688172046
unstructured,binary,interaction,103,356,12,0.033707865168539325
unstructured,binary,interaction,104,344,10,0.029069767441860465
unstructured,binary,interaction,105,334,8,0.023952095808383235
unstructured,binary,interaction,106,326,13,0.03987730061349693
unstructured,binary,interaction,107,313,5,0.01597444089456869
unstructured,binary,interaction,108,308,7,0.022727272727272728
unstructured,binary,interaction,109,301,12,0.03986710963455149
unstructured,binary,interaction,110,289,9,0.031141868512110725
unstructured,binary,interaction,111,280,11,0.039285714285714285
unstructured,binary,interaction,112,269,10,0.03717472118959108
unstructured,binary,interaction,113,259,10,0.03861003861003861
unstructured,binary,interaction,114,249,13,0.05220883534136546
unstructured,binary,interaction,115,236,8,0.03389830508474576
unstructured,binary,interaction,116,228,14,0.06140350877192982
unstructured,binary,interaction,117,214,6,0.028037383177570093
unstructured,binary,interaction,118,208,10,0.04807692307692308
unstructured,binary,interaction,119,198,5,0.025252525252525252
unstructured,binary,interaction,120,193,5,0.025906735751295335
unstructured,binary,interaction,121,188,9,0.047872340425531915
unstructured,binary,interaction,122,179,4,0.0223463687150838
unstructured,binary,interaction,123,175,7,0.04
unstructured,binary,interaction,124,168,7,0.041666666666666664
unstructured,binary,interaction,125,161,3,0.018633540372670808
unstructured,binary,interaction,126,158,2,0.012658227848101266
unstructured,binary,interaction,127,156,4,0.02564102564102564
unstructured,binary,interaction,128,152,3,0.019736842105263157
unstructured,binary,interaction,129,149,6,0.040268456375838924
unstructured,binary,interaction,130,143,4,0.027972027972027972
unstructured,binary,interaction,131,139,4,0.02877697841726619
unstructured,binary,interaction,132,135,8,0.05925925925925926
unstructured,binary,interaction,133,127,2,0.015748031496062992
unstructured,binary,interaction,134,125,4,0.032
unstructured,binary,interaction,135,121,4,0.03305785123966942
unstructured,binary,interaction,136,117,2,0.017094017094017096
unstructured,binary,interaction,137,115,4,0.034782608695652174
unstructured,binary,interaction,138,111,4,0.036036036036036036
unstructured,binary,interaction,139,107,4,0.037383177570093455
unstructured,binary,interaction,140,103,2,0.019417475728155338
unstructured,binary,interaction,141,101,2,0.019801980198019802
unstructured,binary,interaction,142,99,1,0.010101010101010102
unstructured,binary,interaction,143,98,5,0.05102040816326531
unstructured,binary,interaction,144,93,2,0.021505376344086023
unstructured,binary,interaction,145,91,1,0.01098901098901099
unstructured,binary,interaction,146,90,4,0.044444444444444446
unstructured,binary,interaction,147,86,2,0.023255813953488372
unstructured,binary,interaction,148,84,2,0.023809523809523808
unstructured,binary,interaction,149,82,1,0.012195121951219513
unstructured,binary,interaction,150,81,2,0.024691358024691357
unstructured,binary,interaction,151,79,1,0.012658227848101266
unstructured,binary,interaction,152,78,3,0.038461538461538464
unstructured,binary,interaction,153,75,2,0.02666666666666667
unstructured,binary,interaction,154,73,3,0.0410958904109589
unstructured,binary,interaction,155,70,1,0.014285714285714285
unstructured,binary,interaction,156,69,0,0.0
unstructured,binary,interaction,157,69,0,0.0
unstructured,binary,interaction,158,69,3,0.043478260869565216
unstructured,binary,interaction,159,66,2,0.030303030303030304
unstructured,binary,interaction,160,64,2,0.03125
unstructured,binary,interaction,161,62,5,0.08064516129032258
unstructured,binary,interaction,162,57,1,0.017543859649122806
unstructured,binary,interaction,163,56,1,0.017857142857142856
unstructured,binary,interaction,164,55,3,0.05454545454545454
unstructured,binary,interaction,165,52,2,0.038461538461538464
unstructured,binary,interaction,166,50,1,0.02
unstructured,binary,interaction,167,49,1,0.02040816326530612
unstructured,binary,interaction,168,48,0,0.0
unstructured,binary,interaction,169,48,1,0.020833333333333332
unstructured,binary,interaction,170,47,1,0.02127659574468085
unstructured,binary,interaction,171,46,2,0.043478260869565216
unstructured,binary,interaction,172,44,0,0.0
unstructured,binary,interaction,173,44,1,0.022727272727272728
unstructured,binary,interaction,174,43,4,0.09302325581395349
unstructured,binary,interaction,175,39,1,0.02564102564102564
unstructured,binary,interaction,176,38,1,0.02631578947368421
unstructured,binary,interaction,177,37,3,0.08108108108108109
unstructured,binary,interaction,178,34,0,0.0
unstructured,binary,interaction,179,34,1,0.029411764705882353
unstructured,binary,interaction,180,33,1,0.030303030303030304
unstructured,binary,interaction,181,32,0,0.0
unstructured,binary,interaction,182,32,0,0.0
unstructured,binary,interaction,183,32,2,0.0625
unstructured,binary,interaction,184,30,1,0.03333333333333333
unstructured,binary,interaction,185,29,3,0.10344827586206896
unstructured,binary,interaction,186,26,1,0.038461538461538464
unstructured,binary,interaction,187,25,0,0.0
unstructured,binary,interaction,188,25,0,0.0
unstructured,binary,interaction,189,25,0,0.0
unstructured,binary,interaction,190,25,1,0.04
unstructured,binary,interaction,191,24,1,0.041666666666666664
unstructured,binary,interaction,192,23,2,0.08695652173913043
unstructured,binary,interaction,193,21,1,0.047619047619047616
unstructured,binary,interaction,194,20,0,0.0
unstructured,binary,interaction,195,20,1,0.05
unstructured,binary,interaction,196,19,2,0.10526315789473684
unstructured,binary,interaction,197,17,2,0.11764705882352941
unstructured,binary,interaction,198,15,1,0.06666666666666667
unstructured,binary,interaction,199,14,0,0.0
unstructured,binary,interaction,200,14,0,0.0
unstructured,binary,interaction,201,14,1,0.07142857142857142
unstructured,binary,interaction,202,13,1,0.07692307692307693
unstructured,binary,interaction,203,12,0,0.0
unstructured,binary,interaction,204,12,1,0.08333333333333333
unstructured,binary,interaction,205,11,0,0.0
unstructured,binary,interaction,206,11,1,0.09090909090909091
unstructured,binary,interaction,207,10,2,0.2
unstructured,binary,interaction,208,8,0,0.0
unstructured,binary,interaction,209,8,1,0.125
unstructured,binary,interaction,210,7,0,0.0
unstructured,binary,interaction,211,7,0,0.0
unstructured,binary,interaction,212,7,0,0.0
unstructured,binary,interaction,213,7,0,0.0
unstructured,binary,interaction,214,7,0,0.0
unstructured,binary,interaction,215,7,0,0.0
unstructured,binary,interaction,216,7,0,0.0
unstructured,binary,interaction,217,7,0,0.0
unstructured,binary,interaction,218,7,1,0.14285714285714285
unstructured,binary,interaction,219,6,0,0.0
unstructured,binary,interaction,220,6,0,0.0
unstructured,binary,interaction,221,6,0,0.0
unstructured,binary,interaction,222,6,0,0.0
unstructured,binary,interaction,223,6,1,0.16666666666666666
unstructured,binary,interaction,224,5,0,0.0
unstructured,binary,interaction,225,5,0,0.0
unstructured,binary,interaction,226,5,0,0.0
unstructured,binary,interaction,227,5,0,0.0
unstructured,binary,interaction,228,5,0,0.0
unstructured,binary,interaction,229,5,0,0.0
unstructured,binary,interaction,230,5,0,0.0
unstructured,binary,interaction,231,5,0,0.0
unstructured,binary,interaction,232,5,1,0.2
unstructured,binary,interaction,233,4,0,0.0
unstructured,binary,interaction,234,4,0,0.0
unstructured,binary,interaction,235,4,0,0.0
unstructured,binary,interaction,236,4,0,0.0
unstructured,binary,interaction,237,4,0,0.0
unstructured,binary,interaction,238,4,0,0.0
unstructured,binary,interaction,239,4,0,0.0
unstructured,binary,interaction,240,4,0,0.0
unstructured,binary,interaction,241,4,0,0.0
unstructured,binary,interaction,242,4,0,0.0
unstructured,binary,interaction,243,4,0,0.0
unstructured,binary,interaction,244,4,0,0.0
unstructured,binary,interaction,245,4,0,0.0
unstructured,binary,interaction,246,4,0,0.0
unstructured,binary,interaction,247,4,0,0.0
unstructured,binary,interaction,248,4,0,0.0
unstructured,binary,interaction,249,4,1,0.25
unstructured,binary,interaction,250,3,0,0.0
unstructured,binary,interaction,251,3,0,0.0
unstructured,binary,interaction,252,3,1,0.3333333333333333
unstructured,binary,interaction,253,2,0,0.0
unstructured,binary,interaction,254,2,0,0.0
unstructured,binary,interaction,255,2,0,0.0
unstructured,binary,interaction,256,2,0,0.0
unstructured,binary,invalid_query,1,10000,548,0.0548
unstructured,binary,invalid_query,2,9452,536,0.05670757511637749
unstructured,binary,invalid_query,3,8916,473,0.053050695379093765
unstructured,binary,invalid_query,4,8443,447,0.052943266611394056
unstructured,binary,invalid_query,5,7996,381,0.0476488244122061
unstructured,binary,invalid_query,6,7615,391,0.05134602757715036
unstructured,binary,invalid_query,7,7224,381,0.052740863787375414
unstructured,binary,invalid_query,8,6843,397,0.05801549028204004
unstructured,binary,invalid_query,9,6446,361,0.05600372323921812
unstructured,binary,invalid_query,10,6085,299,0.04913722267871816
unstructured,binary,invalid_query,11,5786,293,0.05063947459384722
unstructured,binary,invalid_query,12,5493,301,0.05479701438194065
unstructured,binary,invalid_query,13,5192,294,0.05662557781201849
unstructured,binary,invalid_query,14,4898,254,0.0518579011841568
unstructured,binary,invalid_query,15,4644,252,0.05426356589147287
unstructured,binary,invalid_query,16,4392,240,0.0546448087431694
unstructured,binary,invalid_query,17,4152,213,0.05130057803468208
unstructured,binary,invalid_query,18,3939,223,0.05661335364305661
unstructured,binary,invalid_query,19,3716,196,0.0527448869752422
unstructured,binary,invalid_query,20,3520,201,0.05710227272727273
unstructured,binary,invalid_query,21,3319,178,0.05363061163000904
unstructured,binary,invalid_query,22,3141,165,0.05253104106972302
unstructured,binary,invalid_query,23,2976,163,0.054771505376344086
unstructured,binary,invalid_query,24,2813,161,0.05723426946320654
unstructured,binary,invalid_query,25,2652,123,0.04638009049773756
unstructured,binary,invalid_query,26,2529,128,0.05061289047054172
unstructured,binary,invalid_query,27,2401,120,0.04997917534360683
unstructured,binary,invalid_query,28,2281,106,0.046470846120122755
unstructured,binary,invalid_query,29,2175,121,0.05563218390804598
unstructured,binary,invalid_query,30,2054,102,0.04965920155793573
unstructured,binary,invalid_query,31,1952,110,0.05635245901639344
unstructured,binary,invalid_query,32,1842,112,0.06080347448425624
unstructured,binary,invalid_query,33,1730,90,0.05202312138728324
unstructured,binary,invalid_query,34,1640,100,0.06097560975609756
unstructured,binary,invalid_query,35,1540,93,0.06038961038961039
unstructured,binary,invalid_query,36,1447,80,0.055286800276434005
unstructured,binary,invalid_query,37,1367,62,0.04535479151426482
unstructured,binary,invalid_query,38,1305,71,0.05440613026819923
unstructured,binary,invalid_query,39,1234,78,0.06320907617504051
unstructured,binary,invalid_query,40,1156,58,0.050173010380622836
unstructured,binary,invalid_query,41,1098,54,0.04918032786885246
unstructured,binary,invalid_query,42,1044,59,0.05651340996168582
unstructured,binary,invalid_query,43,985,52,0.05279187817258883
unstructured,binary,invalid_query,44,933,63,0.06752411575562701
unstructured,binary,invalid_query,45,870,42,0.04827586206896552
unstructured,binary,invalid_query,46,828,43,0.051932367149758456
unstructured,binary,invalid_query,47,785,54,0.06878980891719745
unstructured,binary,invalid_query,48,731,43,0.058823529411764705
unstructured,binary,invalid_query,49,688,43,0.0625
unstructured,binary,invalid_query,50,645,37,0.05736434108527132
unstructured,binary,invalid_query,51,608,29,0.047697368421052634
unstructured,binary,invalid_query,52,579,34,0.05872193436960276
unstructured,binary,invalid_query,53,545,30,0.05504587155963303
unstructured,binary,invalid_query,54,515,29,0.05631067961165048
unstructured,binary,invalid_query,55,486,24,0.04938271604938271
unstructured,binary,invalid_query,56,462,31,0.0670995670995671
unstructured,binary,invalid_query,57,431,23,0.05336426914153132
unstructured,binary,invalid_query,58,408,29,0.07107843137254902
unstructured,binary,invalid_query,59,379,12,0.0316622691292876
unstructured,binary,invalid_query,60,367,17,0.04632152588555858
unstructured,binary,invalid_query,61,350,18,0.05142857142857143
unstructured,binary,invalid_query,62,332,20,0.060240963855421686
unstructured,binary,invalid_query,63,312,11,0.035256410256410256
unstructured,binary,invalid_query,64,301,16,0.053156146179401995
unstructured,binary,invalid_query,65,285,19,0.06666666666666667
unstructured,binary,invalid_query,66,266,22,0.08270676691729323
unstructured,binary,invalid_query,67,244,17,0.06967213114754098
unstructured,binary,invalid_query,68,227,13,0.05726872246696035
unstructured,binary,invalid_query,69,214,10,0.04672897196261682
unstructured,binary,invalid_query,70,204,9,0.04411764705882353
unstructured,binary,invalid_query,71,195,10,0.05128205128205128
unstructured,binary,invalid_query,72,185,9,0.04864864864864865
unstructured,binary,invalid_query,73,176,5,0.028409090909090908
unstructured,binary,invalid_query,74,171,11,0.06432748538011696
unstructured,binary,invalid_query,75,160,4,0.025
unstructured,binary,invalid_query,76,156,9,0.057692307692307696
unstructured,binary,invalid_query,77,147,10,0.06802721088435375
unstructured,binary,invalid_query,78,137,6,0.043795620437956206
unstructured,binary,invalid_query,79,131,10,0.07633587786259542
unstructured,binary,invalid_query,80,121,1,0.008264462809917356
unstructured,binary,invalid_query,81,120,5,0.041666666666666664
unstructured,binary,invalid_query,82,115,5,0.043478260869565216
unstructured,binary,invalid_query,83,110,7,0.06363636363636363
unstructured,binary,invalid_query,84,103,3,0.02912621359223301
unstructured,binary,invalid_query,85,100,5,0.05
unstructured,binary,invalid_query,86,95,6,0.06315789473684211
unstructured,binary,invalid_query,87,89,3,0.033707865168539325
unstructured,binary,invalid_query,88,86,3,0.03488372093023256
unstructured,binary,invalid_query,89,83,4,0.04819277108433735
unstructured,binary,invalid_query,90,79,3,0.0379746835443038
unstructured,binary,invalid_query,91,76,3,0.039473684210526314
unstructured,binary,invalid_query,92,73,6,0.0821917808219178
unstructured,binary,invalid_query,93,67,2,0.029850746268656716
unstructured,binary,invalid_query,94,65,4,0.06153846153846154
unstructured,binary,invalid_query,95,61,1,0.01639344262295082
unstructured,binary,invalid_query,96,60,3,0.05
unstructured,binary,invalid_query,97,57,3,0.05263157894736842
unstructured,binary,invalid_query,98,54,0,0.0
unstructured,binary,invalid_query,99,54,2,0.037037037037037035
unstructured,binary,invalid_query,100,52,1,0.019230769230769232
unstructured,binary,invalid_query,101,51,2,0.0392156862745098
unstructured,binary,invalid_query,102,49,2,0.04081632653061224
unstructured,binary,invalid_query,103,47,2,0.0425531914893617
unstructured,binary,invalid_query,104,45,4,0.08888888888888889
unstructured,binary,invalid_query,105,41,0,0.0
unstructured,binary,invalid_query,106,41,2,0.04878048780487805
unstructured,binary,invalid_query,107,39,6,0.15384615384615385
unstructured,binary,invalid_query,108,33,1,0.030303030303030304
unstructured,binary,invalid_query,109,32,0,0.0
unstructured,binary,invalid_query,110,32,3,0.09375
unstructured,binary,invalid_query,111,29,2,0.06896551724137931
unstructured,binary,invalid_query,112,27,2,0.07407407407407407
unstructured,binary,invalid_query,113,25,1,0.04
unstructured,binary,invalid_query,114,24,0,0.0
unstructured,binary,invalid_query,115,24,0,0.0
unstructured,binary,invalid_query,116,24,2,0.08333333333333333
unstructured,binary,invalid_query,117,22,0,0.0
unstructured,binary,invalid_query,118,22,2,0.09090909090909091
unstructured,binary,invalid_query,119,20,0,0.0
unstructured,binary,invalid_query,120,20,2,0.1
unstructured,binary,invalid_query,121,18,2,0.1111111111111111
unstructured,binary,invalid_query,122,16,0,0.0
unstructured,binary,invalid_query,123,16,0,0.0
unstructured,binary,invalid_query,124,16,1,0.0625
unstructured,binary,invalid_query,125,15,0,0.0
unstructured,binary,invalid_query,126,15,2,0.13333333333333333
unstructured,binary,invalid_query,127,13,1,0.07692307692307693
unstructured,binary,invalid_query,128,12,2,0.16666666666666666
unstructured,binary,invalid_query,129,10,1,0.1
unstructured,binary,invalid_query,130,9,2,0.2222222222222222
unstructured,binary,invalid_query,131,7,0,0.0
unstructured,binary,invalid_query,132,7,0,0.0
unstructured,binary,invalid_query,133,7,0,0.0
unstructured,binary,invalid_query,134,7,2,0.2857142857142857
unstructured,binary,invalid_query,135,5,0,0.0
unstructured,binary,invalid_query,136,5,0,0.0
unstructured,binary,invalid_query,137,5,1,0.2
unstructured,binary,invalid_query,138,4,0,0.0
unstructured,binary,invalid_query,139,4,0,0.0
unstructured,binary,invalid_query,140,4,0,0.0
unstructured,binary,invalid_query,141,4,0,0.0
unstructured,binary,invalid_query,142,4,0,0.0
unstructured,binary,invalid_query,143,4,0,0.0
unstructured,binary,invalid_query,144,4,0,0.0
unstructured,binary,invalid_query,145,4,0,0.0
unstructured,binary,invalid_query,146,4,0,0.0
unstructured,binary,invalid_query,147,4,0,0.0
unstructured,binary,invalid_query,148,4,0,0.0
unstructured,binary,invalid_query,149,4,0,0.0
unstructured,binary,invalid_query,150,3,1,0.3333333333333333
unstructured,binary,invalid_query,151,2,0,0.0
unstructured,binary,invalid_query,152,2,0,0.0
unstructured,binary,invalid_query,153,2,0,0.0
unstructured,binary,invalid_query,154,2,0,0.0
unstructured,binary,invalid_query,155,2,0,0.0
unstructured,binary,invalid_query,156,2,0,0.0
unstructured,binary,invalid_query,157,2,0,0.0
unstructured,binary,invalid_query,158,2,0,0.0
unstructured,binary,invalid_query,159,2,0,0.0
unstructured,binary,invalid_query,160,2,0,0.0
unstructured,binary,invalid_query,161,2,0,0.0
unstructured,binary,invalid_query,162,1,1,1.0
unstructured,binary,invalid_query,163,0,0,
unstructured,binary,invalid_query,164,0,0,
unstructured,binary,invalid_query,165,0,0,
unstructured,binary,invalid_query,166,0,0,
unstructured,binary,invalid_query,167,0,0,
unstructured,binary,invalid_query,168,0,0,
unstructured,binary,invalid_query,169,0,0,
unstructured,binary,invalid_query,170,0,0,
unstructured,binary,invalid_query,171,0,0,
unstructured,binary,invalid_query,172,0,0,
unstructured,binary,invalid_query,173,0,0,
unstructured,binary,invalid_query,174,0,0,
unstructured,binary,invalid_query,175,0,0,
unstructured,binary,invalid_query,176,0,0,
unstructured,binary,invalid_query,177,0,0,
unstructured,binary,invalid_query,178,0,0,
unstructured,binary,invalid_query,179,0,0,
unstructured,binary,invalid_query,180,0,0,
unstructured,binary,invalid_query,181,0,0,
unstructured,binary,invalid_query,182,0,0,
unstructured,binary,invalid_query,183,0,0,
unstructured,binary,invalid_query,184,0,0,
unstructured,binary,invalid_query,185,0,0,
unstructured,binary,invalid_query,186,0,0,
unstructured,binary,invalid_query,187,0,0,
unstructured,binary,invalid_query,188,0,0,
unstructured,binary,invalid_query,189,0,0,
unstructured,binary,invalid_query,190,0,0,
unstructured,binary,invalid_query,191,0,0,
unstructured,binary,invalid_query,192,0,0,
unstructured,binary,invalid_query,193,0,0,
unstructured,binary,invalid_query,194,0,0,
unstructured,binary,invalid_query,195,0,0,
unstructured,binary,invalid_query,196,0,0,
unstructured,binary,invalid_query,197,0,0,
unstructured,binary,invalid_query,198,0,0,
unstructured,binary,invalid_query,199,0,0,
unstructured,binary,invalid_query,200,0,0,
unstructured,binary,invalid_query,201,0,0,
unstructured,binary,invalid_query,202,0,0,
unstructured,binary,invalid_query,203,0,0,
unstructured,binary,invalid_query,204,0,0,
unstructured,binary,invalid_query,205,0,0,
unstructured,binary,invalid_query,206,0,0,
unstructured,binary,invalid_query,207,0,0,
unstructured,binary,invalid_query,208,0,0,
unstructured,binary,invalid_query,209,0,0,
unstructured,binary,invalid_query,210,0,0,
unstructured,binary,invalid_query,211,0,0,
unstructured,binary,invalid_query,212,0,0,
unstructured,binary,invalid_query,213,0,0,
unstructured,binary,invalid_query,214,0,0,
unstructured,binary,invalid_query,215,0,0,
unstructured,binary,invalid_query,216,0,0,
unstructured,binary,invalid_query,217,0,0,
unstructured,binary,invalid_query,218,0,0,
unstructured,binary,invalid_query,219,0,0,
unstructured,binary,invalid_query,220,0,0,
unstructured,binary,invalid_query,221,0,0,
unstructured,binary,invalid_query,222,0,0,
unstructured,binary,invalid_query,223,0,0,
unstructured,binary,invalid_query,224,0,0,
unstructured,binary,invalid_query,225,0,0,
unstructured,binary,invalid_query,226,0,0,
unstructured,binary,invalid_query,227,0,0,
unstructured,binary,invalid_query,228,0,0,
unstructured,binary,invalid_query,229,0,0,
unstructured,binary,invalid_query,230,0,0,
unstructured,binary,invalid_query,231,0,0,
unstructured,binary,invalid_query,232,0,0,
unstructured,binary,invalid_query,233,0,0,
unstructured,binary,invalid_query,234,0,0,
unstructured,binary,invalid_query,235,0,0,
unstructured,binary,invalid_query,236,0,0,
unstructured,binary,invalid_query,237,0,0,
unstructured,binary,invalid_query,238,0,0,
unstructured,binary,invalid_query,239,0,0,
unstructured,binary,invalid_query,240,0,0,
unstructured,binary,invalid_query,241,0,0,
unstructured,binary,invalid_query,242,0,0,
unstructured,binary,invalid_query,243,0,0,
unstructured,binary,invalid_query,244,0,0,
unstructured,binary,invalid_query,245,0,0,
unstructured,binary,invalid_query,246,0,0,
unstructured,binary,invalid_query,247,0,0,
unstructured,binary,invalid_query,248,0,0,
unstructured,binary,invalid_query,249,0,0,
unstructured,binary,invalid_query,250,0,0,
unstructured,binary,invalid_query,251,0,0,
unstructured,binary,invalid_query,252,0,0,
unstructured,binary,invalid_query,253,0,0,
unstructured,binary,invalid_query,254,0,0,
unstructured,binary,invalid_query,255,0,0,
unstructured,binary,invalid_query,256,0,0,
unstructured,score,interaction,1,10000,269,0.0269
unstructured,score,interaction,2,9731,175,0.01798376323091152
unstructured,score,interaction,3,9556,154,0.016115529510255338
unstructured,score,interaction,4,9402,152,0.016166773027015528
unstructured,score,interaction,5,9250,154,0.016648648648648647
unstructured,score,interaction,6,9096,157,0.01726033421284081
unstructured,score,interaction,7,8939,174,0.019465264570981095
unstructured,score,interaction,8,8765,172,0.019623502567027953
unstructured,score,interaction,9,8593,209,0.024322122657977424
unstructured,score,interaction,10,8384,214,0.025524809160305344
unstructured,score,interaction,11,8170,200,0.02447980416156671
unstructured,score,interaction,12,7970,173,0.021706398996235884
unstructured,score,interaction,13,7797,220,0.02821598050532256
unstructured,score,interaction,14,7577,202,0.02665962782103735
unstructured,score,interaction,15,7375,169,0.022915254237288137
unstructured,score,interaction,16,7206,217,0.030113794060505135
unstructured,score,interaction,17,6989,218,0.03119187294319645
unstructured,score,interaction,18,6771,191,0.028208536405257716
unstructured,score,interaction,19,6580,216,0.03282674772036474
unstructured,score,interaction,20,6364,186,0.029226901319924576
unstructured,score,interaction,21,6178,187,0.03026869537067012
unstructured,score,interaction,22,5991,178,0.02971123351694208
unstructured,score,interaction,23,5813,186,0.03199724754859797
unstructured,score,interaction,24,5627,181,0.032166340856584326
unstructured,score,interaction,25,5446,150,0.027543150936467132
unstructured,score,interaction,26,5296,177,0.0334214501510574
unstructured,score,interaction,27,5119,160,0.031256104707950774
unstructured,score,interaction,28,4959,152,0.03065134099616858
unstructured,score,interaction,29,4807,145,0.03016434366548783
unstructured,score,interaction,30,4662,134,0.028743028743028743
unstructured,score,interaction,31,4528,138,0.030477031802120143
unstructured,score,interaction,32,4390,132,0.030068337129840545
unstructured,score,interaction,33,4258,119,0.027947393142320337
unstructured,score,interaction,34,4139,107,0.02585165498912781
unstructured,score,interaction,35,4032,133,0.03298611111111111
unstructured,score,interaction,36,3899,101,0.025904077968709926
unstructured,score,interaction,37,3798,117,0.030805687203791468
unstructured,score,interaction,38,3681,103,0.02798152675903287
unstructured,score,interaction,39,3578,111,0.03102291783119061
unstructured,score,interaction,40,3467,121,0.03490049033746755
unstructured,score,interaction,41,3346,112,0.03347280334728033
unstructured,score,interaction,42,3234,95,0.02937538651824366
unstructured,score,interaction,43,3139,95,0.030264415418923225
unstructured,score,interaction,44,3044,87,0.028580814717477004
unstructured,score,interaction,45,2957,86,0.029083530605343254
unstructured,score,interaction,46,2871,90,0.03134796238244514
unstructured,score,interaction,47,2781,88,0.03164329377921611
unstructured,score,interaction,48,2693,64,0.02376531748978834
unstructured,score,interaction,49,2629,67,0.025484975275770254
unstructured,score,interaction,50,2562,82,0.03200624512099922
unstructured,score,interaction,51,2480,69,0.027822580645161292
unstructured,score,interaction,52,2411,74,0.030692658647863958
unstructured,score,interaction,53,2337,64,0.02738553701326487
unstructured,score,interaction,54,2273,64,0.028156621205455347
unstructured,score,interaction,55,2209,65,0.029425079221367133
unstructured,score,interaction,56,2144,56,0.026119402985074626
unstructured,score,interaction,57,2088,67,0.032088122605363985
unstructured,score,interaction,58,2021,49,0.024245423057892134
unstructured,score,interaction,59,1972,59,0.029918864097363083
unstructured,score,interaction,60,1913,49,0.02561421850496602
unstructured,score,interaction,61,1864,65,0.03487124463519313
unstructured,score,interaction,62,1799,47,0.02612562534741523
unstructured,score,interaction,63,1752,44,0.02511415525114155
unstructured,score,interaction,64,1708,42,0.02459016393442623
unstructured,score,interaction,65,1666,37,0.02220888355342137
unstructured,score,interaction,66,1629,45,0.027624309392265192
unstructured,score,interaction,67,1584,41,0.025883838383838384
unstructured,score,interaction,68,1543,44,0.028515878159429683
unstructured,score,interaction,69,1499,31,0.02068045363575717
unstructured,score,interaction,70,1468,38,0.025885558583106268
unstructured,score,interaction,71,1430,33,0.023076923076923078
unstructured,score,interaction,72,1397,30,0.021474588403722263
unstructured,score,interaction,73,1367,38,0.027798098024871983
unstructured,score,interaction,74,1329,36,0.02708803611738149
unstructured,score,interaction,75,1293,27,0.02088167053364269
unstructured,score,interaction,76,1266,32,0.02527646129541864
unstructured,score,interaction,77,1234,34,0.027552674230145867
unstructured,score,interaction,78,1200,30,0.025
unstructured,score,interaction,79,1170,30,0.02564102564102564
unstructured,score,interaction,80,1140,26,0.02280701754385965
unstructured,score,interaction,81,1114,33,0.0296229802513465
unstructured,score,interaction,82,1081,27,0.02497687326549491
unstructured,score,interaction,83,1054,27,0.025616698292220113
unstructured,score,interaction,84,1027,24,0.023369036027263874
unstructured,score,interaction,85,1003,26,0.0259222333000997
unstructured,score,interaction,86,977,24,0.02456499488229273
unstructured,score,interaction,87,953,21,0.022035676810073453
unstructured,score,interaction,88,932,19,0.0203862660944206
unstructured,score,interaction,89,913,16,0.017524644030668127
unstructured,score,interaction,90,897,28,0.03121516164994426
unstructured,score,interaction,91,869,25,0.028768699654775604
unstructured,score,interaction,92,844,19,0.022511848341232227
unstructured,score,interaction,93,825,14,0.01696969696969697
unstructured,score,interaction,94,811,22,0.027127003699136867
unstructured,score,interaction,95,789,16,0.020278833967046894
unstructured,score,interaction,96,773,16,0.02069857697283312
unstructured,score,interaction,97,757,15,0.019815059445178335
unstructured,score,interaction,98,742,13,0.01752021563342318
unstructured,score,interaction,99,729,13,0.01783264746227709
unstructured,score,interaction,100,716,13,0.018156424581005588
unstructured,score,interaction,101,703,13,0.01849217638691323
unstructured,score,interaction,102,690,15,0.021739130434782608
unstructured,score,interaction,103,675,13,0.01925925925925926
unstructured,score,interaction,104,662,11,0.01661631419939577
unstructured,score,interaction,105,651,17,0.026113671274961597
unstructured,score,interaction,106,634,8,0.012618296529968454
unstructured,score,interaction,107,626,13,0.020766773162939296
unstructured,score,interaction,108,613,20,0.03262642740619902
unstructured,score,interaction,109,593,12,0.02023608768971332
unstructured,score,interaction,110,581,10,0.01721170395869191
unstructured,score,interaction,111,571,15,0.02626970227670753
unstructured,score,interaction,112,556,14,0.025179856115107913
unstructured,score,interaction,113,542,10,0.01845018450184502
unstructured,score,interaction,114,532,11,0.020676691729323307
unstructured,score,interaction,115,521,9,0.01727447216890595
unstructured,score,interaction,116,512,15,0.029296875
unstructured,score,interaction,117,497,8,0.01609657947686117
unstructured,score,interaction,118,489,12,0.024539877300613498
unstructured,score,interaction,119,477,8,0.016771488469601678
unstructured,score,interaction,120,469,7,0.014925373134328358
unstructured,score,interaction,121,462,10,0.021645021645021644
unstructured,score,interaction,122,452,7,0.015486725663716814
unstructured,score,interaction,123,445,8,0.017977528089887642
unstructured,score,interaction,124,437,13,0.029748283752860413
unstructured,score,interaction,125,424,7,0.01650943396226415
unstructured,score,interaction,126,417,10,0.023980815347721823
unstructured,score,interaction,127,407,9,0.022113022113022112
unstructured,score,interaction,128,398,8,0.020100502512562814
unstructured,score,interaction,129,390,7,0.017948717948717947
unstructured,score,interaction,130,383,8,0.020887728459530026
unstructured,score,interaction,131,375,2,0.005333333333333333
unstructured,score,interaction,132,373,6,0.0160857908847185
unstructured,score,interaction,133,367,9,0.02452316076294278
unstructured,score,interaction,134,358,7,0.019553072625698324
unstructured,score,interaction,135,351,6,0.017094017094017096
unstructured,score,interaction,136,345,4,0.011594202898550725
unstructured,score,interaction,137,341,3,0.008797653958944282
unstructured,score,interaction,138,338,4,0.011834319526627219
unstructured,score,interaction,139,334,2,0.005988023952095809
unstructured,score,interaction,140,332,2,0.006024096385542169
unstructured,score,interaction,141,330,4,0.012121212121212121
unstructured,score,interaction,142,326,8,0.024539877300613498
unstructured,score,interaction,143,318,6,0.018867924528301886
unstructured,score,interaction,144,312,5,0.016025641025641024
unstructured,score,interaction,145,307,6,0.019543973941368076
unstructured,score,interaction,146,301,4,0.013289036544850499
unstructured,score,interaction,147,297,3,0.010101010101010102
unstructured,score,interaction,148,294,5,0.017006802721088437
unstructured,score,interaction,149,289,3,0.010380622837370242
unstructured,score,interaction,150,286,6,0.02097902097902098
unstructured,score,interaction,151,280,2,0.007142857142857143
unstructured,score,interaction,152,278,4,0.014388489208633094
unstructured,score,interaction,153,274,10,0.0364963503649635
unstructured,score,interaction,154,264,6,0.022727272727272728
unstructured,score,interaction,155,258,6,0.023255813953488372
unstructured,score,interaction,156,252,4,0.015873015873015872
unstructured,score,interaction,157,248,8,0.03225806451612903
unstructured,score,interaction,158,240,1,0.004166666666666667
unstructured,score,interaction,159,239,4,0.016736401673640166
unstructured,score,interaction,160,235,1,0.00425531914893617
unstructured,score,interaction,161,234,3,0.01282051282051282
unstructured,score,interaction,162,231,2,0.008658008658008658
unstructured,score,interaction,163,229,3,0.013100436681222707
unstructured,score,interaction,164,226,3,0.01327433628318584
unstructured,score,interaction,165,223,7,0.03139013452914798
unstructured,score,interaction,166,216,6,0.027777777777777776
unstructured,score,interaction,167,210,6,0.02857142857142857
unstructured,score,interaction,168,204,6,0.029411764705882353
unstructured,score,interaction,169,198,4,0.020202020202020204
unstructured,score,interaction,170,194,4,0.020618556701030927
unstructured,score,interaction,171,190,3,0.015789473684210527
unstructured,score,interaction,172,187,1,0.0053475935828877
unstructured,score,interaction,173,186,1,0.005376344086021506
unstructured,score,interaction,174,185,1,0.005405405405405406
unstructured,score,interaction,175,184,1,0.005434782608695652
unstructured,score,interaction,176,183,2,0.01092896174863388
unstructured,score,interaction,177,181,1,0.0055248618784530384
unstructured,score,interaction,178,180,0,0.0
unstructured,score,interaction,179,180,4,0.022222222222222223
unstructured,score,interaction,180,176,3,0.017045454545454544
unstructured,score,interaction,181,173,0,0.0
unstructured,score,interaction,182,173,1,0.005780346820809248
unstructured,score,interaction,183,172,3,0.01744186046511628
unstructured,score,interaction,184,169,3,0.01775147928994083
unstructured,score,interaction,185,166,0,0.0
unstructured,score,interaction,186,166,2,0.012048192771084338
unstructured,score,interaction,187,164,3,0.018292682926829267
unstructured,score,interaction,188,161,4,0.024844720496894408
unstructured,score,interaction,189,157,2,0.012738853503184714
unstructured,score,interaction,190,155,3,0.01935483870967742
unstructured,score,interaction,191,152,0,0.0
unstructured,score,interaction,192,152,1,0.006578947368421052
unstructured,score,interaction,193,151,0,0.0
unstructured,score,interaction,194,151,0,0.0
unstructured,score,interaction,195,151,3,0.019867549668874173
unstructured,score,interaction,196,148,2,0.013513513513513514
unstructured,score,interaction,197,146,2,0.0136986301369863
unstructured,score,interaction,198,144,1,0.006944444444444444
unstructured,score,interaction,199,143,2,0.013986013986013986
unstructured,score,interaction,200,141,2,0.014184397163120567
unstructured,score,interaction,201,139,2,0.014388489208633094
unstructured,score,interaction,202,137,0,0.0
unstructured,score,interaction,203,137,2,0.014598540145985401
unstructured,score,interaction,204,135,1,0.007407407407407408
unstructured,score,interaction,205,134,3,0.022388059701492536
unstructured,score,interaction,206,131,3,0.022900763358778626
unstructured,score,interaction,207,128,3,0.0234375
unstructured,score,interaction,208,125,3,0.024
unstructured,score,interaction,209,122,3,0.02459016393442623
unstructured,score,interaction,210,119,0,0.0
unstructured,score,interaction,211,119,1,0.008403361344537815
unstructured,score,interaction,212,118,1,0.00847457627118644
unstructured,score,interaction,213,117,3,0.02564102564102564
unstructured,score,interaction,214,114,2,0.017543859649122806
unstructured,score,interaction,215,112,2,0.017857142857142856
unstructured,score,interaction,216,110,1,0.00909090909090909
unstructured,score,interaction,217,109,0,0.0
unstructured,score,interaction,218,109,0,0.0
unstructured,score,interaction,219,109,0,0.0
unstructured,score,interaction,220,109,1,0.009174311926605505
unstructured,score,interaction,221,108,2,0.018518518518518517
unstructured,score,interaction,222,106,0,0.0
unstructured,score,interaction,223,106,1,0.009433962264150943
unstructured,score,interaction,224,105,1,0.009523809523809525
unstructured,score,interaction,225,104,2,0.019230769230769232
unstructured,score,interaction,226,102,0,0.0
unstructured,score,interaction,227,102,0,0.0
unstructured,score,interaction,228,102,2,0.0196078431372549
unstructured,score,interaction,229,100,0,0.0
unstructured,score,interaction,230,100,2,0.02
unstructured,score,interaction,231,98,0,0.0
unstructured,score,interaction,232,98,0,0.0
unstructured,score,interaction,233,98,2,0.02040816326530612
unstructured,score,interaction,234,96,0,0.0
unstructured,score,interaction,235,96,0,0.0
unstructured,score,interaction,236,96,0,0.0
unstructured,score,interaction,237,96,0,0.0
unstructured,score,interaction,238,96,1,0.010416666666666666
unstructured,score,interaction,239,95,4,0.042105263157894736
unstructured,score,interaction,240,91,0,0.0
unstructured,score,interaction,241,91,1,0.01098901098901099
unstructured,score,interaction,242,90,0,0.0
unstructured,score,interaction,243,90,1,0.011111111111111112
unstructured,score,interaction,244,89,0,0.0
unstructured,score,interaction,245,89,0,0.0
unstructured,score,interaction,246,89,0,0.0
unstructured,score,interaction,247,89,1,0.011235955056179775
unstructured,score,interaction,248,88,1,0.011363636363636364
unstructured,score,interaction,249,87,1,0.011494252873563218
unstructured,score,interaction,250,86,4,0.046511627906976744
unstructured,score,interaction,251,82,0,0.0
unstructured,score,interaction,252,82,0,0.0
unstructured,score,interaction,253,82,0,0.0
unstructured,score,interaction,254,82,1,0.012195121951219513
unstructured,score,interaction,255,81,0,0.0
unstructured,score,interaction,256,81,1,0.012345679012345678
unstructured,score,invalid_query,1,10000,531,0.0531
unstructured,score,invalid_query,2,9469,508,0.05364874854789312
unstructured,score,invalid_query,3,8961,465,0.051891529963173755
unstructured,score,invalid_query,4,8496,454,0.05343691148775895
unstructured,score,invalid_query,5,8042,402,0.049987565282268095
unstructured,score,invalid_query,6,7640,385,0.05039267015706806
unstructured,score,invalid_query,7,7255,366,0.050447966919365955
unstructured,score,invalid_query,8,6889,325,0.047176658440992884
unstructured,score,invalid_query,9,6564,323,0.04920780012187691
unstructured,score,invalid_query,10,6241,300,0.04806921967633392
unstructured,score,invalid_query,11,5941,283,0.047635078269651576
unstructured,score,invalid_query,12,5658,264,0.04665959703075292
unstructured,score,invalid_query,13,5394,227,0.042083796811271786
unstructured,score,invalid_query,14,5167,229,0.04431972130830269
unstructured,score,invalid_query,15,4938,229,0.04637505062778453
unstructured,score,invalid_query,16,4709,244,0.05181567211722234
unstructured,score,invalid_query,17,4465,192,0.043001119820828666
unstructured,score,invalid_query,18,4273,168,0.039316639363444886
unstructured,score,invalid_query,19,4105,166,0.04043848964677223
unstructured,score,invalid_query,20,3939,176,0.04468139121604468
unstructured,score,invalid_query,21,3763,157,0.04172203029497741
unstructured,score,invalid_query,22,3606,160,0.044370493621741544
unstructured,score,invalid_query,23,3446,141,0.040917005223447475
unstructured,score,invalid_query,24,3305,131,0.039636913767019666
unstructured,score,invalid_query,25,3174,135,0.04253308128544423
unstructured,score,invalid_query,26,3039,139,0.04573872984534386
unstructured,score,invalid_query,27,2900,117,0.040344827586206895
unstructured,score,invalid_query,28,2783,128,0.045993532159540065
unstructured,score,invalid_query,29,2655,114,0.04293785310734463
unstructured,score,invalid_query,30,2541,104,0.04092876820149548
unstructured,score,invalid_query,31,2437,69,0.028313500205170292
unstructured,score,invalid_query,32,2368,96,0.04054054054054054
unstructured,score,invalid_query,33,2272,83,0.03653169014084507
unstructured,score,invalid_query,34,2189,86,0.03928734582000914
unstructured,score,invalid_query,35,2103,83,0.03946742748454589
unstructured,score,invalid_query,36,2020,76,0.03762376237623762
unstructured,score,invalid_query,37,1944,70,0.0360082304526749
unstructured,score,invalid_query,38,1874,78,0.0416221985058698
unstructured,score,invalid_query,39,1796,68,0.0378619153674833
unstructured,score,invalid_query,40,1728,64,0.037037037037037035
unstructured,score,invalid_query,41,1664,51,0.03064903846153846
unstructured,score,invalid_query,42,1613,57,0.035337879727216366
unstructured,score,invalid_query,43,1556,59,0.037917737789203085
unstructured,score,invalid_query,44,1497,47,0.03139612558450234
unstructured,score,invalid_query,45,1450,52,0.03586206896551724
unstructured,score,invalid_query,46,1398,35,0.02503576537911302
unstructured,score,invalid_query,47,1363,52,0.03815113719735877
unstructured,score,invalid_query,48,1311,40,0.03051106025934401
unstructured,score,invalid_query,49,1271,50,0.03933910306845004
unstructured,score,invalid_query,50,1221,42,0.0343980343980344
unstructured,score,invalid_query,51,1179,36,0.030534351145038167
unstructured,score,invalid_query,52,1143,44,0.03849518810148731
unstructured,score,invalid_query,53,1099,23,0.020928116469517744
unstructured,score,invalid_query,54,1076,41,0.03810408921933085
unstructured,score,invalid_query,55,1035,46,0.044444444444444446
unstructured,score,invalid_query,56,989,41,0.041456016177957536
unstructured,score,invalid_query,57,948,32,0.03375527426160337
unstructured,score,invalid_query,58,916,38,0.04148471615720524
unstructured,score,invalid_query,59,878,24,0.02733485193621868
unstructured,score,invalid_query,60,854,38,0.04449648711943794
unstructured,score,invalid_query,61,816,23,0.028186274509803922
unstructured,score,invalid_query,62,793,24,0.03026481715006305
unstructured,score,invalid_query,63,769,26,0.033810143042912875
unstructured,score,invalid_query,64,743,14,0.018842530282637954
unstructured,score,invalid_query,65,729,18,0.024691358024691357
unstructured,score,invalid_query,66,711,17,0.02390998593530239
unstructured,score,invalid_query,67,694,18,0.025936599423631124
unstructured,score,invalid_query,68,676,23,0.034023668639053255
unstructured,score,invalid_query,69,653,14,0.021439509954058193
unstructured,score,invalid_query,70,639,21,0.03286384976525822
unstructured,score,invalid_query,71,618,10,0.016181229773462782
unstructured,score,invalid_query,72,608,16,0.02631578947368421
unstructured,score,invalid_query,73,592,18,0.030405405405405407
unstructured,score,invalid_query,74,574,7,0.012195121951219513
unstructured,score,invalid_query,75,567,17,0.029982363315696647
unstructured,score,invalid_query,76,550,13,0.023636363636363636
unstructured,score,invalid_query,77,537,19,0.035381750465549346
unstructured,score,invalid_query,78,518,16,0.03088803088803089
unstructured,score,invalid_query,79,502,14,0.027888446215139442
unstructured,score,invalid_query,80,488,13,0.02663934426229508
unstructured,score,invalid_query,81,475,17,0.035789473684210524
unstructured,score,invalid_query,82,458,15,0.03275109170305677
unstructured,score,invalid_query,83,443,9,0.020316027088036117
unstructured,score,invalid_query,84,434,7,0.016129032258064516
unstructured,score,invalid_query,85,427,12,0.02810304449648712
unstructured,score,invalid_query,86,415,15,0.03614457831325301
unstructured,score,invalid_query,87,400,11,0.0275
unstructured,score,invalid_query,88,389,11,0.028277634961439587
unstructured,score,invalid_query,89,378,11,0.0291005291005291
unstructured,score,invalid_query,90,367,6,0.01634877384196185
unstructured,score,invalid_query,91,361,8,0.0221606648199446
unstructured,score,invalid_query,92,353,12,0.0339943342776204
unstructured,score,invalid_query,93,341,10,0.02932551319648094
unstructured,score,invalid_query,94,331,13,0.03927492447129909
unstructured,score,invalid_query,95,318,10,0.031446540880503145
unstructured,score,invalid_query,96,308,4,0.012987012987012988
unstructured,score,invalid_query,97,304,5,0.01644736842105263
unstructured,score,invalid_query,98,299,6,0.020066889632107024
unstructured,score,invalid_query,99,293,7,0.023890784982935155
unstructured,score,invalid_query,100,286,3,0.01048951048951049
unstructured,score,invalid_query,101,283,2,0.007067137809187279
unstructured,score,invalid_query,102,281,3,0.010676156583629894
unstructured,score,invalid_query,103,278,4,0.014388489208633094
unstructured,score,invalid_query,104,274,12,0.043795620437956206
unstructured,score,invalid_query,105,262,8,0.030534351145038167
unstructured,score,invalid_query,106,254,9,0.03543307086614173
unstructured,score,invalid_query,107,245,7,0.02857142857142857
unstructured,score,invalid_query,108,238,2,0.008403361344537815
unstructured,score,invalid_query,109,236,7,0.029661016949152543
unstructured,score,invalid_query,110,229,2,0.008733624454148471
unstructured,score,invalid_query,111,227,4,0.01762114537444934
unstructured,score,invalid_query,112,223,3,0.013452914798206279
unstructured,score,invalid_query,113,220,5,0.022727272727272728
unstructured,score,invalid_query,114,215,5,0.023255813953488372
unstructured,score,invalid_query,115,210,7,0.03333333333333333
unstructured,score,invalid_query,116,203,3,0.014778325123152709
unstructured,score,invalid_query,117,200,6,0.03
unstructured,score,invalid_query,118,194,1,0.005154639175257732
unstructured,score,invalid_query,119,193,2,0.010362694300518135
unstructured,score,invalid_query,120,191,1,0.005235602094240838
unstructured,score,invalid_query,121,190,6,0.031578947368421054
unstructured,score,invalid_query,122,184,7,0.03804347826086957
unstructured,score,invalid_query,123,177,6,0.03389830508474576
unstructured,score,invalid_query,124,171,3,0.017543859649122806
unstructured,score,invalid_query,125,168,2,0.011904761904761904
unstructured,score,invalid_query,126,166,4,0.024096385542168676
unstructured,score,invalid_query,127,162,3,0.018518518518518517
unstructured,score,invalid_query,128,159,0,0.0
unstructured,score,invalid_query,129,159,1,0.006289308176100629
unstructured,score,invalid_query,130,158,4,0.02531645569620253
unstructured,score,invalid_query,131,154,1,0.006493506493506494
unstructured,score,invalid_query,132,153,7,0.0457516339869281
unstructured,score,invalid_query,133,146,2,0.0136986301369863
unstructured,score,invalid_query,134,144,1,0.006944444444444444
unstructured,score,invalid_query,135,143,1,0.006993006993006993
unstructured,score,invalid_query,136,141,0,0.0
unstructured,score,invalid_query,137,141,2,0.014184397163120567
unstructured,score,invalid_query,138,139,4,0.02877697841726619
unstructured,score,invalid_query,139,134,3,0.022388059701492536
unstructured,score,invalid_query,140,131,1,0.007633587786259542
unstructured,score,invalid_query,141,130,6,0.046153846153846156
unstructured,score,invalid_query,142,123,2,0.016260162601626018
unstructured,score,invalid_query,143,121,0,0.0
unstructured,score,invalid_query,144,121,1,0.008264462809917356
unstructured,score,invalid_query,145,119,2,0.01680672268907563
unstructured,score,invalid_query,146,116,3,0.02586206896551724
unstructured,score,invalid_query,147,112,1,0.008928571428571428
unstructured,score,invalid_query,148,110,1,0.00909090909090909
unstructured,score,invalid_query,149,108,2,0.018518518518518517
unstructured,score,invalid_query,150,104,6,0.057692307692307696
unstructured,score,invalid_query,151,98,2,0.02040816326530612
unstructured,score,invalid_query,152,96,1,0.010416666666666666
unstructured,score,invalid_query,153,94,1,0.010638297872340425
unstructured,score,invalid_query,154,92,2,0.021739130434782608
unstructured,score,invalid_query,155,89,2,0.02247191011235955
unstructured,score,invalid_query,156,81,0,0.0
unstructured,score,invalid_query,157,80,2,0.025
unstructured,score,invalid_query,158,78,0,0.0
unstructured,score,invalid_query,159,76,2,0.02631578947368421
unstructured,score,invalid_query,160,74,3,0.04054054054054054
unstructured,score,invalid_query,161,71,1,0.014084507042253521
unstructured,score,invalid_query,162,68,2,0.029411764705882353
unstructured,score,invalid_query,163,64,0,0.0
unstructured,score,invalid_query,164,62,0,0.0
unstructured,score,invalid_query,165,60,1,0.016666666666666666
unstructured,score,invalid_query,166,59,1,0.01694915254237288
unstructured,score,invalid_query,167,57,1,0.017543859649122806
unstructured,score,invalid_query,168,54,1,0.018518518518518517
unstructured,score,invalid_query,169,53,0,0.0
unstructured,score,invalid_query,170,53,0,0.0
unstructured,score,invalid_query,171,49,0,0.0
unstructured,score,invalid_query,172,47,0,0.0
unstructured,score,invalid_query,173,47,1,0.02127659574468085
unstructured,score,invalid_query,174,46,0,0.0
unstructured,score,invalid_query,175,46,0,0.0
unstructured,score,invalid_query,176,46,1,0.021739130434782608
unstructured,score,invalid_query,177,41,0,0.0
unstructured,score,invalid_query,178,38,0,0.0
unstructured,score,invalid_query,179,35,1,0.02857142857142857
unstructured,score,invalid_query,180,29,0,0.0
unstructured,score,invalid_query,181,28,1,0.03571428571428571
unstructured,score,invalid_query,182,26,0,0.0
unstructured,score,invalid_query,183,23,0,0.0
unstructured,score,invalid_query,184,21,0,0.0
unstructured,score,invalid_query,185,16,1,0.0625
unstructured,score,invalid_query,186,14,0,0.0
unstructured,score,invalid_query,187,13,0,0.0
unstructured,score,invalid_query,188,12,0,0.0
unstructured,score,invalid_query,189,9,0,0.0
unstructured,score,invalid_query,190,8,0,0.0
unstructured,score,invalid_query,191,6,1,0.16666666666666666
unstructured,score,invalid_query,192,4,0,0.0
unstructured,score,invalid_query,193,3,0,0.0
unstructured,score,invalid_query,194,3,0,0.0
unstructured,score,invalid_query,195,2,0,0.0
unstructured,score,invalid_query,196,2,0,0.0
unstructured,score,invalid_query,197,1,0,0.0
unstructured,score,invalid_query,198,0,0,
unstructured,score,invalid_query,199,0,0,
unstructured,score,invalid_query,200,0,0,
unstructured,score,invalid_query,201,0,0,
unstructured,score,invalid_query,202,0,0,
unstructured,score,invalid_query,203,0,0,
unstructured,score,invalid_query,204,0,0,
unstructured,score,invalid_query,205,0,0,
unstructured,score,invalid_query,206,0,0,
unstructured,score,invalid_query,207,0,0,
unstructured,score,invalid_query,208,0,0,
unstructured,score,invalid_query,209,0,0,
unstructured,score,invalid_query,210,0,0,
unstructured,score,invalid_query,211,0,0,
unstructured,score,invalid_query,212,0,0,
unstructured,score,invalid_query,213,0,0,
unstructured,score,invalid_query,214,0,0,
unstructured,score,invalid_query,215,0,0,
unstructured,score,invalid_query,216,0,0,
unstructured,score,invalid_query,217,0,0,
unstructured,score,invalid_query,218,0,0,
unstructured,score,invalid_query,219,0,0,
unstructured,score,invalid_query,220,0,0,
unstructured,score,invalid_query,221,0,0,
unstructured,score,invalid_query,222,0,0,
unstructured,score,invalid_query,223,0,0,
unstructured,score,invalid_query,224,0,0,
unstructured,score,invalid_query,225,0,0,
unstructured,score,invalid_query,226,0,0,
unstructured,score,invalid_query,227,0,0,
unstructured,score,invalid_query,228,0,0,
unstructured,score,invalid_query,229,0,0,
unstructured,score,invalid_query,230,0,0,
unstructured,score,invalid_query,231,0,0,
unstructured,score,invalid_query,232,0,0,
unstructured,score,invalid_query,233,0,0,
unstructured,score,invalid_query,234,0,0,
unstructured,score,invalid_query,235,0,0,
unstructured,score,invalid_query,236,0,0,
unstructured,score,invalid_query,237,0,0,
unstructured,score,invalid_query,238,0,0,
unstructured,score,invalid_query,239,0,0,
unstructured,score,invalid_query,240,0,0,
unstructured,score,invalid_query,241,0,0,
unstructured,score,invalid_query,242,0,0,
unstructured,score,invalid_query,243,0,0,
unstructured,score,invalid_query,244,0,0,
unstructured,score,invalid_query,245,0,0,
unstructured,score,invalid_query,246,0,0,
unstructured,score,invalid_query,247,0,0,
unstructured,score,invalid_query,248,0,0,
unstructured,score,invalid_query,249,0,0,
unstructured,score,invalid_query,250,0,0,
unstructured,score,invalid_query,251,0,0,
unstructured,score,invalid_query,252,0,0,
unstructured,score,invalid_query,253,0,0,
unstructured,score,invalid_query,254,0,0,
unstructured,score,invalid_query,255,0,0,
unstructured,score,invalid_query,256,0,0,
