geometry,proposer,invalid_query_index,at_risk,escapes,h_t,q_invalid,baseline_epsilon,baseline_q_invalid
structured,random,1,10000,502,0.0502,0.05020000000000002,0.0497185364,0.04971853640000001
structured,random,2,9498,475,0.050010528532322594,0.09770000000000001,0.0497185364,0.09696513993824185
structured,random,3,9023,460,0.05098082677601685,0.14370000000000005,0.0497185364,0.14186271149869134
structured,random,4,8563,425,0.049632138269298146,0.18620000000000003,0.0497185364,0.18452804151324098
structured,random,5,8138,420,0.05160973212091423,0.22820000000000007,0.0497185364,0.22507211376444425
structured,random,6,7718,410,0.05312257061414875,0.2692,0.0497185364,0.2636003940836218
structured,random,7,7308,392,0.05363984674329502,0.3084,0.0497185364,0.3002131046953208
structured,random,8,6916,358,0.051764025448235974,0.34420000000000006,0.0497185364,0.3350054849217695
structured,random,9,6558,362,0.055199756023177796,0.38040000000000007,0.0497185364,0.3680680389254869
structured,random,10,6196,320,0.051646223369916075,0.4124000000000001,0.0497185364,0.3994867711344935
structured,random,11,5876,281,0.0478216473791695,0.4405000000000001,0.0497185364,0.42934340996252474
structured,random,12,5595,272,0.04861483467381591,0.4677000000000001,0.0497185364,0.45771562040620284
structured,random,13,5323,269,0.05053541236145031,0.49460000000000015,0.0497185364,0.48467720607218845
structured,random,14,5054,290,0.05738029283735655,0.5236000000000002,0.0497185364,0.5102983011598381
structured,random,15,4764,237,0.04974811083123426,0.5473000000000001,0.0497185364,0.5346455528987645
structured,random,16,4527,248,0.05478241661144246,0.5721000000000002,0.0497185364,0.5577822949158691
structured,random,17,4279,231,0.05398457583547558,0.5952000000000002,0.0497185364,0.579768711982819
structured,random,18,4048,205,0.050642292490118576,0.6157000000000001,0.0497185364,0.6006619965725201
structured,random,19,3843,209,0.05438459536820193,0.6366,0.0497185364,0.6205164976318326
structured,random,20,3634,171,0.04705558613098514,0.6537000000000002,0.0497185364,0.6393838619575238
structured,random,21,3463,156,0.045047646549234766,0.6693000000000001,0.0497185364,0.6573131685432161
structured,random,22,3307,158,0.04777744179014212,0.6851,0.0497185364,0.6743510562468009
structured,random,23,3149,165,0.05239758653540807,0.7016000000000001,0.0497185364,0.6905418451104158
structured,random,24,2984,167,0.05596514745308311,0.7183000000000002,0.0497185364,0.7059276516485704
structured,random,25,2817,152,0.053958111466098684,0.7335,0.0497185364,0.7205484984043145
structured,random,26,2665,143,0.05365853658536585,0.7478000000000001,0.0497185364,0.7344424180584342
structured,random,27,2522,129,0.05114988104678826,0.7607000000000002,0.0497185364,0.747645552362492
structured,random,28,2393,105,0.043877977434183035,0.7712000000000001,0.0497185364,0.7601922461530592
structured,random,29,2288,111,0.048513986013986016,0.7823000000000001,0.0497185364,0.7721151366917007
structured,random,30,2177,122,0.05604042259990813,0.7945000000000001,0.0497185364,0.7834452385631034
structured,random,31,2055,106,0.05158150851581508,0.8051000000000001,0.0497185364,0.7942120243521971
structured,random,32,1949,97,0.049769112365315546,0.8148000000000001,0.0497185364,0.8044435013101247
structured,random,33,1852,73,0.03941684665226782,0.8221,0.0497185364,0.8141662842084938
structured,random,34,1779,95,0.05340078695896571,0.8316000000000001,0.0497185364,0.8234056645714211
structured,random,35,1684,79,0.04691211401425178,0.8395000000000001,0.0497185364,0.8321856764654607
structured,random,36,1605,77,0.047975077881619935,0.8472000000000001,0.0497185364,0.840529159018554
structured,random,37,1528,86,0.056282722513089,0.8558000000000001,0.0497185364,0.8484578158306286
structured,random,38,1442,62,0.04299583911234397,0.8620000000000001,0.0497185364,0.855992271430389
structured,random,39,1380,55,0.03985507246376811,0.8675,0.0497185364,0.8631521249251586
structured,random,40,1325,79,0.059622641509433964,0.8754000000000001,0.0497185364,0.8699560009833297
structured,random,41,1246,64,0.051364365971107544,0.8818,0.0497185364,0.8764215982820416
structured,random,42,1182,57,0.048223350253807105,0.8875000000000001,0.0497185364,0.8825657355461097
structured,random,43,1125,63,0.056,0.8938,0.0497185364,0.8884043952979678
structured,random,44,1062,54,0.05084745762711865,0.8992,0.0497185364,0.8939527654324257
structured,random,45,1008,57,0.05654761904761905,0.9049,0.0497185364,0.8992252787243931
structured,random,46,951,56,0.058885383806519455,0.9105000000000001,0.0497185364,0.9042356503723341
structured,random,47,895,47,0.05251396648044693,0.9152,0.0497185364,0.9089969136751196
structured,random,48,848,45,0.05306603773584906,0.9197000000000001,0.0497185364,0.9135214539350754
structured,random,49,803,42,0.052303860523038606,0.9239,0.0497185364,0.9178210406754235
structured,random,50,761,35,0.045992115637319315,0.9274,0.0497185364,0.9219068582559166
structured,random,51,726,35,0.048209366391184574,0.9309000000000001,0.0497185364,0.9257895349663101
structured,random,52,691,45,0.06512301013024602,0.9354,0.0497185364,0.9294791706733486
structured,random,53,646,26,0.04024767801857585,0.9380000000000001,0.0497185364,0.9329853630931839
structured,random,54,620,34,0.054838709677419356,0.9414,0.0497185364,0.9363172327575682
structured,random,55,586,20,0.034129692832764506,0.9434,0.0497185364,0.9394834467387638
structured,random,56,566,28,0.04946996466431095,0.9462,0.0497185364,0.9424922411948851
structured,random,57,538,33,0.06133828996282528,0.9495,0.0497185364,0.9453514427943196
structured,random,58,505,27,0.053465346534653464,0.9522,0.0497185364,0.9480684890749578
structured,random,59,478,32,0.06694560669456066,0.9554,0.0497185364,0.9506504477911915
structured,random,60,446,18,0.04035874439461883,0.9572,0.0497185364,0.9531040352990088
structured,random,61,428,24,0.056074766355140186,0.9596,0.0497185364,0.9554356340270082
structured,random,62,404,13,0.03217821782178218,0.9609,0.0497185364,0.9576513090787793
structured,random,63,391,21,0.05370843989769821,0.963,0.0497185364,0.9597568240098383
structured,random,64,370,22,0.05945945945945946,0.9652000000000001,0.0497185364,0.9617576558201568
structured,random,65,348,18,0.05172413793103448,0.967,0.0497185364,0.9636590092012837
structured,random,66,330,13,0.03939393939393939,0.9683,0.0497185364,0.9654658300751217
structured,random,67,317,13,0.04100946372239748,0.9696,0.0497185364,0.9671828184595755
structured,random,68,304,20,0.06578947368421052,0.9716,0.0497185364,0.9688144406945386
structured,random,69,284,13,0.045774647887323945,0.9729,0.0497185364,0.9703649410600215
structured,random,70,271,9,0.033210332103321034,0.9738,0.0497185364,0.971838352816645
structured,random,71,262,13,0.04961832061068702,0.9751,0.0497185364,0.9732385086972145
structured,random,72,249,13,0.05220883534136546,0.9764,0.0497185364,0.9745690508766703
structured,random,73,236,6,0.025423728813559324,0.977,0.0497185364,0.9758334404463452
structured,random,74,230,11,0.04782608695652174,0.9781,0.0497185364,0.9770349664171764
structured,random,75,219,9,0.0410958904109589,0.979,0.0497185364,0.9781767542752912
structured,random,76,210,8,0.0380952380952381,0.9798,0.0497185364,0.9792617741122213
structured,random,77,202,10,0.04950495049504951,0.9808,0.0497185364,0.9802928483508943
structured,random,78,192,8,0.041666666666666664,0.9816,0.0497185364,0.9812726590875006
structured,random,79,184,11,0.059782608695652176,0.9827,0.0497185364,0.9822037550683339
structured,random,80,173,6,0.03468208092485549,0.9833,0.0497185364,0.9830885583197523
structured,random,81,167,13,0.07784431137724551,0.9846,0.0497185364,0.9839293704485081
structured,random,82,154,9,0.05844155844155844,0.9855,0.0497185364,0.9847283786288349
structured,random,83,145,7,0.04827586206896552,0.9862,0.0497185364,0.9854876612918642
structured,random,84,138,2,0.014492753623188406,0.9864,0.0497185364,0.9862091935321737
structured,random,85,136,7,0.051470588235294115,0.9871,0.0497185364,0.9868948522455298
structured,random,86,129,10,0.07751937984496124,0.9881,0.0497185364,0.9875464210111877
structured,random,87,119,6,0.05042016806722689,0.9887,0.0497185364,0.9881655947314533
structured,random,88,113,2,0.017699115044247787,0.9889,0.0497185364,0.9887539840405699
structured,random,89,111,6,0.05405405405405406,0.9895,0.0497185364,0.9893131194944038
structured,random,90,105,6,0.05714285714285714,0.9901,0.0497185364,0.9898444555518238
structured,random,91,99,9,0.09090909090909091,0.991,0.0497185364,0.9903493743581322
structured,random,92,90,2,0.022222222222222223,0.9912,0.0497185364,0.9908291893403902
structured,random,93,88,4,0.045454545454545456,0.9916,0.0497185364,0.9912851486239875
structured,random,94,84,2,0.023809523809523808,0.9918,0.0497185364,0.9917184382793464
structured,random,95,82,5,0.06097560975609756,0.9923,0.0497185364,0.9921301854072035
structured,random,96,77,4,0.05194805194805195,0.9927,0.0497185364,0.9925214610704968
structured,random,97,73,2,0.0273972602739726,0.9929,0.0497185364,0.9928932830804821
structured,random,98,71,3,0.04225352112676056,0.9932,0.0497185364,0.9932466186443296
structured,random,99,68,8,0.11764705882352941,0.994,0.0497185364,0.9935823868810846
structured,random,100,60,3,0.05,0.9943,0.0497185364,0.9939014612125385
structured,random,101,57,3,0.05263157894736842,0.9946,0.0497185364,0.9942046716352297
structured,random,102,54,5,0.09259259259259259,0.9951,0.0497185364,0.9944928068794835
structured,random,103,49,4,0.08163265306122448,0.9955,0.0497185364,0.9947666164611078
structured,random,104,45,0,0.0,0.9955,0.0497185364,0.9950268126310813
structured,random,105,45,3,0.06666666666666667,0.9958,0.0497185364,0.9952740722283069
structured,random,106,42,5,0.11904761904761904,0.9963,0.0497185364,0.9955090384402476
structured,random,107,37,3,0.08108108108108109,0.9966,0.0497185364,0.9957323224760272
structured,random,108,34,1,0.029411764705882353,0.9967,0.0497185364,0.9959445051563462
structured,random,109,33,1,0.030303030303030304,0.9968,0.0497185364,0.9961461384243505
structured,random,110,32,0,0.0,0.9968,0.0497185364,0.99633774678138
structured,random,111,32,0,0.0,0.9968,0.0497185364,0.9965198286513359
structured,random,112,32,1,0.03125,0.9969,0.0497185364,0.9966928576772127
structured,random,113,31,1,0.03225806451612903,0.997,0.0497185364,0.9968572839531682
structured,random,114,30,0,0.0,0.997,0.0497185364,0.9970135351953375
structured,random,115,30,1,0.03333333333333333,0.9971,0.0497185364,0.9971620178544354
structured,random,116,29,4,0.13793103448275862,0.9975,0.0497185364,0.9973031181730422
structured,random,117,25,2,0.08,0.9977,0.0497185364,0.9974372031903224
structured,random,118,23,0,0.0,0.9977,0.0497185364,0.99756462169679
structured,random,119,23,1,0.043478260869565216,0.9978,0.0497185364,0.997685705141606
structured,random,120,22,1,0.045454545454545456,0.9979,0.0497185364,0.9978007684947634
structured,random,121,20,1,0.05,0.998005,0.0497185364,0.9979101110664085
structured,random,122,18,1,0.05555555555555555,0.9981158333333333,0.0497185364,0.9980140172854253
structured,random,123,16,1,0.0625,0.99823359375,0.0497185364,0.9981127574393096
structured,random,124,15,1,0.06666666666666667,0.9983513541666666,0.0497185364,0.998206588377259
structured,random,125,14,1,0.07142857142857142,0.9984691145833333,0.0497185364,0.9982957541783044
structured,random,126,13,0,0.0,0.9984691145833333,0.0497185364,0.9983804867862249
structured,random,127,13,0,0.0,0.9984691145833333,0.0497185364,0.9984610066128943
structured,random,128,11,0,0.0,0.9984691145833333,0.0497185364,0.9985375231116305
structured,random,129,11,0,0.0,0.9984691145833333,0.0497185364,0.998610235322039
structured,random,130,11,0,0.0,0.9984691145833333,0.0497185364,0.9986793323877676
structured,random,131,8,0,0.0,0.9984691145833333,0.0497185364,0.9987449940485187
structured,random,132,7,0,0.0,0.9984691145833333,0.0497185364,0.9988073911075996
structured,random,133,6,1,0.16666666666666666,0.9987242621527778,0.0497185364,0.9988666858762274
structured,random,134,4,1,0.25,0.9990431966145833,0.0497185364,0.9989230325957428
structured,random,135,3,0,0.0,0.9990431966145833,0.0497185364,0.998976577838833
structured,random,136,2,0,0.0,0.9990431966145833,0.0497185364,0.9990274608908055
structured,random,137,1,0,0.0,0.9990431966145833,0.0497185364,0.9990758141119065
structured,nonadaptive,1,10000,0,0.0,0.0,0.0497185364,0.04971853640000001
structured,nonadaptive,2,10000,0,0.0,0.0,0.0497185364,0.09696513993824185
structured,nonadaptive,3,10000,0,0.0,0.0,0.0497185364,0.14186271149869134
structured,nonadaptive,4,10000,0,0.0,0.0,0.0497185364,0.18452804151324098
structured,nonadaptive,5,10000,0,0.0,0.0,0.0497185364,0.22507211376444425
structured,nonadaptive,6,10000,0,0.0,0.0,0.0497185364,0.2636003940836218
structured,nonadaptive,7,10000,0,0.0,0.0,0.0497185364,0.3002131046953208
structured,nonadaptive,8,10000,0,0.0,0.0,0.0497185364,0.3350054849217695
structured,nonadaptive,9,10000,0,0.0,0.0,0.0497185364,0.3680680389254869
structured,nonadaptive,10,10000,0,0.0,0.0,0.0497185364,0.3994867711344935
structured,nonadaptive,11,10000,0,0.0,0.0,0.0497185364,0.42934340996252474
structured,nonadaptive,12,10000,0,0.0,0.0,0.0497185364,0.45771562040620284
structured,nonadaptive,13,10000,0,0.0,0.0,0.0497185364,0.48467720607218845
structured,nonadaptive,14,10000,0,0.0,0.0,0.0497185364,0.5102983011598381
structured,nonadaptive,15,10000,0,0.0,0.0,0.0497185364,0.5346455528987645
structured,nonadaptive,16,10000,0,0.0,0.0,0.0497185364,0.5577822949158691
structured,nonadaptive,17,10000,0,0.0,0.0,0.0497185364,0.579768711982819
structured,nonadaptive,18,10000,0,0.0,0.0,0.0497185364,0.6006619965725201
structured,nonadaptive,19,10000,0,0.0,0.0,0.0497185364,0.6205164976318326
structured,nonadaptive,20,10000,0,0.0,0.0,0.0497185364,0.6393838619575238
structured,nonadaptive,21,10000,0,0.0,0.0,0.0497185364,0.6573131685432161
structured,nonadaptive,22,10000,0,0.0,0.0,0.0497185364,0.6743510562468009
structured,nonadaptive,23,10000,0,0.0,0.0,0.0497185364,0.6905418451104158
structured,nonadaptive,24,10000,0,0.0,0.0,0.0497185364,0.7059276516485704
structured,nonadaptive,25,10000,0,0.0,0.0,0.0497185364,0.7205484984043145
structured,nonadaptive,26,10000,0,0.0,0.0,0.0497185364,0.7344424180584342
structured,nonadaptive,27,10000,0,0.0,0.0,0.0497185364,0.747645552362492
structured,nonadaptive,28,10000,0,0.0,0.0,0.0497185364,0.7601922461530592
structured,nonadaptive,29,10000,0,0.0,0.0,0.0497185364,0.7721151366917007
structured,nonadaptive,30,10000,0,0.0,0.0,0.0497185364,0.7834452385631034
structured,nonadaptive,31,10000,0,0.0,0.0,0.0497185364,0.7942120243521971
structured,nonadaptive,32,10000,0,0.0,0.0,0.0497185364,0.8044435013101247
structured,nonadaptive,33,10000,0,0.0,0.0,0.0497185364,0.8141662842084938
structured,nonadaptive,34,10000,0,0.0,0.0,0.0497185364,0.8234056645714211
structured,nonadaptive,35,10000,0,0.0,0.0,0.0497185364,0.8321856764654607
structured,nonadaptive,36,10000,0,0.0,0.0,0.0497185364,0.840529159018554
structured,nonadaptive,37,10000,0,0.0,0.0,0.0497185364,0.8484578158306286
structured,nonadaptive,38,10000,0,0.0,0.0,0.0497185364,0.855992271430389
structured,nonadaptive,39,10000,0,0.0,0.0,0.0497185364,0.8631521249251586
structured,nonadaptive,40,10000,0,0.0,0.0,0.0497185364,0.8699560009833297
structured,nonadaptive,41,10000,0,0.0,0.0,0.0497185364,0.8764215982820416
structured,nonadaptive,42,10000,0,0.0,0.0,0.0497185364,0.8825657355461097
structured,nonadaptive,43,10000,0,0.0,0.0,0.0497185364,0.8884043952979678
structured,nonadaptive,44,10000,0,0.0,0.0,0.0497185364,0.8939527654324257
structured,nonadaptive,45,10000,0,0.0,0.0,0.0497185364,0.8992252787243931
structured,nonadaptive,46,10000,0,0.0,0.0,0.0497185364,0.9042356503723341
structured,nonadaptive,47,10000,0,0.0,0.0,0.0497185364,0.9089969136751196
structured,nonadaptive,48,10000,0,0.0,0.0,0.0497185364,0.9135214539350754
structured,nonadaptive,49,10000,0,0.0,0.0,0.0497185364,0.9178210406754235
structured,nonadaptive,50,10000,0,0.0,0.0,0.0497185364,0.9219068582559166
structured,nonadaptive,51,10000,0,0.0,0.0,0.0497185364,0.9257895349663101
structured,nonadaptive,52,10000,0,0.0,0.0,0.0497185364,0.9294791706733486
structured,nonadaptive,53,10000,0,0.0,0.0,0.0497185364,0.9329853630931839
structured,nonadaptive,54,10000,0,0.0,0.0,0.0497185364,0.9363172327575682
structured,nonadaptive,55,10000,0,0.0,0.0,0.0497185364,0.9394834467387638
structured,nonadaptive,56,10000,0,0.0,0.0,0.0497185364,0.9424922411948851
structured,nonadaptive,57,10000,0,0.0,0.0,0.0497185364,0.9453514427943196
structured,nonadaptive,58,10000,0,0.0,0.0,0.0497185364,0.9480684890749578
structured,nonadaptive,59,10000,0,0.0,0.0,0.0497185364,0.9506504477911915
structured,nonadaptive,60,10000,0,0.0,0.0,0.0497185364,0.9531040352990088
structured,nonadaptive,61,10000,1,0.0001,9.999999999998899e-05,0.0497185364,0.9554356340270082
structured,nonadaptive,62,9999,0,0.0,9.999999999998899e-05,0.0497185364,0.9576513090787793
structured,nonadaptive,63,9999,1,0.00010001000100010001,0.00019999999999997797,0.0497185364,0.9597568240098383
structured,nonadaptive,64,9998,2,0.00020004000800160032,0.00039999999999995595,0.0497185364,0.9617576558201568
structured,nonadaptive,65,9996,9,0.000900360144057623,0.0012999999999999678,0.0497185364,0.9636590092012837
structured,nonadaptive,66,9987,6,0.0006007810153199159,0.0019000000000000128,0.0497185364,0.9654658300751217
structured,nonadaptive,67,9981,4,0.00040076144674882274,0.0022999999999999687,0.0497185364,0.9671828184595755
structured,nonadaptive,68,9977,10,0.0010023053021950487,0.0032999999999999696,0.0497185364,0.9688144406945386
structured,nonadaptive,69,9967,10,0.0010033109260559848,0.0042999999999999705,0.0497185364,0.9703649410600215
structured,nonadaptive,70,9957,15,0.0015064778547755348,0.005799999999999916,0.0497185364,0.971838352816645
structured,nonadaptive,71,9942,22,0.002212834439750553,0.007999999999999896,0.0497185364,0.9732385086972145
structured,nonadaptive,72,9920,25,0.0025201612903225806,0.010499999999999954,0.0497185364,0.9745690508766703
structured,nonadaptive,73,9895,35,0.0035371399696816574,0.013999999999999901,0.0497185364,0.9758334404463452
structured,nonadaptive,74,9860,58,0.0058823529411764705,0.01979999999999993,0.0497185364,0.9770349664171764
structured,nonadaptive,75,9802,68,0.0069373597225056115,0.026599999999999957,0.0497185364,0.9781767542752912
structured,nonadaptive,76,9734,75,0.007704951715635915,0.03409999999999991,0.0497185364,0.9792617741122213
structured,nonadaptive,77,9659,99,0.010249508230665701,0.04399999999999993,0.0497185364,0.9802928483508943
structured,nonadaptive,78,9560,107,0.011192468619246863,0.05469999999999986,0.0497185364,0.9812726590875006
structured,nonadaptive,79,9453,111,0.011742304030466518,0.06579999999999986,0.0497185364,0.9822037550683339
structured,nonadaptive,80,9342,173,0.018518518518518517,0.08309999999999984,0.0497185364,0.9830885583197523
structured,nonadaptive,81,9169,192,0.020940124331988223,0.10229999999999984,0.0497185364,0.9839293704485081
structured,nonadaptive,82,8977,210,0.02339311574022502,0.12329999999999985,0.0497185364,0.9847283786288349
structured,nonadaptive,83,8767,234,0.026691000342192312,0.14669999999999983,0.0497185364,0.9854876612918642
structured,nonadaptive,84,8533,271,0.03175905308801125,0.17379999999999984,0.0497185364,0.9862091935321737
structured,nonadaptive,85,8262,287,0.03473735173081578,0.2024999999999999,0.0497185364,0.9868948522455298
structured,nonadaptive,86,7975,328,0.04112852664576803,0.23529999999999995,0.0497185364,0.9875464210111877
structured,nonadaptive,87,7647,368,0.04812344710343926,0.2721,0.0497185364,0.9881655947314533
structured,nonadaptive,88,7279,362,0.049732106058524524,0.3083,0.0497185364,0.9887539840405699
structured,nonadaptive,89,6917,383,0.05537082550238543,0.3466,0.0497185364,0.9893131194944038
structured,nonadaptive,90,6534,342,0.05234159779614325,0.3808,0.0497185364,0.9898444555518238
structured,nonadaptive,91,6192,399,0.06443798449612403,0.4207000000000001,0.0497185364,0.9903493743581322
structured,nonadaptive,92,5793,393,0.06784049715173485,0.4600000000000001,0.0497185364,0.9908291893403902
structured,nonadaptive,93,5400,368,0.06814814814814815,0.49680000000000013,0.0497185364,0.9912851486239875
structured,nonadaptive,94,5032,407,0.08088235294117647,0.5375000000000001,0.0497185364,0.9917184382793464
structured,nonadaptive,95,4625,374,0.08086486486486487,0.5749000000000002,0.0497185364,0.9921301854072035
structured,nonadaptive,96,4251,394,0.09268407433545048,0.6143000000000001,0.0497185364,0.9925214610704968
structured,nonadaptive,97,3857,326,0.08452164894996111,0.6469000000000001,0.0497185364,0.9928932830804821
structured,nonadaptive,98,3531,320,0.09062588501840839,0.6789000000000001,0.0497185364,0.9932466186443296
structured,nonadaptive,99,3211,321,0.0999688570538773,0.7110000000000001,0.0497185364,0.9935823868810846
structured,nonadaptive,100,2890,280,0.09688581314878893,0.7390000000000001,0.0497185364,0.9939014612125385
structured,nonadaptive,101,2610,306,0.11724137931034483,0.7696000000000001,0.0497185364,0.9942046716352297
structured,nonadaptive,102,2304,241,0.10460069444444445,0.7937000000000001,0.0497185364,0.9944928068794835
structured,nonadaptive,103,2063,264,0.12796897721764422,0.8201,0.0497185364,0.9947666164611078
structured,nonadaptive,104,1799,220,0.12229016120066703,0.8421000000000001,0.0497185364,0.9950268126310813
structured,nonadaptive,105,1579,193,0.12222925902469918,0.8614,0.0497185364,0.9952740722283069
structured,nonadaptive,106,1386,160,0.11544011544011544,0.8774000000000001,0.0497185364,0.9955090384402476
structured,nonadaptive,107,1226,147,0.1199021207177814,0.8921,0.0497185364,0.9957323224760272
structured,nonadaptive,108,1079,136,0.12604263206672844,0.9057000000000001,0.0497185364,0.9959445051563462
structured,nonadaptive,109,943,124,0.13149522799575822,0.9181,0.0497185364,0.9961461384243505
structured,nonadaptive,110,819,107,0.13064713064713065,0.9288000000000001,0.0497185364,0.99633774678138
structured,nonadaptive,111,712,75,0.10533707865168539,0.9363,0.0497185364,0.9965198286513359
structured,nonadaptive,112,637,85,0.13343799058084774,0.9448,0.0497185364,0.9966928576772127
structured,nonadaptive,113,551,80,0.14519056261343014,0.9528145190562614,0.0497185364,0.9968572839531682
structured,nonadaptive,114,471,72,0.15286624203821655,0.9600275862068965,0.0497185364,0.9970135351953375
structured,nonadaptive,115,399,50,0.12531328320802004,0.96503666061706,0.0497185364,0.9971620178544354
structured,nonadaptive,116,349,53,0.1518624641833811,0.970346279491833,0.0497185364,0.9973031181730422
structured,nonadaptive,117,295,38,0.1288135593220339,0.9741660807776308,0.0497185364,0.9974372031903224
structured,nonadaptive,118,256,39,0.15234375,0.9781017169091636,0.0497185364,0.99756462169679
structured,nonadaptive,119,217,35,0.16129032258064516,0.981633698052847,0.0497185364,0.997685705141606
structured,nonadaptive,120,182,32,0.17582417582417584,0.9848629379556431,0.0497185364,0.9978007684947634
structured,nonadaptive,121,148,22,0.14864864864864866,0.9871130417730475,0.0497185364,0.9979101110664085
structured,nonadaptive,122,124,21,0.1693548387096774,0.9892955105050314,0.0497185364,0.9980140172854253
structured,nonadaptive,123,103,17,0.1650485436893204,0.9910622709071135,0.0497185364,0.9981127574393096
structured,nonadaptive,124,86,16,0.18604651162790697,0.9927251042267203,0.0497185364,0.998206588377259
structured,nonadaptive,125,70,7,0.1,0.9934525938040483,0.0497185364,0.9982957541783044
structured,nonadaptive,126,63,12,0.19047619047619047,0.9946997187937534,0.0497185364,0.9983804867862249
structured,nonadaptive,127,50,9,0.18,0.9956537694108778,0.0497185364,0.9984610066128943
structured,nonadaptive,128,39,5,0.1282051282051282,0.9962109784607652,0.0497185364,0.9985375231116305
structured,nonadaptive,129,34,9,0.2647058823529412,0.9972139547505626,0.0497185364,0.998610235322039
structured,nonadaptive,130,25,7,0.28,0.9979940474204051,0.0497185364,0.9986793323877676
structured,nonadaptive,131,17,2,0.11764705882352941,0.998230041841534,0.0497185364,0.9987449940485187
structured,nonadaptive,132,14,3,0.21428571428571427,0.9986093185897766,0.0497185364,0.9988073911075996
structured,nonadaptive,133,11,5,0.45454545454545453,0.9992414465035145,0.0497185364,0.9988666858762274
structured,nonadaptive,134,6,3,0.5,0.9996207232517573,0.0497185364,0.9989230325957428
structured,nonadaptive,135,3,1,0.3333333333333333,0.9997471488345049,0.0497185364,0.998976577838833
structured,nonadaptive,136,2,0,0.0,0.9997471488345049,0.0497185364,0.9990274608908055
structured,nonadaptive,137,2,0,0.0,0.9997471488345049,0.0497185364,0.9990758141119065
structured,nonadaptive,138,2,1,0.5,0.9998735744172524,0.0497185364,0.999121763281624
structured,nonadaptive,139,1,0,0.0,0.9998735744172524,0.0497185364,0.9991654279258744
structured,nonadaptive,140,1,0,0.0,0.9998735744172524,0.0497185364,0.9992069216279202
structured,nonadaptive,141,1,0,0.0,0.9998735744172524,0.0497185364,0.9992463523238305
structured,nonadaptive,142,1,1,1.0,1.0,0.0497185364,0.999283822583251
structured,binary,1,10000,1132,0.1132,0.11319999999999997,0.0497185364,0.04971853640000001
structured,binary,2,8868,982,0.11073522778529545,0.21139999999999992,0.0497185364,0.09696513993824185
structured,binary,3,7886,725,0.09193507481612985,0.28389999999999993,0.0497185364,0.14186271149869134
structured,binary,4,7161,495,0.06912442396313365,0.3333999999999999,0.0497185364,0.18452804151324098
structured,binary,5,6666,419,0.06285628562856285,0.37529999999999986,0.0497185364,0.22507211376444425
structured,binary,6,6247,271,0.04338082279494157,0.40239999999999987,0.0497185364,0.2636003940836218
structured,binary,7,5976,177,0.02961847389558233,0.4200999999999999,0.0497185364,0.3002131046953208
structured,binary,8,5799,161,0.027763407484048975,0.4361999999999999,0.0497185364,0.3350054849217695
structured,binary,9,5638,137,0.024299396949272793,0.44989999999999986,0.0497185364,0.3680680389254869
structured,binary,10,5501,114,0.020723504817305945,0.4612999999999998,0.0497185364,0.3994867711344935
structured,binary,11,5387,112,0.02079079264896974,0.4724999999999998,0.0497185364,0.42934340996252474
structured,binary,12,5275,76,0.014407582938388626,0.48009999999999986,0.0497185364,0.45771562040620284
structured,binary,13,5199,78,0.015002885170225043,0.4878999999999999,0.0497185364,0.48467720607218845
structured,binary,14,5121,73,0.01425502831478227,0.49519999999999986,0.0497185364,0.5102983011598381
structured,binary,15,5048,69,0.01366877971473851,0.5020999999999999,0.0497185364,0.5346455528987645
structured,binary,16,4979,66,0.013255673830086363,0.5086999999999999,0.0497185364,0.5577822949158691
structured,binary,17,4913,65,0.013230205577040504,0.5151999999999999,0.0497185364,0.579768711982819
structured,binary,18,4848,62,0.01278877887788779,0.5213999999999999,0.0497185364,0.6006619965725201
structured,binary,19,4786,53,0.01107396573338905,0.5267,0.0497185364,0.6205164976318326
structured,binary,20,4733,52,0.010986689203465032,0.5318999999999998,0.0497185364,0.6393838619575238
structured,binary,21,4681,43,0.009186071352275156,0.5361999999999998,0.0497185364,0.6573131685432161
structured,binary,22,4638,56,0.01207416990081932,0.5417999999999998,0.0497185364,0.6743510562468009
structured,binary,23,4582,41,0.00894805761676124,0.5458999999999998,0.0497185364,0.6905418451104158
structured,binary,24,4541,40,0.008808632459810615,0.5498999999999998,0.0497185364,0.7059276516485704
structured,binary,25,4501,41,0.009109086869584537,0.5539999999999998,0.0497185364,0.7205484984043145
structured,binary,26,4460,40,0.008968609865470852,0.5579999999999998,0.0497185364,0.7344424180584342
structured,binary,27,4420,31,0.007013574660633484,0.5610999999999998,0.0497185364,0.747645552362492
structured,binary,28,4389,34,0.007746639325586694,0.5644999999999998,0.0497185364,0.7601922461530592
structured,binary,29,4355,33,0.007577497129735935,0.5677999999999999,0.0497185364,0.7721151366917007
structured,binary,30,4322,34,0.007866728366496992,0.5711999999999999,0.0497185364,0.7834452385631034
structured,binary,31,4288,32,0.007462686567164179,0.5743999999999999,0.0497185364,0.7942120243521971
structured,binary,32,4256,30,0.007048872180451127,0.5773999999999999,0.0497185364,0.8044435013101247
structured,binary,33,4226,25,0.005915759583530526,0.5798999999999999,0.0497185364,0.8141662842084938
structured,binary,34,4201,34,0.008093311116400857,0.5832999999999999,0.0497185364,0.8234056645714211
structured,binary,35,4167,36,0.008639308855291577,0.5869,0.0497185364,0.8321856764654607
structured,binary,36,4131,26,0.006293875574921327,0.5894999999999999,0.0497185364,0.840529159018554
structured,binary,37,4105,28,0.00682095006090134,0.5922999999999999,0.0497185364,0.8484578158306286
structured,binary,38,4077,29,0.0071130733382389014,0.5952,0.0497185364,0.855992271430389
structured,binary,39,4048,29,0.00716403162055336,0.5980999999999999,0.0497185364,0.8631521249251586
structured,binary,40,4019,29,0.00721572530480219,0.601,0.0497185364,0.8699560009833297
structured,binary,41,3990,33,0.008270676691729323,0.6043,0.0497185364,0.8764215982820416
structured,binary,42,3957,35,0.008845084660096033,0.6077999999999999,0.0497185364,0.8825657355461097
structured,binary,43,3922,13,0.0033146353901070884,0.6091,0.0497185364,0.8884043952979678
structured,binary,44,3909,28,0.007162957278076234,0.6119,0.0497185364,0.8939527654324257
structured,binary,45,3881,22,0.0056686421025508886,0.6141000000000001,0.0497185364,0.8992252787243931
structured,binary,46,3859,25,0.0064783622700181395,0.6166,0.0497185364,0.9042356503723341
structured,binary,47,3834,20,0.005216484089723527,0.6186,0.0497185364,0.9089969136751196
structured,binary,48,3814,25,0.006554798112218143,0.6211,0.0497185364,0.9135214539350754
structured,binary,49,3789,29,0.007653734494589602,0.6240000000000001,0.0497185364,0.9178210406754235
structured,binary,50,3760,22,0.005851063829787234,0.6262000000000001,0.0497185364,0.9219068582559166
structured,binary,51,3738,22,0.005885500267522739,0.6284000000000001,0.0497185364,0.9257895349663101
structured,binary,52,3716,19,0.00511302475780409,0.6303000000000001,0.0497185364,0.9294791706733486
structured,binary,53,3697,25,0.0067622396537733295,0.6328000000000001,0.0497185364,0.9329853630931839
structured,binary,54,3672,30,0.008169934640522876,0.6358000000000001,0.0497185364,0.9363172327575682
structured,binary,55,3642,27,0.007413509060955519,0.6385000000000001,0.0497185364,0.9394834467387638
structured,binary,56,3615,22,0.006085753803596127,0.6407,0.0497185364,0.9424922411948851
structured,binary,57,3593,17,0.004731422209852491,0.6424000000000001,0.0497185364,0.9453514427943196
structured,binary,58,3576,18,0.0050335570469798654,0.6442000000000001,0.0497185364,0.9480684890749578
structured,binary,59,3558,19,0.005340078695896571,0.6461000000000001,0.0497185364,0.9506504477911915
structured,binary,60,3539,18,0.005086182537439954,0.6479000000000001,0.0497185364,0.9531040352990088
structured,binary,61,3521,23,0.006532235160465777,0.6502000000000001,0.0497185364,0.9554356340270082
structured,binary,62,3498,22,0.006289308176100629,0.6524000000000001,0.0497185364,0.9576513090787793
structured,binary,63,3476,10,0.0028768699654775605,0.6534,0.0497185364,0.9597568240098383
structured,binary,64,3466,12,0.003462204270051933,0.6546000000000001,0.0497185364,0.9617576558201568
structured,binary,65,3454,18,0.0052113491603937466,0.6564000000000001,0.0497185364,0.9636590092012837
structured,binary,66,3436,16,0.004656577415599534,0.658,0.0497185364,0.9654658300751217
structured,binary,67,3420,25,0.007309941520467836,0.6605000000000001,0.0497185364,0.9671828184595755
structured,binary,68,3395,26,0.007658321060382916,0.6631,0.0497185364,0.9688144406945386
structured,binary,69,3369,25,0.0074205995844464235,0.6656,0.0497185364,0.9703649410600215
structured,binary,70,3344,12,0.0035885167464114833,0.6668000000000001,0.0497185364,0.971838352816645
structured,binary,71,3332,16,0.004801920768307323,0.6684,0.0497185364,0.9732385086972145
structured,binary,72,3316,16,0.0048250904704463205,0.6699999999999999,0.0497185364,0.9745690508766703
structured,binary,73,3300,18,0.005454545454545455,0.6718,0.0497185364,0.9758334404463452
structured,binary,74,3282,8,0.002437538086532602,0.6726,0.0497185364,0.9770349664171764
structured,binary,75,3274,19,0.005803298717165547,0.6745,0.0497185364,0.9781767542752912
structured,binary,76,3255,8,0.002457757296466974,0.6753,0.0497185364,0.9792617741122213
structured,binary,77,3247,17,0.005235602094240838,0.677,0.0497185364,0.9802928483508943
structured,binary,78,3230,11,0.003405572755417957,0.6780999999999999,0.0497185364,0.9812726590875006
structured,binary,79,3219,16,0.004970487729108419,0.6797,0.0497185364,0.9822037550683339
structured,binary,80,3203,16,0.004995316890415236,0.6813,0.0497185364,0.9830885583197523
structured,binary,81,3187,12,0.0037652965171007216,0.6824999999999999,0.0497185364,0.9839293704485081
structured,binary,82,3175,17,0.005354330708661417,0.6841999999999999,0.0497185364,0.9847283786288349
structured,binary,83,3158,14,0.004433185560481318,0.6856,0.0497185364,0.9854876612918642
structured,binary,84,3144,28,0.008905852417302799,0.6883999999999999,0.0497185364,0.9862091935321737
structured,binary,85,3116,20,0.006418485237483954,0.6903999999999999,0.0497185364,0.9868948522455298
structured,binary,86,3096,13,0.004198966408268734,0.6917,0.0497185364,0.9875464210111877
structured,binary,87,3083,18,0.005838469023678235,0.6935,0.0497185364,0.9881655947314533
structured,binary,88,3065,19,0.006199021207177814,0.6954,0.0497185364,0.9887539840405699
structured,binary,89,3046,14,0.004596191726854892,0.6968000000000001,0.0497185364,0.9893131194944038
structured,binary,90,3032,17,0.005606860158311346,0.6985,0.0497185364,0.9898444555518238
structured,binary,91,3015,17,0.005638474295190713,0.7001999999999999,0.0497185364,0.9903493743581322
structured,binary,92,2998,16,0.00533689126084056,0.7018,0.0497185364,0.9908291893403902
structured,binary,93,2982,20,0.00670690811535882,0.7038,0.0497185364,0.9912851486239875
structured,binary,94,2962,19,0.006414584740040513,0.7057,0.0497185364,0.9917184382793464
structured,binary,95,2943,10,0.0033978933061501867,0.7067,0.0497185364,0.9921301854072035
structured,binary,96,2933,15,0.005114217524718718,0.7081999999999999,0.0497185364,0.9925214610704968
structured,binary,97,2918,19,0.0065113091158327625,0.7101,0.0497185364,0.9928932830804821
structured,binary,98,2899,19,0.006553984132459468,0.712,0.0497185364,0.9932466186443296
structured,binary,99,2880,16,0.005555555555555556,0.7136,0.0497185364,0.9935823868810846
structured,binary,100,2864,15,0.005237430167597765,0.7151000000000001,0.0497185364,0.9939014612125385
structured,binary,101,2849,22,0.007722007722007722,0.7173,0.0497185364,0.9942046716352297
structured,binary,102,2827,12,0.004244782454899187,0.7185,0.0497185364,0.9944928068794835
structured,binary,103,2815,16,0.005683836589698046,0.7201,0.0497185364,0.9947666164611078
structured,binary,104,2799,13,0.004644515898535191,0.7214,0.0497185364,0.9950268126310813
structured,binary,105,2786,17,0.006101938262742283,0.7231000000000001,0.0497185364,0.9952740722283069
structured,binary,106,2769,14,0.005055976886962802,0.7245,0.0497185364,0.9955090384402476
structured,binary,107,2755,14,0.005081669691470054,0.7259,0.0497185364,0.9957323224760272
structured,binary,108,2741,8,0.002918642831083546,0.7267000000000001,0.0497185364,0.9959445051563462
structured,binary,109,2733,15,0.005488474204171241,0.7282000000000001,0.0497185364,0.9961461384243505
structured,binary,110,2718,18,0.006622516556291391,0.7300000000000001,0.0497185364,0.99633774678138
structured,binary,111,2700,11,0.004074074074074074,0.7311000000000001,0.0497185364,0.9965198286513359
structured,binary,112,2688,16,0.005952380952380952,0.7327005952380954,0.0497185364,0.9966928576772127
structured,binary,113,2672,19,0.007110778443113772,0.7346013020833335,0.0497185364,0.9968572839531682
structured,binary,114,2653,8,0.003015454202789295,0.7354015997023811,0.0497185364,0.9970135351953375
structured,binary,115,2643,11,0.004161937192584185,0.736502841625678,0.0497185364,0.9971620178544354
structured,binary,116,2630,19,0.007224334600760456,0.7384064332641236,0.0497185364,0.9973031181730422
structured,binary,117,2609,12,0.0045994633959371405,0.739609623298938,0.0497185364,0.9974372031903224
structured,binary,118,2593,15,0.005784805244890089,0.7411159309157971,0.0497185364,0.99756462169679
structured,binary,119,2577,11,0.004268529297632906,0.7422209851493735,0.0497185364,0.997685705141606
structured,binary,120,2561,15,0.005857087075361187,0.7437308192855544,0.0497185364,0.9978007684947634
structured,binary,121,2544,14,0.00550314465408805,0.7451411056574107,0.0497185364,0.9979101110664085
structured,binary,122,2525,14,0.005544554455445544,0.7465541846755478,0.0497185364,0.9980140172854253
structured,binary,123,2505,15,0.005988023952095809,0.7480718242882691,0.0497185364,0.9981127574393096
structured,binary,124,2484,14,0.005636070853462158,0.7494917093365638,0.0497185364,0.998206588377259
structured,binary,125,2464,11,0.004464285714285714,0.7506100499198828,0.0497185364,0.9982957541783044
structured,binary,126,2441,10,0.004096681687832855,0.7516317211615056,0.0497185364,0.9983804867862249
structured,binary,127,2420,12,0.0049586776859504135,0.7528632994036799,0.0497185364,0.9984610066128943
structured,binary,128,2400,14,0.005833333333333334,0.7543049301571584,0.0497185364,0.9985375231116305
structured,binary,129,2374,15,0.006318449873631003,0.7558573421401587,0.0497185364,0.998610235322039
structured,binary,130,2346,9,0.0038363171355498722,0.756793950802025,0.0497185364,0.9986793323877676
structured,binary,131,2319,16,0.0068995256576110395,0.7584719571785526,0.0497185364,0.9987449940485187
structured,binary,132,2291,10,0.004364906154517678,0.7595262044191526,0.0497185364,0.9988073911075996
structured,binary,133,2259,14,0.00619743249225321,0.7610165245334208,0.0497185364,0.9988666858762274
structured,binary,134,2222,7,0.0031503150315031502,0.7617693977684641,0.0497185364,0.9989230325957428
structured,binary,135,2189,8,0.003654636820465966,0.7626400440991412,0.0497185364,0.998976577838833
structured,binary,136,2157,12,0.005563282336578581,0.7639605445492155,0.0497185364,0.9990274608908055
structured,binary,137,2119,10,0.004719207173194903,0.7650744636405359,0.0497185364,0.9990758141119065
structured,binary,138,2081,9,0.004324843825084094,0.7660904798958147,0.0497185364,0.999121763281624
structured,binary,139,2052,8,0.003898635477582846,0.7670024078494373,0.0497185364,0.9991654279258744
structured,binary,140,2024,6,0.0029644268774703555,0.7676931121739943,0.0497185364,0.9992069216279202
structured,binary,141,1994,10,0.0050150451354062184,0.7688581417017074,0.0497185364,0.9992463523238305
structured,binary,142,1963,14,0.007131940906775344,0.7705066317761731,0.0497185364,0.999283822583251
structured,binary,143,1929,11,0.005702436495593572,0.7718153031346293,0.0497185364,0.9993194298762145
structured,binary,144,1891,7,0.0037017451084082496,0.7726599847200644,0.0497185364,0.9993532668266866
structured,binary,145,1863,6,0.00322061191626409,0.7733921586823186,0.0497185364,0.9993854214535051
structured,binary,146,1834,16,0.008724100327153763,0.7753691082248937,0.0497185364,0.9994159773993396
structured,binary,147,1797,5,0.0027824151363383415,0.775994124618258,0.0497185364,0.999445014148269
structured,binary,148,1764,8,0.0045351473922902496,0.7770100242798532,0.0497185364,0.9994726072325398
structured,binary,149,1731,6,0.0034662045060658577,0.7777829531385019,0.0497185364,0.9994988284290458
structured,binary,150,1687,11,0.006520450503852994,0.7792319083936746,0.0497185364,0.999523745946039
structured,binary,151,1637,11,0.006719609040928528,0.780715383657981,0.0497185364,0.9995474246005565
structured,binary,152,1589,7,0.004405286343612335,0.7816813951837168,0.0497185364,0.9995699259870274
structured,binary,153,1536,7,0.004557291666666667,0.7826763367421243,0.0497185364,0.9995913086374961
structured,binary,154,1490,7,0.004697986577181208,0.7836973203950137,0.0497185364,0.9996116281738792
structured,binary,155,1422,6,0.004219409282700422,0.7846099899292119,0.0497185364,0.9996309374526529
structured,binary,156,1363,4,0.00293470286133529,0.7852420956080697,0.0497185364,0.999649286702347
structured,binary,157,1293,5,0.0038669760247486465,0.7860725592754786,0.0497185364,0.9996667236542024
structured,binary,158,1214,4,0.0032948929159802307,0.7867774272844555,0.0497185364,0.9996832936663321
structured,binary,159,1137,3,0.002638522427440633,0.7873400198246021,0.0497185364,0.9996990398417107
structured,binary,160,1046,6,0.0057361376673040155,0.7885598667472143,0.0497185364,0.9997140031402956
structured,binary,161,954,4,0.0041928721174004195,0.7894464081864294,0.0497185364,0.999728222485575
structured,binary,162,870,5,0.005747126436781609,0.7906564863003005,0.0497185364,0.9997417348658187
structured,binary,163,792,5,0.006313131313131313,0.7919780993918389,0.0497185364,0.9997545754302933
structured,binary,164,724,4,0.0055248618784530384,0.7931273916603924,0.0497185364,0.9997667775806958
structured,binary,165,654,4,0.0061162079510703364,0.7943926675523777,0.0497185364,0.9997783730580393
structured,binary,166,572,7,0.012237762237762238,0.7969088412012122,0.0497185364,0.9997893920252203
structured,binary,167,484,3,0.006198347107438017,0.798167670697899,0.0497185364,0.9997998631454805
structured,binary,168,429,6,0.013986013986013986,0.800990500478348,0.0497185364,0.999809813656967
structured,binary,169,360,0,0.0,0.800990500478348,0.0497185364,0.9998192694435858
structured,binary,170,303,2,0.006600660066006601,0.8023040945345965,0.0497185364,0.9998282551023335
structured,binary,171,254,0,0.0,0.8023040945345965,0.0497185364,0.9998367940072797
structured,binary,172,206,1,0.0048543689320388345,0.803263783396079,0.0497185364,0.9998449083703694
structured,binary,173,166,2,0.012048192771084338,0.8056340992587768,0.0497185364,0.9998526192992025
structured,binary,174,137,1,0.0072992700729927005,0.8070528284612675,0.0497185364,0.9998599468519398
structured,binary,175,116,1,0.008620689655172414,0.8087161661469462,0.0497185364,0.9998669100894796
structured,binary,176,86,0,0.0,0.8087161661469462,0.0497185364,0.9998735271250403
structured,binary,177,64,0,0.0,0.8087161661469462,0.0497185364,0.9998798151712776
structured,binary,178,49,0,0.0,0.8087161661469462,0.0497185364,0.9998857905850591
structured,binary,179,35,0,0.0,0.8087161661469462,0.0497185364,0.999891468910013
structured,binary,180,22,0,0.0,0.8087161661469462,0.0497185364,0.9998968649169612
structured,binary,181,16,0,0.0,0.8087161661469462,0.0497185364,0.9999019926423413
structured,binary,182,11,0,0.0,0.8087161661469462,0.0497185364,0.9999068654247205
structured,binary,183,6,0,0.0,0.8087161661469462,0.0497185364,0.9999114959394917
structured,binary,184,4,0,0.0,0.8087161661469462,0.0497185364,0.9999158962318456
structured,binary,185,1,0,0.0,0.8087161661469462,0.0497185364,0.999920077748104
structured,score,1,10000,1059,0.1059,0.1059,0.0497185364,0.04971853640000001
structured,score,2,8941,1016,0.11363382172016553,0.20750000000000002,0.0497185364,0.09696513993824185
structured,score,3,7925,767,0.09678233438485805,0.2842,0.0497185364,0.14186271149869134
structured,score,4,7158,520,0.0726459905001397,0.33620000000000005,0.0497185364,0.18452804151324098
structured,score,5,6638,369,0.05558903284121723,0.3731,0.0497185364,0.22507211376444425
structured,score,6,6269,267,0.042590524804594035,0.39979999999999993,0.0497185364,0.2636003940836218
structured,score,7,6002,191,0.03182272575808064,0.41889999999999994,0.0497185364,0.3002131046953208
structured,score,8,5811,146,0.02512476337979694,0.4335,0.0497185364,0.3350054849217695
structured,score,9,5665,106,0.018711385701676964,0.44410000000000005,0.0497185364,0.3680680389254869
structured,score,10,5559,95,0.017089404569167115,0.4536,0.0497185364,0.3994867711344935
structured,score,11,5464,77,0.014092240117130308,0.46130000000000004,0.0497185364,0.42934340996252474
structured,score,12,5387,68,0.0126229812511602,0.46810000000000007,0.0497185364,0.45771562040620284
structured,score,13,5319,70,0.01316036849031773,0.4751000000000001,0.0497185364,0.48467720607218845
structured,score,14,5249,57,0.010859211278338731,0.4808000000000001,0.0497185364,0.5102983011598381
structured,score,15,5192,52,0.010015408320493066,0.4860000000000001,0.0497185364,0.5346455528987645
structured,score,16,5140,42,0.008171206225680934,0.4902000000000001,0.0497185364,0.5577822949158691
structured,score,17,5098,47,0.009219301686936054,0.4949000000000001,0.0497185364,0.579768711982819
structured,score,18,5051,34,0.006731340328647793,0.4983000000000001,0.0497185364,0.6006619965725201
structured,score,19,5017,31,0.006178991429140921,0.5014000000000001,0.0497185364,0.6205164976318326
structured,score,20,4986,31,0.006217408744484557,0.5045000000000001,0.0497185364,0.6393838619575238
structured,score,21,4955,30,0.006054490413723511,0.5075000000000001,0.0497185364,0.6573131685432161
structured,score,22,4925,30,0.006091370558375634,0.5105000000000001,0.0497185364,0.6743510562468009
structured,score,23,4895,40,0.008171603677221655,0.5145000000000001,0.0497185364,0.6905418451104158
structured,score,24,4855,30,0.006179196704428424,0.5175000000000001,0.0497185364,0.7059276516485704
structured,score,25,4825,21,0.004352331606217617,0.5196000000000001,0.0497185364,0.7205484984043145
structured,score,26,4804,34,0.007077435470441299,0.523,0.0497185364,0.7344424180584342
structured,score,27,4770,34,0.007127882599580713,0.5264,0.0497185364,0.747645552362492
structured,score,28,4736,44,0.009290540540540541,0.5308,0.0497185364,0.7601922461530592
structured,score,29,4692,23,0.004901960784313725,0.5331,0.0497185364,0.7721151366917007
structured,score,30,4669,23,0.0049261083743842365,0.5354000000000001,0.0497185364,0.7834452385631034
structured,score,31,4646,32,0.006887645286267757,0.5386,0.0497185364,0.7942120243521971
structured,score,32,4614,22,0.004768097095795405,0.5408,0.0497185364,0.8044435013101247
structured,score,33,4592,21,0.004573170731707317,0.5428999999999999,0.0497185364,0.8141662842084938
structured,score,34,4571,31,0.006781885801793918,0.546,0.0497185364,0.8234056645714211
structured,score,35,4540,18,0.003964757709251102,0.5478,0.0497185364,0.8321856764654607
structured,score,36,4522,22,0.004865103936311367,0.5499999999999999,0.0497185364,0.840529159018554
structured,score,37,4500,34,0.007555555555555556,0.5533999999999999,0.0497185364,0.8484578158306286
structured,score,38,4466,25,0.005597850425436633,0.5559,0.0497185364,0.855992271430389
structured,score,39,4441,25,0.005629362756136005,0.5584,0.0497185364,0.8631521249251586
structured,score,40,4416,29,0.006567028985507246,0.5612999999999999,0.0497185364,0.8699560009833297
structured,score,41,4387,30,0.006838386140870754,0.5642999999999999,0.0497185364,0.8764215982820416
structured,score,42,4357,18,0.004131282992885013,0.5660999999999999,0.0497185364,0.8825657355461097
structured,score,43,4339,24,0.0055312283936390875,0.5685,0.0497185364,0.8884043952979678
structured,score,44,4315,16,0.0037079953650057938,0.5700999999999999,0.0497185364,0.8939527654324257
structured,score,45,4299,29,0.006745754826703885,0.573,0.0497185364,0.8992252787243931
structured,score,46,4270,26,0.006088992974238876,0.5756,0.0497185364,0.9042356503723341
structured,score,47,4244,30,0.00706880301602262,0.5786,0.0497185364,0.9089969136751196
structured,score,48,4214,14,0.0033222591362126247,0.5800000000000001,0.0497185364,0.9135214539350754
structured,score,49,4200,20,0.004761904761904762,0.5820000000000001,0.0497185364,0.9178210406754235
structured,score,50,4180,22,0.005263157894736842,0.5842,0.0497185364,0.9219068582559166
structured,score,51,4158,23,0.005531505531505531,0.5865,0.0497185364,0.9257895349663101
structured,score,52,4135,23,0.005562273276904474,0.5888,0.0497185364,0.9294791706733486
structured,score,53,4112,13,0.00316147859922179,0.5901,0.0497185364,0.9329853630931839
structured,score,54,4099,19,0.004635276896804099,0.592,0.0497185364,0.9363172327575682
structured,score,55,4080,15,0.003676470588235294,0.5934999999999999,0.0497185364,0.9394834467387638
structured,score,56,4065,20,0.004920049200492005,0.5954999999999999,0.0497185364,0.9424922411948851
structured,score,57,4045,21,0.00519159456118665,0.5975999999999999,0.0497185364,0.9453514427943196
structured,score,58,4024,17,0.004224652087475149,0.5992999999999999,0.0497185364,0.9480684890749578
structured,score,59,4007,17,0.004242575492887447,0.601,0.0497185364,0.9506504477911915
structured,score,60,3990,18,0.004511278195488722,0.6027999999999999,0.0497185364,0.9531040352990088
structured,score,61,3972,17,0.0042799597180261835,0.6044999999999998,0.0497185364,0.9554356340270082
structured,score,62,3955,17,0.0042983565107458915,0.6061999999999999,0.0497185364,0.9576513090787793
structured,score,63,3938,13,0.003301168105637379,0.6074999999999999,0.0497185364,0.9597568240098383
structured,score,64,3925,27,0.006878980891719746,0.6101999999999999,0.0497185364,0.9617576558201568
structured,score,65,3898,13,0.0033350436121087736,0.6114999999999999,0.0497185364,0.9636590092012837
structured,score,66,3885,17,0.004375804375804376,0.6132,0.0497185364,0.9654658300751217
structured,score,67,3868,16,0.004136504653567736,0.6148,0.0497185364,0.9671828184595755
structured,score,68,3852,17,0.004413291796469367,0.6164999999999999,0.0497185364,0.9688144406945386
structured,score,69,3835,13,0.003389830508474576,0.6177999999999999,0.0497185364,0.9703649410600215
structured,score,70,3822,12,0.0031397174254317113,0.619,0.0497185364,0.971838352816645
structured,score,71,3810,20,0.005249343832020997,0.621,0.0497185364,0.9732385086972145
structured,score,72,3790,11,0.0029023746701846965,0.6220999999999999,0.0497185364,0.9745690508766703
structured,score,73,3779,12,0.0031754432389521038,0.6233,0.0497185364,0.9758334404463452
structured,score,74,3767,16,0.004247411733474914,0.6249,0.0497185364,0.9770349664171764
structured,score,75,3751,14,0.003732338043188483,0.6263,0.0497185364,0.9781767542752912
structured,score,76,3737,13,0.0034787262510034785,0.6275999999999999,0.0497185364,0.9792617741122213
structured,score,77,3724,16,0.004296455424274973,0.6292,0.0497185364,0.9802928483508943
structured,score,78,3708,14,0.0037756202804746495,0.6305999999999999,0.0497185364,0.9812726590875006
structured,score,79,3694,13,0.003519220357336221,0.6318999999999999,0.0497185364,0.9822037550683339
structured,score,80,3681,17,0.004618310241782124,0.6335999999999999,0.0497185364,0.9830885583197523
structured,score,81,3664,18,0.0049126637554585155,0.6354,0.0497185364,0.9839293704485081
structured,score,82,3646,16,0.004388370817334065,0.637,0.0497185364,0.9847283786288349
structured,score,83,3630,21,0.005785123966942148,0.6391,0.0497185364,0.9854876612918642
structured,score,84,3609,18,0.004987531172069825,0.6409,0.0497185364,0.9862091935321737
structured,score,85,3591,21,0.005847953216374269,0.643,0.0497185364,0.9868948522455298
structured,score,86,3570,11,0.0030812324929971988,0.6441,0.0497185364,0.9875464210111877
structured,score,87,3559,14,0.003933689238550154,0.6455,0.0497185364,0.9881655947314533
structured,score,88,3545,25,0.007052186177715092,0.648,0.0497185364,0.9887539840405699
structured,score,89,3520,14,0.003977272727272727,0.6494,0.0497185364,0.9893131194944038
structured,score,90,3506,13,0.0037079292641186536,0.6507000000000001,0.0497185364,0.9898444555518238
structured,score,91,3493,21,0.006012024048096192,0.6528,0.0497185364,0.9903493743581322
structured,score,92,3472,13,0.0037442396313364054,0.6541000000000001,0.0497185364,0.9908291893403902
structured,score,93,3459,11,0.003180109858340561,0.6552,0.0497185364,0.9912851486239875
structured,score,94,3448,15,0.004350348027842227,0.6567000000000001,0.0497185364,0.9917184382793464
structured,score,95,3433,11,0.003204194581998252,0.6578,0.0497185364,0.9921301854072035
structured,score,96,3422,16,0.004675628287551139,0.6594,0.0497185364,0.9925214610704968
structured,score,97,3406,16,0.004697592483852026,0.661,0.0497185364,0.9928932830804821
structured,score,98,3390,16,0.00471976401179941,0.6626000000000001,0.0497185364,0.9932466186443296
structured,score,99,3374,15,0.004445761707172495,0.6641,0.0497185364,0.9935823868810846
structured,score,100,3359,14,0.004167907115212861,0.6655,0.0497185364,0.9939014612125385
structured,score,101,3345,22,0.006576980568011958,0.6677,0.0497185364,0.9942046716352297
structured,score,102,3323,18,0.005416792055371652,0.6695,0.0497185364,0.9944928068794835
structured,score,103,3305,16,0.004841149773071104,0.6711,0.0497185364,0.9947666164611078
structured,score,104,3289,19,0.005776831863788386,0.673,0.0497185364,0.9950268126310813
structured,score,105,3270,15,0.0045871559633027525,0.6745,0.0497185364,0.9952740722283069
structured,score,106,3255,14,0.004301075268817204,0.6759,0.0497185364,0.9955090384402476
structured,score,107,3241,7,0.0021598272138228943,0.6766,0.0497185364,0.9957323224760272
structured,score,108,3234,12,0.0037105751391465678,0.6778,0.0497185364,0.9959445051563462
structured,score,109,3222,12,0.0037243947858473,0.6789999999999999,0.0497185364,0.9961461384243505
structured,score,110,3210,24,0.007476635514018692,0.6814,0.0497185364,0.99633774678138
structured,score,111,3186,20,0.006277463904582548,0.6834,0.0497185364,0.9965198286513359
structured,score,112,3166,17,0.005369551484523057,0.6850999999999999,0.0497185364,0.9966928576772127
structured,score,113,3149,17,0.005398539218799619,0.6867999999999999,0.0497185364,0.9968572839531682
structured,score,114,3132,20,0.006385696040868455,0.6887999999999999,0.0497185364,0.9970135351953375
structured,score,115,3112,8,0.002570694087403599,0.6896,0.0497185364,0.9971620178544354
structured,score,116,3104,14,0.004510309278350515,0.691,0.0497185364,0.9973031181730422
structured,score,117,3090,9,0.002912621359223301,0.6919,0.0497185364,0.9974372031903224
structured,score,118,3081,9,0.0029211295034079843,0.6928,0.0497185364,0.99756462169679
structured,score,119,3072,12,0.00390625,0.694,0.0497185364,0.997685705141606
structured,score,120,3060,14,0.004575163398692811,0.6954,0.0497185364,0.9978007684947634
structured,score,121,3046,19,0.00623768877216021,0.6973,0.0497185364,0.9979101110664085
structured,score,122,3027,17,0.0056161215725140405,0.699,0.0497185364,0.9980140172854253
structured,score,123,3010,14,0.004651162790697674,0.7003999999999999,0.0497185364,0.9981127574393096
structured,score,124,2996,10,0.0033377837116154874,0.7014,0.0497185364,0.998206588377259
structured,score,125,2986,15,0.005023442732752847,0.7029,0.0497185364,0.9982957541783044
structured,score,126,2971,11,0.003702457085156513,0.704,0.0497185364,0.9983804867862249
structured,score,127,2960,6,0.002027027027027027,0.7045999999999999,0.0497185364,0.9984610066128943
structured,score,128,2954,9,0.003046716316858497,0.7055,0.0497185364,0.9985375231116305
structured,score,129,2945,16,0.005432937181663837,0.7071,0.0497185364,0.998610235322039
structured,score,130,2929,14,0.004779788323659952,0.7084999999999999,0.0497185364,0.9986793323877676
structured,score,131,2915,18,0.0061749571183533445,0.7102999999999999,0.0497185364,0.9987449940485187
structured,score,132,2897,9,0.0031066620642043494,0.7112,0.0497185364,0.9988073911075996
structured,score,133,2888,16,0.00554016620498615,0.7128,0.0497185364,0.9988666858762274
structured,score,134,2872,10,0.003481894150417827,0.7138,0.0497185364,0.9989230325957428
structured,score,135,2862,16,0.005590496156533892,0.7154,0.0497185364,0.998976577838833
structured,score,136,2846,16,0.005621925509486999,0.717,0.0497185364,0.9990274608908055
structured,score,137,2830,13,0.004593639575971731,0.7182999999999999,0.0497185364,0.9990758141119065
structured,score,138,2816,9,0.0031960227272727275,0.7192003196022727,0.0497185364,0.999121763281624
structured,score,139,2804,24,0.008559201141226819,0.721603740547189,0.0497185364,0.9991654279258744
structured,score,140,2780,12,0.004316546762589928,0.7228054510196472,0.0497185364,0.9992069216279202
structured,score,141,2767,8,0.0028912179255511385,0.7236068808685243,0.0497185364,0.9992463523238305
structured,score,142,2756,10,0.00362844702467344,0.724609758659277,0.0497185364,0.999283822583251
structured,score,143,2740,8,0.00291970802919708,0.7254138177580821,0.0497185364,0.9993194298762145
structured,score,144,2729,12,0.004397215097105167,0.7266212322640928,0.0497185364,0.9993532668266866
structured,score,145,2716,11,0.004050073637702504,0.7277284364044075,0.0497185364,0.9993854214535051
structured,score,146,2701,5,0.0018511662347278786,0.7282324563296123,0.0497185364,0.9994159773993396
structured,score,147,2689,13,0.004834510970621049,0.7295463195009455,0.0497185364,0.999445014148269
structured,score,148,2672,14,0.005239520958083832,0.7309633672281111,0.0497185364,0.9994726072325398
structured,score,149,2648,10,0.0037764350453172208,0.731979366596585,0.0497185364,0.9994988284290458
structured,score,150,2628,18,0.00684931506849315,0.733815124359622,0.0497185364,0.999523745946039
structured,score,151,2602,5,0.001921598770176787,0.7343266248892923,0.0497185364,0.9995474246005565
structured,score,152,2590,13,0.005019305019305019,0.7356601205944813,0.0497185364,0.9995699259870274
structured,score,153,2570,13,0.005058365758754864,0.7369972483891395,0.0497185364,0.9995913086374961
structured,score,154,2541,11,0.004329004329004329,0.738135788439403,0.0497185364,0.9996116281738792
structured,score,155,2524,7,0.0027733755942947703,0.7388620362527644,0.0497185364,0.9996309374526529
structured,score,156,2504,14,0.005591054313099041,0.7403220727912873,0.0497185364,0.999649286702347
structured,score,157,2476,7,0.002827140549273021,0.7410562187890501,0.0497185364,0.9996667236542024
structured,score,158,2453,14,0.005707297187117815,0.7425340879031771,0.0497185364,0.9996832936663321
structured,score,159,2428,5,0.002059308072487644,0.7430642895343484,0.0497185364,0.9996990398417107
structured,score,160,2408,14,0.005813953488372093,0.7445581018044977,0.0497185364,0.9997140031402956
structured,score,161,2374,12,0.005054759898904802,0.7458492992679964,0.0497185364,0.999728222485575
structured,score,162,2346,13,0.005541346973572037,0.7472576364843289,0.0497185364,0.9997417348658187
structured,score,163,2311,10,0.004327131112072695,0.7483512858288364,0.0497185364,0.9997545754302933
structured,score,164,2276,12,0.005272407732864675,0.7496780804553979,0.0497185364,0.9997667775806958
structured,score,165,2248,6,0.0026690391459074734,0.7503461994577411,0.0497185364,0.9997783730580393
structured,score,166,2230,13,0.005829596412556054,0.7518015803577632,0.0497185364,0.9997893920252203
structured,score,167,2194,13,0.005925250683682771,0.7532722182134374,0.0497185364,0.9997998631454805
structured,score,168,2159,5,0.002315886984715146,0.7538436118720445,0.0497185364,0.999809813656967
structured,score,169,2118,6,0.0028328611898017,0.7545409387505939,0.0497185364,0.9998192694435858
structured,score,170,2089,11,0.005265677357587362,0.7558334469716296,0.0497185364,0.9998282551023335
structured,score,171,2037,9,0.004418262150220913,0.7569122388112247,0.0497185364,0.9998367940072797
structured,score,172,1981,4,0.0020191822311963654,0.7574030772992384,0.0497185364,0.9998449083703694
structured,score,173,1922,6,0.003121748178980229,0.7581604038009058,0.0497185364,0.9998526192992025
structured,score,174,1868,6,0.0032119914346895075,0.758937190512466,0.0497185364,0.9998599468519398
structured,score,175,1800,6,0.0033333333333333335,0.7597407332107577,0.0497185364,0.9998669100894796
structured,score,176,1727,6,0.003474232773595831,0.7605754498295971,0.0497185364,0.9998735271250403
structured,score,177,1644,5,0.0030413625304136255,0.7613036266853465,0.0497185364,0.9998798151712776
structured,score,178,1543,4,0.002592352559948153,0.7619224118397591,0.0497185364,0.9998857905850591
structured,score,179,1450,3,0.0020689655172413794,0.7624149861600906,0.0497185364,0.999891468910013
structured,score,180,1339,5,0.0037341299477221808,0.7633021594754001,0.0497185364,0.9998968649169612
structured,score,181,1223,3,0.0024529844644317253,0.7638827756009716,0.0497185364,0.9999019926423413
structured,score,182,1092,1,0.0009157509157509158,0.7640990001654395,0.0497185364,0.9999068654247205
structured,score,183,989,3,0.003033367037411527,0.7648145744824302,0.0497185364,0.9999114959394917
structured,score,184,863,3,0.0034762456546929316,0.7656321367959327,0.0497185364,0.9999158962318456
structured,score,185,744,2,0.002688172043010753,0.766262157933578,0.0497185364,0.999920077748104
structured,score,186,634,2,0.0031545741324921135,0.7669995012839453,0.0497185364,0.999924051365494
structured,score,187,544,3,0.0055147058823529415,0.7682844305048059,0.0497185364,0.9999278274204433
structured,score,188,463,3,0.0064794816414686825,0.7697858272833925,0.0497185364,0.999931415735467
structured,score,189,374,1,0.00267379679144385,0.770401373199747,0.0497185364,0.9999348256447197
structured,score,190,313,0,0.0,0.770401373199747,0.0497185364,0.9999380660182751
structured,score,191,240,0,0.0,0.770401373199747,0.0497185364,0.9999411452851998
structured,score,192,182,0,0.0,0.770401373199747,0.0497185364,0.9999440714554799
structured,score,193,144,1,0.006944444444444444,0.7719958081080821,0.0497185364,0.9999468521408564
structured,score,194,101,0,0.0,0.7719958081080821,0.0497185364,0.9999494945746258
structured,score,195,75,0,0.0,0.7719958081080821,0.0497185364,0.9999520056304557
structured,score,196,50,0,0.0,0.7719958081080821,0.0497185364,0.9999543918402649
structured,score,197,36,0,0.0,0.7719958081080821,0.0497185364,0.9999566594112148
structured,score,198,25,0,0.0,0.7719958081080821,0.0497185364,0.999958814241856
structured,score,199,17,0,0.0,0.7719958081080821,0.0497185364,0.9999608619374714
structured,score,200,10,0,0.0,0.7719958081080821,0.0497185364,0.9999628078246579
structured,score,201,6,0,0.0,0.7719958081080821,0.0497185364,0.9999646569651813
structured,score,202,2,0,0.0,0.7719958081080821,0.0497185364,0.9999664141691444
structured,score,203,1,0,0.0,0.7719958081080821,0.0497185364,0.9999680840074984
unstructured,random,1,10000,540,0.054,0.05400000000000005,0.0515279453,0.051527945300000044
unstructured,random,2,9460,466,0.0492600422832981,0.10060000000000002,0.0515279453,0.10040076145316024
unstructured,random,3,8994,463,0.051478763620191235,0.14690000000000003,0.0515279453,0.1467552618089235
unstructured,random,4,8531,428,0.0501699683507209,0.18969999999999998,0.0515279453,0.19072121000594622
unstructured,random,5,8103,427,0.052696532148586946,0.23239999999999994,0.0515279453,0.23242168322920997
unstructured,random,6,7676,396,0.05158936946326212,0.2719999999999999,0.0515279453,0.27197341674924136
unstructured,random,7,7280,380,0.0521978021978022,0.30999999999999994,0.0515279453,0.30948713070793243
unstructured,random,8,6900,366,0.05304347826086957,0.3465999999999999,0.0515279453,0.3450678400657602
unstructured,random,9,6534,298,0.045607591062136514,0.37639999999999996,0.0515279453,0.37881514857806253
unstructured,random,10,6236,328,0.05259781911481719,0.4092,0.0515279453,0.41082352762332075
unstructured,random,11,5908,301,0.0509478672985782,0.4393,0.0515279453,0.4411825806639933
unstructured,random,12,5607,316,0.05635812377385411,0.4709,0.0515279453,0.46997729408022626
unstructured,random,13,5291,283,0.05348705348705349,0.4992,0.0515279453,0.4972882750786184
unstructured,random,14,5008,265,0.052915335463258786,0.5257,0.0515279453,0.5231919773420359
unstructured,random,15,4743,246,0.05186590765338393,0.5503,0.0515279453,0.5477609150521567
unstructured,random,16,4497,249,0.05537024683122081,0.5751999999999999,0.0515279453,0.5710638658838713
unstructured,random,17,4248,205,0.04825800376647834,0.5957,0.0515279453,0.5931660635398006
unstructured,random,18,4043,204,0.0504575810042048,0.6161000000000001,0.0515279453,0.6141293803639054
unstructured,random,19,3839,192,0.05001302422505861,0.6353,0.0515279453,0.6340125005453913
unstructured,random,20,3647,189,0.05182341650671785,0.6542,0.0515279453,0.6528710843977721
unstructured,random,21,3458,180,0.05205320994794679,0.6722,0.0515279453,0.6707579241729721
unstructured,random,22,3278,191,0.05826723611958511,0.6913,0.0515279453,0.6877230918466457
unstructured,random,23,3087,130,0.04211208292840946,0.7043,0.0515279453,0.7038140792884249
unstructured,random,24,2957,134,0.045316198850186,0.7177,0.0515279453,0.719075931209481
unstructured,random,25,2823,135,0.04782146652497343,0.7312000000000001,0.0515279453,0.7335513712595723
unstructured,random,26,2688,137,0.050967261904761904,0.7449000000000001,0.0515279453,0.7472809216265691
unstructured,random,27,2551,128,0.05017640141121129,0.7577,0.0515279453,0.7603030164732617
unstructured,random,28,2423,128,0.052827073875361126,0.7705000000000001,0.0515279453,0.7726541095290025
unstructured,random,29,2295,123,0.05359477124183006,0.7828,0.0515279453,0.7843687761373719
unstructured,random,30,2172,101,0.046500920810313075,0.7929,0.0515279453,0.7954798100455374
unstructured,random,31,2071,95,0.045871559633027525,0.8024,0.0515279453,0.8060183152062566
unstructured,random,32,1976,85,0.0430161943319838,0.8109000000000001,0.0515279453,0.8160137928495104
unstructured,random,33,1891,106,0.05605499735589635,0.8215,0.0515279453,0.8254942240675154
unstructured,random,34,1785,80,0.04481792717086835,0.8295,0.0515279453,0.8344861481442984
unstructured,random,35,1705,83,0.04868035190615836,0.8378,0.0515279453,0.8430147368491113
unstructured,random,36,1622,68,0.04192355117139334,0.8446,0.0515279453,0.8511038649016565
unstructured,random,37,1554,91,0.05855855855855856,0.8537,0.0515279453,0.8587761768063853
unstructured,random,38,1463,55,0.03759398496240601,0.8592,0.0515279453,0.8660531502429628
unstructured,random,39,1408,85,0.060369318181818184,0.8677,0.0515279453,0.8729551561903507
unstructured,random,40,1323,79,0.05971277399848828,0.8756,0.0515279453,0.8795015159528213
unstructured,random,41,1244,73,0.058681672025723476,0.8829,0.0515279453,0.8857105552475373
unstructured,random,42,1171,57,0.04867634500426986,0.8886000000000001,0.0515279453,0.8915996555051096
unstructured,random,43,1114,60,0.05385996409335727,0.8946000000000001,0.0515279453,0.8971853025267434
unstructured,random,44,1054,56,0.05313092979127135,0.9002,0.0515279453,0.9024831326341815
unstructured,random,45,998,40,0.04008016032064128,0.9042,0.0515279453,0.9075079764416347
unstructured,random,46,958,55,0.05741127348643006,0.9097,0.0515279453,0.9122739003722365
unstructured,random,47,903,61,0.06755260243632337,0.9158,0.0515279453,0.9167942460352383
unstructured,random,48,842,34,0.040380047505938245,0.9192,0.0515279453,0.9210816675741798
unstructured,random,49,808,45,0.055693069306930694,0.9237,0.0515279453,0.9251481670905847
unstructured,random,50,763,39,0.05111402359108781,0.9276,0.0515279453,0.9290051282423457
unstructured,random,51,724,44,0.06077348066298342,0.932,0.0515279453,0.9326633481108547
unstructured,random,52,680,39,0.057352941176470586,0.9359,0.0515279453,0.9361330674260837
unstructured,random,53,641,35,0.054602184087363496,0.9394,0.0515279453,0.9394239992342313
unstructured,random,54,606,16,0.026402640264026403,0.9410000000000001,0.0515279453,0.9425453560881826
unstructured,random,55,590,32,0.05423728813559322,0.9442,0.0515279453,0.9455058758369016
unstructured,random,56,558,24,0.043010752688172046,0.9466,0.0515279453,0.9483138460859492
unstructured,random,57,534,20,0.03745318352059925,0.9486,0.0515279453,0.9509771273975998
unstructured,random,58,514,32,0.0622568093385214,0.9518,0.0515279453,0.9535031752955051
unstructured,random,59,482,22,0.04564315352697095,0.954,0.0515279453,0.955899061135502
unstructured,random,60,460,25,0.05434782608695652,0.9565,0.0515279453,0.9581714919009905
unstructured,random,61,435,29,0.06666666666666667,0.9594,0.0515279453,0.9603268289782969
unstructured,random,62,406,16,0.03940886699507389,0.961,0.0515279453,0.9623711059645808
unstructured,random,63,390,17,0.04358974358974359,0.9627,0.0515279453,0.9643100455581374
unstructured,random,64,373,19,0.05093833780160858,0.9646,0.0515279453,0.9661490755783771
unstructured,random,65,354,16,0.04519774011299435,0.9662,0.0515279453,0.9678933441603289
unstructured,random,66,338,20,0.05917159763313609,0.9682,0.0515279453,0.9695477341662014
unstructured,random,67,318,15,0.04716981132075472,0.9697,0.0515279453,0.9711168768543464
unstructured,random,68,303,14,0.0462046204620462,0.9711,0.0515279453,0.9726051648438889
unstructured,random,69,289,10,0.03460207612456748,0.9721,0.0515279453,0.9740167644113155
unstructured,random,70,279,13,0.04659498207885305,0.9734,0.0515279453,0.9753556271534463
unstructured,random,71,266,15,0.05639097744360902,0.9749,0.0515279453,0.9766255010494362
unstructured,random,72,251,6,0.02390438247011952,0.9755,0.0515279453,0.9778299409527759
unstructured,random,73,245,12,0.04897959183673469,0.9767,0.0515279453,0.978972318542659
unstructured,random,74,233,12,0.05150214592274678,0.9779,0.0515279453,0.9800558317625787
unstructured,random,75,221,5,0.02262443438914027,0.9784,0.0515279453,0.9810835137725705
unstructured,random,76,216,8,0.037037037037037035,0.9792,0.0515279453,0.9820582414401657
unstructured,random,77,208,17,0.08173076923076923,0.9809,0.0515279453,0.9829827433938226
unstructured,random,78,191,8,0.041884816753926704,0.9817,0.0515279453,0.9838596076613818
unstructured,random,79,183,11,0.060109289617486336,0.9828,0.0515279453,0.9846912889149266
unstructured,random,80,172,13,0.0755813953488372,0.9841,0.0515279453,0.9854801153423318
unstructured,random,81,159,9,0.05660377358490566,0.985,0.0515279453,0.9862282951647344
unstructured,random,82,150,8,0.05333333333333334,0.9858,0.0515279453,0.9869379228181738
unstructured,random,83,142,6,0.04225352112676056,0.9863999999999999,0.0515279453,0.9876109848167033
unstructured,random,84,136,3,0.022058823529411766,0.9867,0.0515279453,0.9882493653133891
unstructured,random,85,133,11,0.08270676691729323,0.9878,0.0515279453,0.988854851374761
unstructured,random,86,122,6,0.04918032786885246,0.9884,0.0515279453,0.9894291379834828
unstructured,random,87,116,10,0.08620689655172414,0.9894,0.0515279453,0.9899738327832437
unstructured,random,88,106,7,0.0660377358490566,0.9901,0.0515279453,0.9904904605791574
unstructured,random,89,99,5,0.050505050505050504,0.9906,0.0515279453,0.9909804676062627
unstructured,random,90,94,4,0.0425531914893617,0.991,0.0515279453,0.9914452255780788
unstructured,random,91,90,3,0.03333333333333333,0.9913,0.0515279453,0.9918860355265454
unstructured,random,92,87,3,0.034482758620689655,0.9916,0.0515279453,0.9923041314440997
unstructured,random,93,84,8,0.09523809523809523,0.9924,0.0515279453,0.9927006837380842
unstructured,random,94,76,6,0.07894736842105263,0.993,0.0515279453,0.9930768025071556
unstructured,random,95,70,2,0.02857142857142857,0.9932,0.0515279453,0.9934335406488679
unstructured,random,96,68,2,0.029411764705882353,0.9934,0.0515279453,0.9937718968071277
unstructured,random,97,66,5,0.07575757575757576,0.9939,0.0515279453,0.9940928181677728
unstructured,random,98,61,2,0.03278688524590164,0.9941,0.0515279453,0.9943972031101009
unstructured,random,99,59,4,0.06779661016949153,0.9945,0.0515279453,0.9946859037217707
unstructured,random,100,55,1,0.01818181818181818,0.9946,0.0515279453,0.9949597281841143
unstructured,random,101,54,3,0.05555555555555555,0.9949,0.0515279453,0.9952194430345404
unstructured,random,102,51,3,0.058823529411764705,0.9952,0.0515279453,0.99546577531236
unstructured,random,103,48,3,0.0625,0.9955,0.0515279453,0.9956994145940427
unstructured,random,104,45,1,0.022222222222222223,0.9956,0.0515279453,0.9959210149235989
unstructured,random,105,44,3,0.06818181818181818,0.9959,0.0515279453,0.9961311966434951
unstructured,random,106,41,1,0.024390243902439025,0.996,0.0515279453,0.9963305481312256
unstructured,random,107,40,3,0.075,0.9963,0.0515279453,0.9965196274464008
unstructured,random,108,37,0,0.0,0.9963,0.0515279453,0.9966989638929663
unstructured,random,109,37,3,0.08108108108108109,0.9966,0.0515279453,0.9968690595009229
unstructured,random,110,34,1,0.029411764705882353,0.9967,0.0515279453,0.9970303904316968
unstructured,random,111,33,1,0.030303030303030304,0.9968,0.0515279453,0.9971834083110948
unstructured,random,112,32,2,0.0625,0.997,0.0515279453,0.9973285414935731
unstructured,random,113,30,2,0.06666666666666667,0.9972,0.0515279453,0.9974661962613635
unstructured,random,114,28,1,0.03571428571428571,0.9973,0.0515279453,0.9975967579618088
unstructured,random,115,27,1,0.037037037037037035,0.9974,0.0515279453,0.9977205920860954
unstructured,random,116,26,0,0.0,0.9974,0.0515279453,0.9978380452923995
unstructured,random,117,24,0,0.0,0.9974,0.0515279453,0.9979494463763138
unstructured,random,118,24,0,0.0,0.9974,0.0515279453,0.9980551071912698
unstructured,random,119,24,3,0.125,0.997725,0.0515279453,0.9981553235215325
unstructured,random,120,20,1,0.05,0.99783875,0.0515279453,0.9982503759102112
unstructured,random,121,19,1,0.05263157894736842,0.9979525,0.0515279453,0.9983405304446054
unstructured,random,122,17,1,0.058823529411764705,0.9980729411764706,0.0515279453,0.9984260395010827
unstructured,random,123,16,1,0.0625,0.9981933823529412,0.0515279453,0.9985071424515752
unstructured,random,124,14,0,0.0,0.9981933823529412,0.0515279453,0.9985840663336711
unstructured,random,125,14,0,0.0,0.9981933823529412,0.0515279453,0.9986570264861782
unstructured,random,126,13,4,0.3076923076923077,0.9987492647058823,0.0515279453,0.9987262271519378
unstructured,random,127,7,0,0.0,0.9987492647058823,0.0515279453,0.9987918620495774
unstructured,random,128,7,1,0.14285714285714285,0.9989279411764705,0.0515279453,0.9988541149158016
unstructured,random,129,6,0,0.0,0.9989279411764705,0.0515279453,0.9989131600197403
unstructured,random,130,5,0,0.0,0.9989279411764705,0.0515279453,0.9989691626507929
unstructured,random,131,5,0,0.0,0.9989279411764705,0.0515279453,0.999022279581336
unstructured,random,132,5,0,0.0,0.9989279411764705,0.0515279453,0.9990726595055877
unstructured,random,133,5,0,0.0,0.9989279411764705,0.0515279453,0.9991204434558583
unstructured,random,134,5,0,0.0,0.9989279411764705,0.0515279453,0.999165765197353
unstructured,random,135,3,0,0.0,0.9989279411764705,0.0515279453,0.9992087516026311
unstructured,random,136,3,0,0.0,0.9989279411764705,0.0515279453,0.9992495230067695
unstructured,random,137,2,1,0.5,0.9994639705882353,0.0515279453,0.9992881935442256
unstructured,random,138,1,0,0.0,0.9994639705882353,0.0515279453,0.9993248714683429
unstructured,random,139,1,0,0.0,0.9994639705882353,0.0515279453,0.9993596594543926
unstructured,nonadaptive,1,10000,442,0.0442,0.04420000000000002,0.0515279453,0.051527945300000044
unstructured,nonadaptive,2,9558,495,0.051789077212806026,0.0937,0.0515279453,0.10040076145316024
unstructured,nonadaptive,3,9063,482,0.053183272647026374,0.14190000000000003,0.0515279453,0.1467552618089235
unstructured,nonadaptive,4,8581,478,0.05570446334925999,0.1897000000000001,0.0515279453,0.19072121000594622
unstructured,nonadaptive,5,8103,411,0.050721954831543875,0.23080000000000012,0.0515279453,0.23242168322920997
unstructured,nonadaptive,6,7692,390,0.05070202808112324,0.26980000000000015,0.0515279453,0.27197341674924136
unstructured,nonadaptive,7,7302,351,0.04806902218570255,0.30490000000000017,0.0515279453,0.30948713070793243
unstructured,nonadaptive,8,6951,345,0.04963314630988347,0.33940000000000015,0.0515279453,0.3450678400657602
unstructured,nonadaptive,9,6606,319,0.048289433848016955,0.3713000000000002,0.0515279453,0.37881514857806253
unstructured,nonadaptive,10,6287,283,0.04501351996182599,0.3996000000000002,0.0515279453,0.41082352762332075
unstructured,nonadaptive,11,6004,328,0.05463024650233178,0.43240000000000023,0.0515279453,0.4411825806639933
unstructured,nonadaptive,12,5676,304,0.053558844256518676,0.4628000000000002,0.0515279453,0.46997729408022626
unstructured,nonadaptive,13,5372,273,0.05081906180193597,0.4901000000000002,0.0515279453,0.4972882750786184
unstructured,nonadaptive,14,5099,259,0.050794273386938614,0.5160000000000002,0.0515279453,0.5231919773420359
unstructured,nonadaptive,15,4840,248,0.0512396694214876,0.5408000000000002,0.0515279453,0.5477609150521567
unstructured,nonadaptive,16,4592,246,0.05357142857142857,0.5654000000000002,0.0515279453,0.5710638658838713
unstructured,nonadaptive,17,4346,235,0.05407271053842614,0.5889000000000002,0.0515279453,0.5931660635398006
unstructured,nonadaptive,18,4111,191,0.046460715154463636,0.6080000000000001,0.0515279453,0.6141293803639054
unstructured,nonadaptive,19,3920,191,0.04872448979591837,0.6271000000000002,0.0515279453,0.6340125005453913
unstructured,nonadaptive,20,3729,167,0.04478412443014213,0.6438000000000001,0.0515279453,0.6528710843977721
unstructured,nonadaptive,21,3562,171,0.048006737787759685,0.6609000000000002,0.0515279453,0.6707579241729721
unstructured,nonadaptive,22,3391,151,0.044529637275140074,0.6760000000000002,0.0515279453,0.6877230918466457
unstructured,nonadaptive,23,3240,155,0.047839506172839504,0.6915000000000002,0.0515279453,0.7038140792884249
unstructured,nonadaptive,24,3085,145,0.04700162074554295,0.7060000000000002,0.0515279453,0.719075931209481
unstructured,nonadaptive,25,2940,149,0.05068027210884354,0.7209000000000001,0.0515279453,0.7335513712595723
unstructured,nonadaptive,26,2791,137,0.049086348978860626,0.7346000000000001,0.0515279453,0.7472809216265691
unstructured,nonadaptive,27,2654,129,0.048605877920120576,0.7475,0.0515279453,0.7603030164732617
unstructured,nonadaptive,28,2525,143,0.056633663366336635,0.7618000000000001,0.0515279453,0.7726541095290025
unstructured,nonadaptive,29,2382,109,0.04575986565910999,0.7727000000000002,0.0515279453,0.7843687761373719
unstructured,nonadaptive,30,2273,117,0.051473823141223056,0.7844000000000001,0.0515279453,0.7954798100455374
unstructured,nonadaptive,31,2156,114,0.05287569573283859,0.7958000000000001,0.0515279453,0.8060183152062566
unstructured,nonadaptive,32,2042,94,0.04603330068560235,0.8052000000000001,0.0515279453,0.8160137928495104
unstructured,nonadaptive,33,1948,95,0.048767967145790556,0.8147000000000001,0.0515279453,0.8254942240675154
unstructured,nonadaptive,34,1853,102,0.05504587155963303,0.8249000000000001,0.0515279453,0.8344861481442984
unstructured,nonadaptive,35,1751,90,0.05139920045688178,0.8339000000000001,0.0515279453,0.8430147368491113
unstructured,nonadaptive,36,1661,73,0.04394942805538832,0.8412000000000001,0.0515279453,0.8511038649016565
unstructured,nonadaptive,37,1588,89,0.05604534005037783,0.8501000000000001,0.0515279453,0.8587761768063853
unstructured,nonadaptive,38,1499,73,0.04869913275517011,0.8574,0.0515279453,0.8660531502429628
unstructured,nonadaptive,39,1426,70,0.04908835904628331,0.8644000000000001,0.0515279453,0.8729551561903507
unstructured,nonadaptive,40,1356,68,0.05014749262536873,0.8712000000000001,0.0515279453,0.8795015159528213
unstructured,nonadaptive,41,1288,63,0.04891304347826087,0.8775000000000001,0.0515279453,0.8857105552475373
unstructured,nonadaptive,42,1225,64,0.052244897959183675,0.8839,0.0515279453,0.8915996555051096
unstructured,nonadaptive,43,1161,63,0.05426356589147287,0.8902000000000001,0.0515279453,0.8971853025267434
unstructured,nonadaptive,44,1098,59,0.05373406193078324,0.8961,0.0515279453,0.9024831326341815
unstructured,nonadaptive,45,1039,55,0.05293551491819057,0.9016000000000001,0.0515279453,0.9075079764416347
unstructured,nonadaptive,46,984,48,0.04878048780487805,0.9064000000000001,0.0515279453,0.9122739003722365
unstructured,nonadaptive,47,936,55,0.05876068376068376,0.9119,0.0515279453,0.9167942460352383
unstructured,nonadaptive,48,881,47,0.053348467650397274,0.9166000000000001,0.0515279453,0.9210816675741798
unstructured,nonadaptive,49,834,47,0.05635491606714628,0.9213,0.0515279453,0.9251481670905847
unstructured,nonadaptive,50,787,45,0.05717916137229987,0.9258000000000001,0.0515279453,0.9290051282423457
unstructured,nonadaptive,51,742,34,0.04582210242587601,0.9292,0.0515279453,0.9326633481108547
unstructured,nonadaptive,52,708,38,0.05367231638418079,0.933,0.0515279453,0.9361330674260837
unstructured,nonadaptive,53,670,39,0.058208955223880594,0.9369000000000001,0.0515279453,0.9394239992342313
unstructured,nonadaptive,54,631,36,0.05705229793977813,0.9405,0.0515279453,0.9425453560881826
unstructured,nonadaptive,55,595,31,0.052100840336134456,0.9436,0.0515279453,0.9455058758369016
unstructured,nonadaptive,56,564,29,0.051418439716312055,0.9465,0.0515279453,0.9483138460859492
unstructured,nonadaptive,57,535,30,0.056074766355140186,0.9495,0.0515279453,0.9509771273975998
unstructured,nonadaptive,58,505,25,0.04950495049504951,0.9520000000000001,0.0515279453,0.9535031752955051
unstructured,nonadaptive,59,480,21,0.04375,0.9541000000000001,0.0515279453,0.955899061135502
unstructured,nonadaptive,60,459,19,0.04139433551198257,0.9560000000000001,0.0515279453,0.9581714919009905
unstructured,nonadaptive,61,440,17,0.038636363636363635,0.9577,0.0515279453,0.9603268289782969
unstructured,nonadaptive,62,423,18,0.0425531914893617,0.9595,0.0515279453,0.9623711059645808
unstructured,nonadaptive,63,405,24,0.05925925925925926,0.9619,0.0515279453,0.9643100455581374
unstructured,nonadaptive,64,381,18,0.047244094488188976,0.9637,0.0515279453,0.9661490755783771
unstructured,nonadaptive,65,363,17,0.046831955922865015,0.9654,0.0515279453,0.9678933441603289
unstructured,nonadaptive,66,346,9,0.02601156069364162,0.9663,0.0515279453,0.9695477341662014
unstructured,nonadaptive,67,337,12,0.03560830860534125,0.9675,0.0515279453,0.9711168768543464
unstructured,nonadaptive,68,325,12,0.036923076923076927,0.9687,0.0515279453,0.9726051648438889
unstructured,nonadaptive,69,313,12,0.038338658146964855,0.9699,0.0515279453,0.9740167644113155
unstructured,nonadaptive,70,301,20,0.0664451827242525,0.9719,0.0515279453,0.9753556271534463
unstructured,nonadaptive,71,281,13,0.046263345195729534,0.9732000000000001,0.0515279453,0.9766255010494362
unstructured,nonadaptive,72,268,14,0.05223880597014925,0.9746,0.0515279453,0.9778299409527759
unstructured,nonadaptive,73,254,8,0.031496062992125984,0.9754,0.0515279453,0.978972318542659
unstructured,nonadaptive,74,246,12,0.04878048780487805,0.9766,0.0515279453,0.9800558317625787
unstructured,nonadaptive,75,234,9,0.038461538461538464,0.9775,0.0515279453,0.9810835137725705
unstructured,nonadaptive,76,225,13,0.057777777777777775,0.9788,0.0515279453,0.9820582414401657
unstructured,nonadaptive,77,212,11,0.05188679245283019,0.9799,0.0515279453,0.9829827433938226
unstructured,nonadaptive,78,201,10,0.04975124378109453,0.9809,0.0515279453,0.9838596076613818
unstructured,nonadaptive,79,191,2,0.010471204188481676,0.9811,0.0515279453,0.9846912889149266
unstructured,nonadaptive,80,189,11,0.0582010582010582,0.9822,0.0515279453,0.9854801153423318
unstructured,nonadaptive,81,178,6,0.033707865168539325,0.9828,0.0515279453,0.9862282951647344
unstructured,nonadaptive,82,172,3,0.01744186046511628,0.9831,0.0515279453,0.9869379228181738
unstructured,nonadaptive,83,169,11,0.0650887573964497,0.9842,0.0515279453,0.9876109848167033
unstructured,nonadaptive,84,158,10,0.06329113924050633,0.9852,0.0515279453,0.9882493653133891
unstructured,nonadaptive,85,148,6,0.04054054054054054,0.9858,0.0515279453,0.988854851374761
unstructured,nonadaptive,86,142,10,0.07042253521126761,0.9868,0.0515279453,0.9894291379834828
unstructured,nonadaptive,87,132,13,0.09848484848484848,0.9881,0.0515279453,0.9899738327832437
unstructured,nonadaptive,88,119,6,0.05042016806722689,0.9887,0.0515279453,0.9904904605791574
unstructured,nonadaptive,89,113,8,0.07079646017699115,0.9895,0.0515279453,0.9909804676062627
unstructured,nonadaptive,90,105,6,0.05714285714285714,0.9901,0.0515279453,0.9914452255780788
unstructured,nonadaptive,91,99,3,0.030303030303030304,0.9904000000000001,0.0515279453,0.9918860355265454
unstructured,nonadaptive,92,96,7,0.07291666666666667,0.9911,0.0515279453,0.9923041314440997
unstructured,nonadaptive,93,89,1,0.011235955056179775,0.9912,0.0515279453,0.9927006837380842
unstructured,nonadaptive,94,88,6,0.06818181818181818,0.9918,0.0515279453,0.9930768025071556
unstructured,nonadaptive,95,82,3,0.036585365853658534,0.9921,0.0515279453,0.9934335406488679
unstructured,nonadaptive,96,79,2,0.02531645569620253,0.9923,0.0515279453,0.9937718968071277
unstructured,nonadaptive,97,77,3,0.03896103896103896,0.9926,0.0515279453,0.9940928181677728
unstructured,nonadaptive,98,74,6,0.08108108108108109,0.9932,0.0515279453,0.9943972031101009
unstructured,nonadaptive,99,68,6,0.08823529411764706,0.9938,0.0515279453,0.9946859037217707
unstructured,nonadaptive,100,62,2,0.03225806451612903,0.994,0.0515279453,0.9949597281841143
unstructured,nonadaptive,101,60,2,0.03333333333333333,0.9942,0.0515279453,0.9952194430345404
unstructured,nonadaptive,102,58,5,0.08620689655172414,0.9947,0.0515279453,0.99546577531236
unstructured,nonadaptive,103,53,3,0.05660377358490566,0.995,0.0515279453,0.9956994145940427
unstructured,nonadaptive,104,50,4,0.08,0.9954,0.0515279453,0.9959210149235989
unstructured,nonadaptive,105,46,1,0.021739130434782608,0.9955,0.0515279453,0.9961311966434951
unstructured,nonadaptive,106,45,2,0.044444444444444446,0.9957,0.0515279453,0.9963305481312256
unstructured,nonadaptive,107,43,4,0.09302325581395349,0.9961,0.0515279453,0.9965196274464008
unstructured,nonadaptive,108,39,2,0.05128205128205128,0.9963,0.0515279453,0.9966989638929663
unstructured,nonadaptive,109,37,1,0.02702702702702703,0.9964,0.0515279453,0.9968690595009229
unstructured,nonadaptive,110,36,2,0.05555555555555555,0.9966,0.0515279453,0.9970303904316968
unstructured,nonadaptive,111,33,0,0.0,0.9966,0.0515279453,0.9971834083110948
unstructured,nonadaptive,112,33,1,0.030303030303030304,0.9967030303030303,0.0515279453,0.9973285414935731
unstructured,nonadaptive,113,32,2,0.0625,0.996909090909091,0.0515279453,0.9974661962613635
unstructured,nonadaptive,114,30,2,0.06666666666666667,0.9971151515151515,0.0515279453,0.9975967579618088
unstructured,nonadaptive,115,28,4,0.14285714285714285,0.9975272727272727,0.0515279453,0.9977205920860954
unstructured,nonadaptive,116,23,0,0.0,0.9975272727272727,0.0515279453,0.9978380452923995
unstructured,nonadaptive,117,23,2,0.08695652173913043,0.9977422924901186,0.0515279453,0.9979494463763138
unstructured,nonadaptive,118,20,0,0.0,0.9977422924901186,0.0515279453,0.9980551071912698
unstructured,nonadaptive,119,18,0,0.0,0.9977422924901186,0.0515279453,0.9981553235215325
unstructured,nonadaptive,120,18,1,0.05555555555555555,0.997867720685112,0.0515279453,0.9982503759102112
unstructured,nonadaptive,121,16,0,0.0,0.997867720685112,0.0515279453,0.9983405304446054
unstructured,nonadaptive,122,14,1,0.07142857142857142,0.9980200263504612,0.0515279453,0.9984260395010827
unstructured,nonadaptive,123,11,0,0.0,0.9980200263504612,0.0515279453,0.9985071424515752
unstructured,nonadaptive,124,9,0,0.0,0.9980200263504612,0.0515279453,0.9985840663336711
unstructured,nonadaptive,125,9,1,0.1111111111111111,0.9982400234226321,0.0515279453,0.9986570264861782
unstructured,nonadaptive,126,7,0,0.0,0.9982400234226321,0.0515279453,0.9987262271519378
unstructured,nonadaptive,127,7,0,0.0,0.9982400234226321,0.0515279453,0.9987918620495774
unstructured,nonadaptive,128,4,0,0.0,0.9982400234226321,0.0515279453,0.9988541149158016
unstructured,nonadaptive,129,4,0,0.0,0.9982400234226321,0.0515279453,0.9989131600197403
unstructured,nonadaptive,130,2,0,0.0,0.9982400234226321,0.0515279453,0.9989691626507929
unstructured,nonadaptive,131,2,0,0.0,0.9982400234226321,0.0515279453,0.999022279581336
unstructured,nonadaptive,132,2,0,0.0,0.9982400234226321,0.0515279453,0.9990726595055877
unstructured,nonadaptive,133,2,0,0.0,0.9982400234226321,0.0515279453,0.9991204434558583
unstructured,nonadaptive,134,2,0,0.0,0.9982400234226321,0.0515279453,0.999165765197353
unstructured,nonadaptive,135,2,0,0.0,0.9982400234226321,0.0515279453,0.9992087516026311
unstructured,nonadaptive,136,2,0,0.0,0.9982400234226321,0.0515279453,0.9992495230067695
unstructured,nonadaptive,137,2,0,0.0,0.9982400234226321,0.0515279453,0.9992881935442256
unstructured,nonadaptive,138,2,0,0.0,0.9982400234226321,0.0515279453,0.9993248714683429
unstructured,nonadaptive,139,1,0,0.0,0.9982400234226321,0.0515279453,0.9993596594543926
unstructured,nonadaptive,140,1,1,1.0,1.0,0.0515279453,0.999392654887
unstructured,binary,1,10000,540,0.054,0.05400000000000005,0.0515279453,0.051527945300000044
unstructured,binary,2,9460,535,0.056553911205074,0.10750000000000004,0.0515279453,0.10040076145316024
unstructured,binary,3,8925,497,0.05568627450980392,0.1572,0.0515279453,0.1467552618089235
unstructured,binary,4,8428,424,0.05030849549121975,0.1996,0.0515279453,0.19072121000594622
unstructured,binary,5,8004,415,0.051849075462268863,0.2411000000000001,0.0515279453,0.23242168322920997
unstructured,binary,6,7589,406,0.05349848464883384,0.2817000000000002,0.0515279453,0.27197341674924136
unstructured,binary,7,7183,429,0.05972434915773354,0.3246000000000001,0.0515279453,0.30948713070793243
unstructured,binary,8,6754,359,0.05315368670417531,0.36050000000000015,0.0515279453,0.3450678400657602
unstructured,binary,9,6395,331,0.05175918686473808,0.39360000000000017,0.0515279453,0.37881514857806253
unstructured,binary,10,6064,304,0.05013192612137203,0.42400000000000015,0.0515279453,0.41082352762332075
unstructured,binary,11,5760,274,0.04756944444444444,0.45140000000000013,0.0515279453,0.4411825806639933
unstructured,binary,12,5486,315,0.05741888443310244,0.4829000000000001,0.0515279453,0.46997729408022626
unstructured,binary,13,5171,249,0.04815316186424289,0.5078,0.0515279453,0.4972882750786184
unstructured,binary,14,4922,243,0.04937017472572125,0.5321,0.0515279453,0.5231919773420359
unstructured,binary,15,4679,238,0.050865569566146615,0.5559000000000001,0.0515279453,0.5477609150521567
unstructured,binary,16,4441,242,0.05449223147939653,0.5801000000000001,0.0515279453,0.5710638658838713
unstructured,binary,17,4199,234,0.05572755417956656,0.6035,0.0515279453,0.5931660635398006
unstructured,binary,18,3965,230,0.058007566204287514,0.6265000000000001,0.0515279453,0.6141293803639054
unstructured,binary,19,3735,200,0.0535475234270415,0.6465000000000001,0.0515279453,0.6340125005453913
unstructured,binary,20,3535,183,0.05176803394625177,0.6648000000000001,0.0515279453,0.6528710843977721
unstructured,binary,21,3352,158,0.04713603818615752,0.6806,0.0515279453,0.6707579241729721
unstructured,binary,22,3194,162,0.050720100187852224,0.6968,0.0515279453,0.6877230918466457
unstructured,binary,23,3032,134,0.044195250659630606,0.7101999999999999,0.0515279453,0.7038140792884249
unstructured,binary,24,2898,141,0.048654244306418216,0.7242999999999999,0.0515279453,0.719075931209481
unstructured,binary,25,2757,146,0.052956111715632935,0.7389,0.0515279453,0.7335513712595723
unstructured,binary,26,2611,129,0.04940635771734968,0.7518,0.0515279453,0.7472809216265691
unstructured,binary,27,2482,131,0.05278001611603546,0.7649,0.0515279453,0.7603030164732617
unstructured,binary,28,2351,125,0.05316886431305827,0.7774,0.0515279453,0.7726541095290025
unstructured,binary,29,2226,114,0.05121293800539083,0.7888,0.0515279453,0.7843687761373719
unstructured,binary,30,2112,105,0.04971590909090909,0.7992999999999999,0.0515279453,0.7954798100455374
unstructured,binary,31,2007,117,0.05829596412556054,0.8109999999999999,0.0515279453,0.8060183152062566
unstructured,binary,32,1890,89,0.04708994708994709,0.8199,0.0515279453,0.8160137928495104
unstructured,binary,33,1801,107,0.05941143808995003,0.8305999999999999,0.0515279453,0.8254942240675154
unstructured,binary,34,1694,100,0.0590318772136954,0.8405999999999999,0.0515279453,0.8344861481442984
unstructured,binary,35,1594,90,0.056461731493099125,0.8495999999999999,0.0515279453,0.8430147368491113
unstructured,binary,36,1504,80,0.05319148936170213,0.8575999999999999,0.0515279453,0.8511038649016565
unstructured,binary,37,1424,71,0.04985955056179775,0.8647,0.0515279453,0.8587761768063853
unstructured,binary,38,1353,60,0.04434589800443459,0.8707,0.0515279453,0.8660531502429628
unstructured,binary,39,1293,72,0.05568445475638051,0.8779,0.0515279453,0.8729551561903507
unstructured,binary,40,1221,74,0.06060606060606061,0.8853,0.0515279453,0.8795015159528213
unstructured,binary,41,1147,58,0.05056669572798605,0.8911,0.0515279453,0.8857105552475373
unstructured,binary,42,1089,55,0.050505050505050504,0.8966,0.0515279453,0.8915996555051096
unstructured,binary,43,1034,52,0.05029013539651837,0.9017999999999999,0.0515279453,0.8971853025267434
unstructured,binary,44,982,45,0.045824847250509164,0.9063,0.0515279453,0.9024831326341815
unstructured,binary,45,937,53,0.05656350053361793,0.9116,0.0515279453,0.9075079764416347
unstructured,binary,46,884,43,0.048642533936651584,0.9158999999999999,0.0515279453,0.9122739003722365
unstructured,binary,47,841,32,0.03804994054696789,0.9191,0.0515279453,0.9167942460352383
unstructured,binary,48,809,45,0.05562422744128554,0.9236,0.0515279453,0.9210816675741798
unstructured,binary,49,764,33,0.04319371727748691,0.9269,0.0515279453,0.9251481670905847
unstructured,binary,50,731,37,0.0506155950752394,0.9306,0.0515279453,0.9290051282423457
unstructured,binary,51,694,44,0.06340057636887608,0.9349999999999999,0.0515279453,0.9326633481108547
unstructured,binary,52,650,31,0.047692307692307694,0.9380999999999999,0.0515279453,0.9361330674260837
unstructured,binary,53,619,19,0.030694668820678513,0.94,0.0515279453,0.9394239992342313
unstructured,binary,54,600,31,0.051666666666666666,0.9430999999999999,0.0515279453,0.9425453560881826
unstructured,binary,55,569,30,0.05272407732864675,0.9460999999999999,0.0515279453,0.9455058758369016
unstructured,binary,56,539,24,0.04452690166975881,0.9485,0.0515279453,0.9483138460859492
unstructured,binary,57,515,20,0.038834951456310676,0.9505,0.0515279453,0.9509771273975998
unstructured,binary,58,495,24,0.048484848484848485,0.9529,0.0515279453,0.9535031752955051
unstructured,binary,59,471,27,0.05732484076433121,0.9556,0.0515279453,0.955899061135502
unstructured,binary,60,444,25,0.05630630630630631,0.9581,0.0515279453,0.9581714919009905
unstructured,binary,61,419,24,0.057279236276849645,0.9604999999999999,0.0515279453,0.9603268289782969
unstructured,binary,62,395,21,0.053164556962025315,0.9626,0.0515279453,0.9623711059645808
unstructured,binary,63,374,18,0.0481283422459893,0.9643999999999999,0.0515279453,0.9643100455581374
unstructured,binary,64,356,26,0.07303370786516854,0.967,0.0515279453,0.9661490755783771
unstructured,binary,65,330,20,0.06060606060606061,0.969,0.0515279453,0.9678933441603289
unstructured,binary,66,310,14,0.04516129032258064,0.9703999999999999,0.0515279453,0.9695477341662014
unstructured,binary,67,296,15,0.05067567567567568,0.9719,0.0515279453,0.9711168768543464
unstructured,binary,68,281,20,0.0711743772241993,0.9739,0.0515279453,0.9726051648438889
unstructured,binary,69,261,17,0.06513409961685823,0.9756,0.0515279453,0.9740167644113155
unstructured,binary,70,244,12,0.04918032786885246,0.9768,0.0515279453,0.9753556271534463
unstructured,binary,71,232,10,0.04310344827586207,0.9778,0.0515279453,0.9766255010494362
unstructured,binary,72,222,16,0.07207207207207207,0.9793999999999999,0.0515279453,0.9778299409527759
unstructured,binary,73,206,10,0.04854368932038835,0.9803999999999999,0.0515279453,0.978972318542659
unstructured,binary,74,196,9,0.04591836734693878,0.9813,0.0515279453,0.9800558317625787
unstructured,binary,75,187,8,0.0427807486631016,0.9821,0.0515279453,0.9810835137725705
unstructured,binary,76,179,9,0.05027932960893855,0.983,0.0515279453,0.9820582414401657
unstructured,binary,77,170,7,0.041176470588235294,0.9837,0.0515279453,0.9829827433938226
unstructured,binary,78,163,9,0.05521472392638037,0.9846,0.0515279453,0.9838596076613818
unstructured,binary,79,154,17,0.11038961038961038,0.9863,0.0515279453,0.9846912889149266
unstructured,binary,80,137,7,0.051094890510948905,0.987,0.0515279453,0.9854801153423318
unstructured,binary,81,130,5,0.038461538461538464,0.9874999999999999,0.0515279453,0.9862282951647344
unstructured,binary,82,125,3,0.024,0.9878,0.0515279453,0.9869379228181738
unstructured,binary,83,122,5,0.040983606557377046,0.9883,0.0515279453,0.9876109848167033
unstructured,binary,84,117,6,0.05128205128205128,0.9889,0.0515279453,0.9882493653133891
unstructured,binary,85,111,7,0.06306306306306306,0.9896,0.0515279453,0.988854851374761
unstructured,binary,86,104,4,0.038461538461538464,0.99,0.0515279453,0.9894291379834828
unstructured,binary,87,100,6,0.06,0.9906,0.0515279453,0.9899738327832437
unstructured,binary,88,94,8,0.0851063829787234,0.9914,0.0515279453,0.9904904605791574
unstructured,binary,89,86,1,0.011627906976744186,0.9915,0.0515279453,0.9909804676062627
unstructured,binary,90,85,1,0.011764705882352941,0.9916,0.0515279453,0.9914452255780788
unstructured,binary,91,84,5,0.05952380952380952,0.9921,0.0515279453,0.9918860355265454
unstructured,binary,92,79,3,0.0379746835443038,0.9924,0.0515279453,0.9923041314440997
unstructured,binary,93,76,6,0.07894736842105263,0.993,0.0515279453,0.9927006837380842
unstructured,binary,94,70,2,0.02857142857142857,0.9932,0.0515279453,0.9930768025071556
unstructured,binary,95,68,5,0.07352941176470588,0.9937,0.0515279453,0.9934335406488679
unstructured,binary,96,63,4,0.06349206349206349,0.9941,0.0515279453,0.9937718968071277
unstructured,binary,97,59,4,0.06779661016949153,0.9944999999999999,0.0515279453,0.9940928181677728
unstructured,binary,98,55,1,0.01818181818181818,0.9946,0.0515279453,0.9943972031101009
unstructured,binary,99,54,1,0.018518518518518517,0.9947,0.0515279453,0.9946859037217707
unstructured,binary,100,53,0,0.0,0.9947,0.0515279453,0.9949597281841143
unstructured,binary,101,53,2,0.03773584905660377,0.9949,0.0515279453,0.9952194430345404
unstructured,binary,102,51,2,0.0392156862745098,0.9951,0.0515279453,0.99546577531236
unstructured,binary,103,49,4,0.08163265306122448,0.9955,0.0515279453,0.9956994145940427
unstructured,binary,104,45,0,0.0,0.9955,0.0515279453,0.9959210149235989
unstructured,binary,105,45,3,0.06666666666666667,0.9958,0.0515279453,0.9961311966434951
unstructured,binary,106,42,1,0.023809523809523808,0.9959,0.0515279453,0.9963305481312256
unstructured,binary,107,41,2,0.04878048780487805,0.9961,0.0515279453,0.9965196274464008
unstructured,binary,108,39,1,0.02564102564102564,0.9962,0.0515279453,0.9966989638929663
unstructured,binary,109,38,5,0.13157894736842105,0.9967,0.0515279453,0.9968690595009229
unstructured,binary,110,33,3,0.09090909090909091,0.997,0.0515279453,0.9970303904316968
unstructured,binary,111,30,3,0.1,0.9973,0.0515279453,0.9971834083110948
unstructured,binary,112,27,1,0.037037037037037035,0.9974,0.0515279453,0.9973285414935731
unstructured,binary,113,26,4,0.15384615384615385,0.9978,0.0515279453,0.9974661962613635
unstructured,binary,114,22,0,0.0,0.9978,0.0515279453,0.9975967579618088
unstructured,binary,115,22,1,0.045454545454545456,0.9979,0.0515279453,0.9977205920860954
unstructured,binary,116,21,1,0.047619047619047616,0.998,0.0515279453,0.9978380452923995
unstructured,binary,117,20,1,0.05,0.9981,0.0515279453,0.9979494463763138
unstructured,binary,118,19,1,0.05263157894736842,0.9982,0.0515279453,0.9980551071912698
unstructured,binary,119,18,0,0.0,0.9982,0.0515279453,0.9981553235215325
unstructured,binary,120,18,0,0.0,0.9982,0.0515279453,0.9982503759102112
unstructured,binary,121,18,0,0.0,0.9982,0.0515279453,0.9983405304446054
unstructured,binary,122,18,1,0.05555555555555555,0.9983,0.0515279453,0.9984260395010827
unstructured,binary,123,17,0,0.0,0.9983,0.0515279453,0.9985071424515752
unstructured,binary,124,17,1,0.058823529411764705,0.9984,0.0515279453,0.9985840663336711
unstructured,binary,125,16,1,0.0625,0.9984999999999999,0.0515279453,0.9986570264861782
unstructured,binary,126,15,0,0.0,0.9984999999999999,0.0515279453,0.9987262271519378
unstructured,binary,127,15,0,0.0,0.9984999999999999,0.0515279453,0.9987918620495774
unstructured,binary,128,15,1,0.06666666666666667,0.9986,0.0515279453,0.9988541149158016
unstructured,binary,129,14,1,0.07142857142857142,0.9987,0.0515279453,0.9989131600197403
unstructured,binary,130,13,0,0.0,0.9987,0.0515279453,0.9989691626507929
unstructured,binary,131,13,2,0.15384615384615385,0.9989,0.0515279453,0.999022279581336
unstructured,binary,132,11,1,0.09090909090909091,0.999,0.0515279453,0.9990726595055877
unstructured,binary,133,10,1,0.1,0.9991,0.0515279453,0.9991204434558583
unstructured,binary,134,9,0,0.0,0.9991,0.0515279453,0.999165765197353
unstructured,binary,135,9,0,0.0,0.9991,0.0515279453,0.9992087516026311
unstructured,binary,136,9,0,0.0,0.9991,0.0515279453,0.9992495230067695
unstructured,binary,137,9,0,0.0,0.9991,0.0515279453,0.9992881935442256
unstructured,binary,138,9,0,0.0,0.9991,0.0515279453,0.9993248714683429
unstructured,binary,139,9,0,0.0,0.9991,0.0515279453,0.9993596594543926
unstructured,binary,140,9,2,0.2222222222222222,0.9993,0.0515279453,0.999392654887
unstructured,binary,141,7,0,0.0,0.9993,0.0515279453,0.999423950132761
unstructured,binary,142,7,0,0.0,0.9993,0.0515279453,0.99945363279881
unstructured,binary,143,7,2,0.2857142857142857,0.9995,0.0515279453,0.9994817859780667
unstructured,binary,144,4,0,0.0,0.9995,0.0515279453,0.9995084884818426
unstructured,binary,145,4,2,0.5,0.99975,0.0515279453,0.9995338150604646
unstructured,binary,146,2,0,0.0,0.99975,0.0515279453,0.9995578366125286
unstructured,binary,147,2,0,0.0,0.99975,0.0515279453,0.9995806203833719
unstructured,binary,148,2,0,0.0,0.99975,0.0515279453,0.9996022301533174
unstructured,binary,149,2,0,0.0,0.99975,0.0515279453,0.9996227264162193
unstructured,binary,150,2,0,0.0,0.99975,0.0515279453,0.9996421665488074
unstructured,binary,151,2,0,0.0,0.99975,0.0515279453,0.999660604971307
unstructured,binary,152,2,0,0.0,0.99975,0.0515279453,0.9996780932997806
unstructured,binary,153,2,0,0.0,0.99975,0.0515279453,0.9996946804906213
unstructured,binary,154,2,0,0.0,0.99975,0.0515279453,0.9997104129775995
unstructured,binary,155,2,0,0.0,0.99975,0.0515279453,0.9997253348018493
unstructured,binary,156,2,0,0.0,0.99975,0.0515279453,0.9997394877351555
unstructured,binary,157,2,0,0.0,0.99975,0.0515279453,0.9997529113968884
unstructured,binary,158,2,0,0.0,0.99975,0.0515279453,0.9997656433649138
unstructured,binary,159,1,0,0.0,0.99975,0.0515279453,0.9997777192807872
unstructured,binary,160,1,0,0.0,0.99975,0.0515279453,0.999789172949528
unstructured,binary,161,1,0,0.0,0.99975,0.0515279453,0.9998000364342525
unstructured,binary,162,1,1,1.0,1.0,0.0515279453,0.9998103401459303
unstructured,score,1,10000,515,0.0515,0.05149999999999999,0.0515279453,0.051527945300000044
unstructured,score,2,9485,508,0.05355824986821297,0.10230000000000006,0.0515279453,0.10040076145316024
unstructured,score,3,8977,456,0.05079647989306004,0.14790000000000003,0.0515279453,0.1467552618089235
unstructured,score,4,8521,411,0.04823377537847671,0.18900000000000006,0.0515279453,0.19072121000594622
unstructured,score,5,8110,378,0.04660912453760789,0.2268000000000001,0.0515279453,0.23242168322920997
unstructured,score,6,7732,431,0.05574236937403001,0.26990000000000014,0.0515279453,0.27197341674924136
unstructured,score,7,7301,371,0.05081495685522531,0.30700000000000016,0.0515279453,0.30948713070793243
unstructured,score,8,6930,322,0.046464646464646465,0.33920000000000017,0.0515279453,0.3450678400657602
unstructured,score,9,6608,339,0.05130145278450363,0.3731000000000001,0.0515279453,0.37881514857806253
unstructured,score,10,6269,322,0.051363853884192054,0.4053000000000001,0.0515279453,0.41082352762332075
unstructured,score,11,5947,279,0.046914410627207,0.43320000000000014,0.0515279453,0.4411825806639933
unstructured,score,12,5668,257,0.04534227240649259,0.4589000000000001,0.0515279453,0.46997729408022626
unstructured,score,13,5411,254,0.04694141563481796,0.48430000000000006,0.0515279453,0.4972882750786184
unstructured,score,14,5157,209,0.040527438433197595,0.5052000000000001,0.0515279453,0.5231919773420359
unstructured,score,15,4948,240,0.04850444624090541,0.5292000000000001,0.0515279453,0.5477609150521567
unstructured,score,16,4708,223,0.04736618521665251,0.5515000000000001,0.0515279453,0.5710638658838713
unstructured,score,17,4485,220,0.04905239687848383,0.5735000000000001,0.0515279453,0.5931660635398006
unstructured,score,18,4265,209,0.04900351699882767,0.5944,0.0515279453,0.6141293803639054
unstructured,score,19,4056,190,0.04684418145956608,0.6134000000000001,0.0515279453,0.6340125005453913
unstructured,score,20,3866,181,0.046818416968442834,0.6315000000000001,0.0515279453,0.6528710843977721
unstructured,score,21,3685,172,0.04667571234735414,0.6487,0.0515279453,0.6707579241729721
unstructured,score,22,3513,153,0.04355251921434671,0.664,0.0515279453,0.6877230918466457
unstructured,score,23,3360,151,0.04494047619047619,0.6791,0.0515279453,0.7038140792884249
unstructured,score,24,3209,128,0.039887815518853224,0.6919,0.0515279453,0.719075931209481
unstructured,score,25,3081,127,0.041220382992534894,0.7046,0.0515279453,0.7335513712595723
unstructured,score,26,2954,126,0.04265402843601896,0.7172000000000001,0.0515279453,0.7472809216265691
unstructured,score,27,2828,122,0.04314002828854314,0.7294,0.0515279453,0.7603030164732617
unstructured,score,28,2706,119,0.043976348854397634,0.7413,0.0515279453,0.7726541095290025
unstructured,score,29,2587,123,0.047545419404715884,0.7535999999999999,0.0515279453,0.7843687761373719
unstructured,score,30,2464,103,0.04180194805194805,0.7639,0.0515279453,0.7954798100455374
unstructured,score,31,2361,100,0.042354934349851756,0.7738999999999999,0.0515279453,0.8060183152062566
unstructured,score,32,2261,88,0.038920831490490936,0.7827,0.0515279453,0.8160137928495104
unstructured,score,33,2173,102,0.04693971468016567,0.7928999999999999,0.0515279453,0.8254942240675154
unstructured,score,34,2071,75,0.036214389183969097,0.8004,0.0515279453,0.8344861481442984
unstructured,score,35,1996,79,0.039579158316633264,0.8083,0.0515279453,0.8430147368491113
unstructured,score,36,1917,69,0.03599374021909233,0.8151999999999999,0.0515279453,0.8511038649016565
unstructured,score,37,1848,83,0.04491341991341991,0.8234999999999999,0.0515279453,0.8587761768063853
unstructured,score,38,1765,71,0.040226628895184136,0.8306,0.0515279453,0.8660531502429628
unstructured,score,39,1694,79,0.046635182998819365,0.8385,0.0515279453,0.8729551561903507
unstructured,score,40,1615,52,0.03219814241486068,0.8436999999999999,0.0515279453,0.8795015159528213
unstructured,score,41,1563,74,0.04734484964811261,0.8511,0.0515279453,0.8857105552475373
unstructured,score,42,1489,56,0.03760913364674278,0.8566999999999999,0.0515279453,0.8915996555051096
unstructured,score,43,1433,51,0.03558967201674808,0.8617999999999999,0.0515279453,0.8971853025267434
unstructured,score,44,1382,37,0.026772793053545588,0.8654999999999999,0.0515279453,0.9024831326341815
unstructured,score,45,1345,48,0.035687732342007436,0.8703,0.0515279453,0.9075079764416347
unstructured,score,46,1297,43,0.03315343099460293,0.8745999999999999,0.0515279453,0.9122739003722365
unstructured,score,47,1254,47,0.037480063795853266,0.8793,0.0515279453,0.9167942460352383
unstructured,score,48,1207,35,0.02899751449875725,0.8827999999999999,0.0515279453,0.9210816675741798
unstructured,score,49,1172,41,0.03498293515358362,0.8868999999999999,0.0515279453,0.9251481670905847
unstructured,score,50,1131,42,0.03713527851458886,0.8911,0.0515279453,0.9290051282423457
unstructured,score,51,1089,36,0.03305785123966942,0.8946999999999999,0.0515279453,0.9326633481108547
unstructured,score,52,1053,34,0.032288698955365625,0.8981,0.0515279453,0.9361330674260837
unstructured,score,53,1019,41,0.040235525024533855,0.9022,0.0515279453,0.9394239992342313
unstructured,score,54,978,33,0.03374233128834356,0.9055,0.0515279453,0.9425453560881826
unstructured,score,55,945,28,0.02962962962962963,0.9083,0.0515279453,0.9455058758369016
unstructured,score,56,917,35,0.03816793893129771,0.9117999999999999,0.0515279453,0.9483138460859492
unstructured,score,57,882,29,0.032879818594104306,0.9147,0.0515279453,0.9509771273975998
unstructured,score,58,853,23,0.026963657678780773,0.917,0.0515279453,0.9535031752955051
unstructured,score,59,830,23,0.027710843373493974,0.9193,0.0515279453,0.955899061135502
unstructured,score,60,807,22,0.027261462205700124,0.9215,0.0515279453,0.9581714919009905
unstructured,score,61,785,22,0.02802547770700637,0.9237,0.0515279453,0.9603268289782969
unstructured,score,62,763,19,0.02490170380078637,0.9256,0.0515279453,0.9623711059645808
unstructured,score,63,744,24,0.03225806451612903,0.9279999999999999,0.0515279453,0.9643100455581374
unstructured,score,64,720,23,0.03194444444444444,0.9303,0.0515279453,0.9661490755783771
unstructured,score,65,697,22,0.03156384505021521,0.9325,0.0515279453,0.9678933441603289
unstructured,score,66,675,10,0.014814814814814815,0.9335,0.0515279453,0.9695477341662014
unstructured,score,67,665,18,0.02706766917293233,0.9353,0.0515279453,0.9711168768543464
unstructured,score,68,647,17,0.02627511591962906,0.9369999999999999,0.0515279453,0.9726051648438889
unstructured,score,69,630,24,0.0380952380952381,0.9394,0.0515279453,0.9740167644113155
unstructured,score,70,606,14,0.0231023102310231,0.9408,0.0515279453,0.9753556271534463
unstructured,score,71,592,29,0.048986486486486486,0.9437,0.0515279453,0.9766255010494362
unstructured,score,72,563,20,0.035523978685612786,0.9457,0.0515279453,0.9778299409527759
unstructured,score,73,543,16,0.029465930018416207,0.9473,0.0515279453,0.978972318542659
unstructured,score,74,527,22,0.04174573055028463,0.9495,0.0515279453,0.9800558317625787
unstructured,score,75,505,8,0.015841584158415842,0.9503,0.0515279453,0.9810835137725705
unstructured,score,76,497,7,0.014084507042253521,0.951,0.0515279453,0.9820582414401657
unstructured,score,77,490,15,0.030612244897959183,0.9525,0.0515279453,0.9829827433938226
unstructured,score,78,475,16,0.03368421052631579,0.9541,0.0515279453,0.9838596076613818
unstructured,score,79,459,7,0.015250544662309368,0.9548,0.0515279453,0.9846912889149266
unstructured,score,80,452,6,0.01327433628318584,0.9554,0.0515279453,0.9854801153423318
unstructured,score,81,446,7,0.01569506726457399,0.9561,0.0515279453,0.9862282951647344
unstructured,score,82,439,15,0.03416856492027335,0.9576,0.0515279453,0.9869379228181738
unstructured,score,83,424,12,0.02830188679245283,0.9588,0.0515279453,0.9876109848167033
unstructured,score,84,412,13,0.03155339805825243,0.9601,0.0515279453,0.9882493653133891
unstructured,score,85,399,17,0.042606516290726815,0.9618,0.0515279453,0.988854851374761
unstructured,score,86,382,8,0.020942408376963352,0.9626,0.0515279453,0.9894291379834828
unstructured,score,87,374,10,0.026737967914438502,0.9636,0.0515279453,0.9899738327832437
unstructured,score,88,364,7,0.019230769230769232,0.9642999999999999,0.0515279453,0.9904904605791574
unstructured,score,89,357,6,0.01680672268907563,0.9649,0.0515279453,0.9909804676062627
unstructured,score,90,351,8,0.022792022792022793,0.9657,0.0515279453,0.9914452255780788
unstructured,score,91,343,5,0.014577259475218658,0.9662,0.0515279453,0.9918860355265454
unstructured,score,92,338,16,0.047337278106508875,0.9678,0.0515279453,0.9923041314440997
unstructured,score,93,322,11,0.034161490683229816,0.9689,0.0515279453,0.9927006837380842
unstructured,score,94,311,8,0.02572347266881029,0.9697,0.0515279453,0.9930768025071556
unstructured,score,95,303,11,0.036303630363036306,0.9708,0.0515279453,0.9934335406488679
unstructured,score,96,292,11,0.03767123287671233,0.9719,0.0515279453,0.9937718968071277
unstructured,score,97,281,5,0.017793594306049824,0.9724,0.0515279453,0.9940928181677728
unstructured,score,98,276,2,0.007246376811594203,0.9726,0.0515279453,0.9943972031101009
unstructured,score,99,274,11,0.040145985401459854,0.9737,0.0515279453,0.9946859037217707
unstructured,score,100,263,10,0.03802281368821293,0.9747,0.0515279453,0.9949597281841143
unstructured,score,101,253,9,0.03557312252964427,0.9756,0.0515279453,0.9952194430345404
unstructured,score,102,244,5,0.020491803278688523,0.9761,0.0515279453,0.99546577531236
unstructured,score,103,239,2,0.008368200836820083,0.9763,0.0515279453,0.9956994145940427
unstructured,score,104,237,6,0.02531645569620253,0.9769,0.0515279453,0.9959210149235989
unstructured,score,105,231,10,0.04329004329004329,0.9779,0.0515279453,0.9961311966434951
unstructured,score,106,221,4,0.01809954751131222,0.9783,0.0515279453,0.9963305481312256
unstructured,score,107,217,7,0.03225806451612903,0.979,0.0515279453,0.9965196274464008
unstructured,score,108,210,4,0.01904761904761905,0.9794,0.0515279453,0.9966989638929663
unstructured,score,109,206,5,0.024271844660194174,0.9799,0.0515279453,0.9968690595009229
unstructured,score,110,201,5,0.024875621890547265,0.9804,0.0515279453,0.9970303904316968
unstructured,score,111,196,1,0.00510204081632653,0.9805,0.0515279453,0.9971834083110948
unstructured,score,112,195,1,0.005128205128205128,0.9806,0.0515279453,0.9973285414935731
unstructured,score,113,194,2,0.010309278350515464,0.9808,0.0515279453,0.9974661962613635
unstructured,score,114,192,2,0.010416666666666666,0.981,0.0515279453,0.9975967579618088
unstructured,score,115,190,7,0.03684210526315789,0.9817,0.0515279453,0.9977205920860954
unstructured,score,116,183,6,0.03278688524590164,0.9823,0.0515279453,0.9978380452923995
unstructured,score,117,177,2,0.011299435028248588,0.9825,0.0515279453,0.9979494463763138
unstructured,score,118,175,6,0.03428571428571429,0.9831,0.0515279453,0.9980551071912698
unstructured,score,119,169,1,0.005917159763313609,0.9832,0.0515279453,0.9981553235215325
unstructured,score,120,168,2,0.011904761904761904,0.9834,0.0515279453,0.9982503759102112
unstructured,score,121,166,3,0.018072289156626505,0.9837,0.0515279453,0.9983405304446054
unstructured,score,122,163,4,0.024539877300613498,0.9841,0.0515279453,0.9984260395010827
unstructured,score,123,159,5,0.031446540880503145,0.9846,0.0515279453,0.9985071424515752
unstructured,score,124,154,1,0.006493506493506494,0.9847,0.0515279453,0.9985840663336711
unstructured,score,125,153,2,0.013071895424836602,0.9849,0.0515279453,0.9986570264861782
unstructured,score,126,151,5,0.033112582781456956,0.9853999999999999,0.0515279453,0.9987262271519378
unstructured,score,127,146,5,0.03424657534246575,0.9859,0.0515279453,0.9987918620495774
unstructured,score,128,141,2,0.014184397163120567,0.9861,0.0515279453,0.9988541149158016
unstructured,score,129,139,5,0.03597122302158273,0.9866,0.0515279453,0.9989131600197403
unstructured,score,130,134,4,0.029850746268656716,0.987,0.0515279453,0.9989691626507929
unstructured,score,131,130,3,0.023076923076923078,0.9873,0.0515279453,0.999022279581336
unstructured,score,132,127,3,0.023622047244094488,0.9876,0.0515279453,0.9990726595055877
unstructured,score,133,124,4,0.03225806451612903,0.988,0.0515279453,0.9991204434558583
unstructured,score,134,120,1,0.008333333333333333,0.9881,0.0515279453,0.999165765197353
unstructured,score,135,119,0,0.0,0.9881,0.0515279453,0.9992087516026311
unstructured,score,136,119,1,0.008403361344537815,0.9882,0.0515279453,0.9992495230067695
unstructured,score,137,118,3,0.025423728813559324,0.9885,0.0515279453,0.9992881935442256
unstructured,score,138,115,2,0.017391304347826087,0.9887,0.0515279453,0.9993248714683429
unstructured,score,139,113,2,0.017699115044247787,0.9889,0.0515279453,0.9993596594543926
unstructured,score,140,111,1,0.009009009009009009,0.989,0.0515279453,0.999392654887
unstructured,score,141,110,2,0.01818181818181818,0.9892,0.0515279453,0.999423950132761
unstructured,score,142,108,3,0.027777777777777776,0.9895,0.0515279453,0.99945363279881
unstructured,score,143,105,2,0.01904761904761905,0.9897,0.0515279453,0.9994817859780667
unstructured,score,144,103,3,0.02912621359223301,0.99,0.0515279453,0.9995084884818426
unstructured,score,145,97,3,0.030927835051546393,0.9903092783505154,0.0515279453,0.9995338150604646
unstructured,score,146,93,1,0.010752688172043012,0.9904134796585744,0.0515279453,0.9995578366125286
unstructured,score,147,91,2,0.02197802197802198,0.990624172413331,0.0515279453,0.9995806203833719
unstructured,score,148,89,2,0.02247191011235955,0.9908348651680876,0.0515279453,0.9996022301533174
unstructured,score,149,85,1,0.011764705882352941,0.9909426902837573,0.0515279453,0.9996227264162193
unstructured,score,150,82,0,0.0,0.9909426902837573,0.0515279453,0.9996421665488074
unstructured,score,151,80,0,0.0,0.9909426902837573,0.0515279453,0.999660604971307
unstructured,score,152,79,2,0.02531645569620253,0.9911719892639153,0.0515279453,0.9996780932997806
unstructured,score,153,76,1,0.013157894736842105,0.9912881472999163,0.0515279453,0.9996946804906213
unstructured,score,154,73,1,0.0136986301369863,0.9914074877478627,0.0515279453,0.9997104129775995
unstructured,score,155,69,4,0.057971014492753624,0.9919056044001605,0.0515279453,0.9997253348018493
unstructured,score,156,65,1,0.015384615384615385,0.992030133563235,0.0515279453,0.9997394877351555
unstructured,score,157,60,1,0.016666666666666666,0.9921629646705143,0.0515279453,0.9997529113968884
unstructured,score,158,57,3,0.05263157894736842,0.9925754402141715,0.0515279453,0.9997656433649138
unstructured,score,159,52,0,0.0,0.9925754402141715,0.0515279453,0.9997777192807872
unstructured,score,160,50,1,0.02,0.9927239314098881,0.0515279453,0.999789172949528
unstructured,score,161,48,3,0.0625,0.9931786856967701,0.0515279453,0.9998000364342525
unstructured,score,162,44,0,0.0,0.9931786856967701,0.0515279453,0.9998103401459303
unstructured,score,163,44,1,0.022727272727272728,0.9933337155672981,0.0515279453,0.9998201129285165
unstructured,score,164,43,0,0.0,0.9933337155672981,0.0515279453,0.999829382139696
unstructured,score,165,43,0,0.0,0.9933337155672981,0.0515279453,0.999838173727469
unstructured,score,166,41,2,0.04878048780487805,0.9936589001737713,0.0515279453,0.9998465123027881
unstructured,score,167,39,1,0.02564102564102564,0.9938214924770079,0.0515279453,0.9998544212084542
unstructured,score,168,37,1,0.02702702702702703,0.9939884791668185,0.0515279453,0.9998619225844618
unstructured,score,169,36,0,0.0,0.9939884791668185,0.0515279453,0.9998690374299768
unstructured,score,170,35,2,0.05714285714285714,0.9943319946430004,0.0515279453,0.9998757856621213
unstructured,score,171,31,1,0.03225806451612903,0.9945148335254842,0.0515279453,0.999882186171729
unstructured,score,172,30,0,0.0,0.9945148335254842,0.0515279453,0.9998882568762277
unstructured,score,173,30,0,0.0,0.9945148335254842,0.0515279453,0.9998940147697971
unstructured,score,174,29,0,0.0,0.9945148335254842,0.0515279453,0.9998994759709416
unstructured,score,175,29,0,0.0,0.9945148335254842,0.0515279453,0.9999046557676123
unstructured,score,176,27,0,0.0,0.9945148335254842,0.0515279453,0.9999095686600035
unstructured,score,177,26,0,0.0,0.9945148335254842,0.0515279453,0.9999142284011442
unstructured,score,178,23,3,0.13043478260869565,0.9952302900221601,0.0515279453,0.9999186480353983
unstructured,score,179,19,0,0.0,0.9952302900221601,0.0515279453,0.9999228399349803
unstructured,score,180,17,0,0.0,0.9952302900221601,0.0515279453,0.9999268158345901
unstructured,score,181,17,0,0.0,0.9952302900221601,0.0515279453,0.9999305868642621
unstructured,score,182,15,0,0.0,0.9952302900221601,0.0515279453,0.9999341635805236
unstructured,score,183,13,0,0.0,0.9952302900221601,0.0515279453,0.999937555995945
unstructured,score,184,10,0,0.0,0.9952302900221601,0.0515279453,0.9999407736071703
unstructured,score,185,8,0,0.0,0.9952302900221601,0.0515279453,0.9999438254215004
unstructured,score,186,7,0,0.0,0.9952302900221601,0.0515279453,0.9999467199821085
unstructured,score,187,6,1,0.16666666666666666,0.9960252416851335,0.0515279453,0.9999494653919561
unstructured,score,188,4,1,0.25,0.9970189312638501,0.0515279453,0.9999520693364751
unstructured,score,189,3,0,0.0,0.9970189312638501,0.0515279453,0.9999545391050834
unstructured,score,190,2,0,0.0,0.9970189312638501,0.0515279453,0.9999568816115899
unstructured,score,191,2,0,0.0,0.9970189312638501,0.0515279453,0.9999591034135493
unstructured,score,192,1,0,0.0,0.9970189312638501,0.0515279453,0.9999612107306189
unstructured,score,193,1,0,0.0,0.9970189312638501,0.0515279453,0.9999632094619698
unstructured,score,194,1,0,0.0,0.9970189312638501,0.0515279453,0.999965105202801
unstructured,score,195,1,0,0.0,0.9970189312638501,0.0515279453,0.9999669032600024
unstructured,score,196,1,0,0.0,0.9970189312638501,0.0515279453,0.9999686086670105
